XL,A,C,G,S,U,P,loss,nt,label,mass,round_4digits,1+,round_1+,simp_label
S',0,0,0,0,0,0,_H2S,0.5,S'-H2S,94.016713,94.0167,95.024538,95.0245,X'
S,0,0,0,0,0,0,_H2S,1.0,S-H2S,226.058973,226.059,227.066798,227.0668,X
S,0,0,0,0,0,1,_H2S_H2O,1.0,S+P-H2S-H2O,288.014741,288.0147,289.02256600000004,289.0226,X+P
S,0,0,0,0,0,1,_H2S,1.0,S+P-H2S,306.025306,306.0253,307.033131,307.0331,X+P
S,0,0,0,0,0,2,_H2S_H2O,1.0,S+2P-H2S-H2O,367.981074,367.9811,368.988899,368.9889,X+2P
S,0,0,0,0,0,2,_H2S,1.0,S+2P-H2S,385.991639,385.9916,386.9994640000001,386.9995,X+2P
S,0,1,0,0,0,1,_H2S_H2O,2.0,SC+P-H2S-H2O,513.089698,513.0897,514.097523,514.0975,XC+P
S,0,0,0,0,1,1,_H2S_H2O,2.0,SU+P-H2S-H2O,514.073714,514.0737,515.081539,515.0815,XU+P
S,0,0,0,1,0,1,_H2S_H2O,2.0,SS+P-H2S-H2O,530.050871,530.0509,531.058696,531.0587,XS+P
S,0,1,0,0,0,1,_H2S,2.0,SC+P-H2S,531.100263,531.1003,532.1080880000001,532.1081,XC+P
S,0,0,0,0,1,1,_H2S,2.0,SU+P-H2S,532.084279,532.0843,533.0921040000001,533.0921,XU+P
S,1,0,0,0,0,1,_H2S_H2O,2.0,SA+P-H2S-H2O,537.100931,537.1009,538.108756,538.1088,XA+P
S,0,0,0,1,0,1,_H2S,2.0,SS+P-H2S,548.061436,548.0614,549.069261,549.0693,XS+P
S,0,0,1,0,0,1,_H2S_H2O,2.0,SG+P-H2S-H2O,553.095846,553.0958,554.1036710000001,554.1037,XG+P
S,1,0,0,0,0,1,_H2S,2.0,SA+P-H2S,555.111496,555.1115,556.119321,556.1193,XA+P
S,0,0,1,0,0,1,_H2S,2.0,SG+P-H2S,571.106411,571.1064,572.114236,572.1142,XG+P
S,0,1,0,0,0,2,_H2S_H2O,2.0,SC+2P-H2S-H2O,593.056031,593.056,594.063856,594.0639,XC+2P
S,0,0,0,0,1,2,_H2S_H2O,2.0,SU+2P-H2S-H2O,594.040047,594.04,595.047872,595.0479,XU+2P
S,0,0,0,1,0,2,_H2S_H2O,2.0,SS+2P-H2S-H2O,610.017204,610.0172,611.025029,611.025,XS+2P
S,0,1,0,0,0,2,_H2S,2.0,SC+2P-H2S,611.066596,611.0666,612.074421,612.0744,XC+2P
S,0,0,0,0,1,2,_H2S,2.0,SU+2P-H2S,612.050612,612.0506,613.058437,613.0584,XU+2P
S,1,0,0,0,0,2,_H2S_H2O,2.0,SA+2P-H2S-H2O,617.067264,617.0673,618.075089,618.0751,XA+2P
S,0,0,0,1,0,2,_H2S,2.0,SS+2P-H2S,628.027769,628.0278,629.0355940000001,629.0356,XS+2P
S,0,0,1,0,0,2,_H2S_H2O,2.0,SG+2P-H2S-H2O,633.062179,633.0622,634.070004,634.07,XG+2P
S,1,0,0,0,0,2,_H2S,2.0,SA+2P-H2S,635.077829,635.0778,636.085654,636.0857,XA+2P
S,0,0,1,0,0,2,_H2S,2.0,SG+2P-H2S,651.072744,651.0727,652.080569,652.0806,XG+2P
S,0,1,0,0,0,3,_H2S_H2O,2.0,SC+3P-H2S-H2O,673.022364,673.0224,674.0301890000001,674.0302,XC+3P
S,0,0,0,0,1,3,_H2S_H2O,2.0,SU+3P-H2S-H2O,674.00638,674.0064,675.0142050000001,675.0142,XU+3P
S,0,0,0,1,0,3,_H2S_H2O,2.0,SS+3P-H2S-H2O,689.983537,689.9835,690.991362,690.9914,XS+3P
S,0,1,0,0,0,3,_H2S,2.0,SC+3P-H2S,691.032929,691.0329,692.040754,692.0408,XC+3P
S,0,0,0,0,1,3,_H2S,2.0,SU+3P-H2S,692.016945,692.0169,693.02477,693.0248,XU+3P
S,1,0,0,0,0,3,_H2S_H2O,2.0,SA+3P-H2S-H2O,697.033597,697.0336,698.041422,698.0414,XA+3P
S,0,0,0,1,0,3,_H2S,2.0,SS+3P-H2S,707.994102,707.9941,709.001927,709.0019,XS+3P
S,0,0,1,0,0,3,_H2S_H2O,2.0,SG+3P-H2S-H2O,713.028512,713.0285,714.036337,714.0363,XG+3P
S,1,0,0,0,0,3,_H2S,2.0,SA+3P-H2S,715.044162,715.0442,716.051987,716.052,XA+3P
S,0,0,1,0,0,3,_H2S,2.0,SG+3P-H2S,731.039077,731.0391,732.046902,732.0469,XG+3P
S,0,2,0,0,0,2,_H2S_H2O,3.0,SCC+2P-H2S-H2O,818.130988,818.131,819.138813,819.1388,XCC+2P
S,0,1,0,0,1,2,_H2S_H2O,3.0,SCU+2P-H2S-H2O,819.115004,819.115,820.122829,820.1228,XCU+2P
S,0,0,0,0,2,2,_H2S_H2O,3.0,SUU+2P-H2S-H2O,820.09902,820.099,821.106845,821.1068,XUU+2P
S,0,1,0,1,0,2,_H2S_H2O,3.0,SCS+2P-H2S-H2O,835.092161,835.0922,836.0999860000001,836.1,XCS+2P
S,0,0,0,1,1,2,_H2S_H2O,3.0,SSU+2P-H2S-H2O,836.076177,836.0762,837.084002,837.084,XSU+2P
S,0,2,0,0,0,2,_H2S,3.0,SCC+2P-H2S,836.141553,836.1416,837.1493780000001,837.1494,XCC+2P
S,0,1,0,0,1,2,_H2S,3.0,SCU+2P-H2S,837.125569,837.1256,838.1333940000001,838.1334,XCU+2P
S,0,0,0,0,2,2,_H2S,3.0,SUU+2P-H2S,838.109585,838.1096,839.1174100000001,839.1174,XUU+2P
S,1,1,0,0,0,2,_H2S_H2O,3.0,SAC+2P-H2S-H2O,842.142221,842.1422,843.150046,843.15,XAC+2P
S,1,0,0,0,1,2,_H2S_H2O,3.0,SAU+2P-H2S-H2O,843.126237,843.1262,844.134062,844.1341,XAU+2P
S,0,0,0,2,0,2,_H2S_H2O,3.0,SSS+2P-H2S-H2O,852.053334,852.0533,853.061159,853.0612,XSS+2P
S,0,1,0,1,0,2,_H2S,3.0,SCS+2P-H2S,853.102726,853.1027,854.110551,854.1106,XCS+2P
S,0,0,0,1,1,2,_H2S,3.0,SSU+2P-H2S,854.086742,854.0867,855.094567,855.0946,XSU+2P
S,0,1,1,0,0,2,_H2S_H2O,3.0,SCG+2P-H2S-H2O,858.137136,858.1371,859.1449610000001,859.145,XCG+2P
S,1,0,0,1,0,2,_H2S_H2O,3.0,SAS+2P-H2S-H2O,859.103394,859.1034,860.111219,860.1112,XAS+2P
S,0,0,1,0,1,2,_H2S_H2O,3.0,SGU+2P-H2S-H2O,859.121152,859.1212,860.1289770000001,860.129,XGU+2P
S,1,1,0,0,0,2,_H2S,3.0,SAC+2P-H2S,860.152786,860.1528,861.160611,861.1606,XAC+2P
S,1,0,0,0,1,2,_H2S,3.0,SAU+2P-H2S,861.136802,861.1368,862.144627,862.1446,XAU+2P
S,2,0,0,0,0,2,_H2S_H2O,3.0,SAA+2P-H2S-H2O,866.153454,866.1535,867.161279,867.1613,XAA+2P
S,0,0,0,2,0,2,_H2S,3.0,SSS+2P-H2S,870.063899,870.0639,871.071724,871.0717,XSS+2P
S,0,0,1,1,0,2,_H2S_H2O,3.0,SGS+2P-H2S-H2O,875.098309,875.0983,876.106134,876.1061,XGS+2P
S,0,1,1,0,0,2,_H2S,3.0,SCG+2P-H2S,876.147701,876.1477,877.155526,877.1555,XCG+2P
S,1,0,0,1,0,2,_H2S,3.0,SAS+2P-H2S,877.113959,877.114,878.121784,878.1218,XAS+2P
S,0,0,1,0,1,2,_H2S,3.0,SGU+2P-H2S,877.131717,877.1317,878.139542,878.1395,XGU+2P
S,1,0,1,0,0,2,_H2S_H2O,3.0,SAG+2P-H2S-H2O,882.148369,882.1484,883.156194,883.1562,XAG+2P
S,2,0,0,0,0,2,_H2S,3.0,SAA+2P-H2S,884.164019,884.164,885.1718440000001,885.1718,XAA+2P
S,0,0,1,1,0,2,_H2S,3.0,SGS+2P-H2S,893.108874,893.1089,894.116699,894.1167,XGS+2P
S,0,2,0,0,0,3,_H2S_H2O,3.0,SCC+3P-H2S-H2O,898.097321,898.0973,899.105146,899.1051,XCC+3P
S,0,0,2,0,0,2,_H2S_H2O,3.0,SGG+2P-H2S-H2O,898.143284,898.1433,899.151109,899.1511,XGG+2P
S,0,1,0,0,1,3,_H2S_H2O,3.0,SCU+3P-H2S-H2O,899.081337,899.0813,900.089162,900.0892,XCU+3P
S,0,0,0,0,2,3,_H2S_H2O,3.0,SUU+3P-H2S-H2O,900.065353,900.0654,901.073178,901.0732,XUU+3P
S,1,0,1,0,0,2,_H2S,3.0,SAG+2P-H2S,900.158934,900.1589,901.166759,901.1668,XAG+2P
S,0,1,0,1,0,3,_H2S_H2O,3.0,SCS+3P-H2S-H2O,915.058494,915.0585,916.066319,916.0663,XCS+3P
S,0,0,0,1,1,3,_H2S_H2O,3.0,SSU+3P-H2S-H2O,916.04251,916.0425,917.050335,917.0503,XSU+3P
S,0,2,0,0,0,3,_H2S,3.0,SCC+3P-H2S,916.107886,916.1079,917.115711,917.1157,XCC+3P
S,0,0,2,0,0,2,_H2S,3.0,SGG+2P-H2S,916.153849,916.1538,917.161674,917.1617,XGG+2P
S,0,1,0,0,1,3,_H2S,3.0,SCU+3P-H2S,917.091902,917.0919,918.099727,918.0997,XCU+3P
S,0,0,0,0,2,3,_H2S,3.0,SUU+3P-H2S,918.075918,918.0759,919.083743,919.0837,XUU+3P
S,1,1,0,0,0,3,_H2S_H2O,3.0,SAC+3P-H2S-H2O,922.108554,922.1086,923.116379,923.1164,XAC+3P
S,1,0,0,0,1,3,_H2S_H2O,3.0,SAU+3P-H2S-H2O,923.09257,923.0926,924.100395,924.1004,XAU+3P
S,0,0,0,2,0,3,_H2S_H2O,3.0,SSS+3P-H2S-H2O,932.019667,932.0197,933.027492,933.0275,XSS+3P
S,0,1,0,1,0,3,_H2S,3.0,SCS+3P-H2S,933.069059,933.0691,934.076884,934.0769,XCS+3P
S,0,0,0,1,1,3,_H2S,3.0,SSU+3P-H2S,934.053075,934.0531,935.0609,935.0609,XSU+3P
S,0,1,1,0,0,3,_H2S_H2O,3.0,SCG+3P-H2S-H2O,938.103469,938.1035,939.111294,939.1113,XCG+3P
S,1,0,0,1,0,3,_H2S_H2O,3.0,SAS+3P-H2S-H2O,939.069727,939.0697,940.077552,940.0776,XAS+3P
S,0,0,1,0,1,3,_H2S_H2O,3.0,SGU+3P-H2S-H2O,939.087485,939.0875,940.09531,940.0953,XGU+3P
S,1,1,0,0,0,3,_H2S,3.0,SAC+3P-H2S,940.119119,940.1191,941.126944,941.1269,XAC+3P
S,1,0,0,0,1,3,_H2S,3.0,SAU+3P-H2S,941.103135,941.1031,942.11096,942.111,XAU+3P
S,2,0,0,0,0,3,_H2S_H2O,3.0,SAA+3P-H2S-H2O,946.119787,946.1198,947.127612,947.1276,XAA+3P
S,0,0,0,2,0,3,_H2S,3.0,SSS+3P-H2S,950.030232,950.0302,951.038057,951.0381,XSS+3P
S,0,0,1,1,0,3,_H2S_H2O,3.0,SGS+3P-H2S-H2O,955.064642,955.0646,956.072467,956.0725,XGS+3P
S,0,1,1,0,0,3,_H2S,3.0,SCG+3P-H2S,956.114034,956.114,957.121859,957.1219,XCG+3P
S,1,0,0,1,0,3,_H2S,3.0,SAS+3P-H2S,957.080292,957.0803,958.088117,958.0881,XAS+3P
S,0,0,1,0,1,3,_H2S,3.0,SGU+3P-H2S,957.09805,957.0981,958.105875,958.1059,XGU+3P
S,1,0,1,0,0,3,_H2S_H2O,3.0,SAG+3P-H2S-H2O,962.114702,962.1147,963.122527,963.1225,XAG+3P
S,2,0,0,0,0,3,_H2S,3.0,SAA+3P-H2S,964.130352,964.1304,965.138177,965.1382,XAA+3P
S,0,0,1,1,0,3,_H2S,3.0,SGS+3P-H2S,973.075207,973.0752,974.083032,974.083,XGS+3P
S,0,2,0,0,0,4,_H2S_H2O,3.0,SCC+4P-H2S-H2O,978.063654,978.0637,979.071479,979.0715,XCC+4P
S,0,0,2,0,0,3,_H2S_H2O,3.0,SGG+3P-H2S-H2O,978.109617,978.1096,979.117442,979.1174,XGG+3P
S,0,1,0,0,1,4,_H2S_H2O,3.0,SCU+4P-H2S-H2O,979.04767,979.0477,980.055495,980.0555,XCU+4P
S,0,0,0,0,2,4,_H2S_H2O,3.0,SUU+4P-H2S-H2O,980.031686,980.0317,981.039511,981.0395,XUU+4P
S,1,0,1,0,0,3,_H2S,3.0,SAG+3P-H2S,980.125267,980.1253,981.133092,981.1331,XAG+3P
S,0,1,0,1,0,4,_H2S_H2O,3.0,SCS+4P-H2S-H2O,995.024827,995.0248,996.032652,996.0327,XCS+4P
S,0,0,0,1,1,4,_H2S_H2O,3.0,SSU+4P-H2S-H2O,996.008843,996.0088,997.016668,997.0167,XSU+4P
S,0,2,0,0,0,4,_H2S,3.0,SCC+4P-H2S,996.074219,996.0742,997.082044,997.082,XCC+4P
S,0,0,2,0,0,3,_H2S,3.0,SGG+3P-H2S,996.120182,996.1202,997.128007,997.128,XGG+3P
S,0,1,0,0,1,4,_H2S,3.0,SCU+4P-H2S,997.058235,997.0582,998.06606,998.0661,XCU+4P
S,0,0,0,0,2,4,_H2S,3.0,SUU+4P-H2S,998.042251,998.0423,999.050076,999.0501,XUU+4P
S,1,1,0,0,0,4,_H2S_H2O,3.0,SAC+4P-H2S-H2O,1002.074887,1002.0749,1003.082712,1003.0827,XAC+4P
S,1,0,0,0,1,4,_H2S_H2O,3.0,SAU+4P-H2S-H2O,1003.058903,1003.0589,1004.066728,1004.0667,XAU+4P
S,0,0,0,2,0,4,_H2S_H2O,3.0,SSS+4P-H2S-H2O,1011.986,1011.986,1012.993825,1012.9938,XSS+4P
S,0,1,0,1,0,4,_H2S,3.0,SCS+4P-H2S,1013.035392,1013.0354,1014.043217,1014.0432,XCS+4P
S,0,0,0,1,1,4,_H2S,3.0,SSU+4P-H2S,1014.019408,1014.0194,1015.027233,1015.0272,XSU+4P
S,0,1,1,0,0,4,_H2S_H2O,3.0,SCG+4P-H2S-H2O,1018.069802,1018.0698,1019.077627,1019.0776,XCG+4P
S,1,0,0,1,0,4,_H2S_H2O,3.0,SAS+4P-H2S-H2O,1019.03606,1019.0361,1020.043885,1020.0439,XAS+4P
S,0,0,1,0,1,4,_H2S_H2O,3.0,SGU+4P-H2S-H2O,1019.053818,1019.0538,1020.061643,1020.0616,XGU+4P
S,1,1,0,0,0,4,_H2S,3.0,SAC+4P-H2S,1020.085452,1020.0855,1021.093277,1021.0933,XAC+4P
S,1,0,0,0,1,4,_H2S,3.0,SAU+4P-H2S,1021.069468,1021.0695,1022.077293,1022.0773,XAU+4P
S,2,0,0,0,0,4,_H2S_H2O,3.0,SAA+4P-H2S-H2O,1026.08612,1026.0861,1027.0939449999998,1027.0939,XAA+4P
S,0,0,0,2,0,4,_H2S,3.0,SSS+4P-H2S,1029.996565,1029.9966,1031.0043899999998,1031.0044,XSS+4P
S,0,0,1,1,0,4,_H2S_H2O,3.0,SGS+4P-H2S-H2O,1035.030975,1035.031,1036.0387999999998,1036.0388,XGS+4P
S,0,1,1,0,0,4,_H2S,3.0,SCG+4P-H2S,1036.080367,1036.0804,1037.088192,1037.0882,XCG+4P
S,1,0,0,1,0,4,_H2S,3.0,SAS+4P-H2S,1037.046625,1037.0466,1038.05445,1038.0544,XAS+4P
S,0,0,1,0,1,4,_H2S,3.0,SGU+4P-H2S,1037.064383,1037.0644,1038.0722079999998,1038.0722,XGU+4P
S,1,0,1,0,0,4,_H2S_H2O,3.0,SAG+4P-H2S-H2O,1042.081035,1042.081,1043.0888599999998,1043.0889,XAG+4P
S,2,0,0,0,0,4,_H2S,3.0,SAA+4P-H2S,1044.096685,1044.0967,1045.10451,1045.1045,XAA+4P
S,0,0,1,1,0,4,_H2S,3.0,SGS+4P-H2S,1053.04154,1053.0415,1054.049365,1054.0494,XGS+4P
S,0,0,2,0,0,4,_H2S_H2O,3.0,SGG+4P-H2S-H2O,1058.07595,1058.076,1059.0837749999998,1059.0838,XGG+4P
S,1,0,1,0,0,4,_H2S,3.0,SAG+4P-H2S,1060.0916,1060.0916,1061.099425,1061.0994,XAG+4P
S,0,0,2,0,0,4,_H2S,3.0,SGG+4P-H2S,1076.086515,1076.0865,1077.09434,1077.0943,XGG+4P
S,0,3,0,0,0,3,_H2S_H2O,4.0,SCCC+3P-H2S-H2O,1123.172278,1123.1723,1124.180103,1124.1801,XCCC+3P
S,0,2,0,0,1,3,_H2S_H2O,4.0,SCCU+3P-H2S-H2O,1124.156294,1124.1563,1125.1641189999998,1125.1641,XCCU+3P
S,0,1,0,0,2,3,_H2S_H2O,4.0,SCUU+3P-H2S-H2O,1125.14031,1125.1403,1126.148135,1126.1481,XCUU+3P
S,0,0,0,0,3,3,_H2S_H2O,4.0,SUUU+3P-H2S-H2O,1126.124326,1126.1243,1127.132151,1127.1322,XUUU+3P
S,0,2,0,1,0,3,_H2S_H2O,4.0,SCCS+3P-H2S-H2O,1140.133451,1140.1335,1141.1412759999998,1141.1413,XCCS+3P
S,0,1,0,1,1,3,_H2S_H2O,4.0,SCSU+3P-H2S-H2O,1141.117467,1141.1175,1142.125292,1142.1253,XCSU+3P
S,0,3,0,0,0,3,_H2S,4.0,SCCC+3P-H2S,1141.182843,1141.1828,1142.190668,1142.1907,XCCC+3P
S,0,0,0,1,2,3,_H2S_H2O,4.0,SSUU+3P-H2S-H2O,1142.101483,1142.1015,1143.1093079999998,1143.1093,XSUU+3P
S,0,2,0,0,1,3,_H2S,4.0,SCCU+3P-H2S,1142.166859,1142.1669,1143.1746839999998,1143.1747,XCCU+3P
S,0,1,0,0,2,3,_H2S,4.0,SCUU+3P-H2S,1143.150875,1143.1509,1144.1587,1144.1587,XCUU+3P
S,0,0,0,0,3,3,_H2S,4.0,SUUU+3P-H2S,1144.134891,1144.1349,1145.1427159999998,1145.1427,XUUU+3P
S,1,2,0,0,0,3,_H2S_H2O,4.0,SACC+3P-H2S-H2O,1147.183511,1147.1835,1148.191336,1148.1913,XACC+3P
S,1,1,0,0,1,3,_H2S_H2O,4.0,SACU+3P-H2S-H2O,1148.167527,1148.1675,1149.175352,1149.1754,XACU+3P
S,1,0,0,0,2,3,_H2S_H2O,4.0,SAUU+3P-H2S-H2O,1149.151543,1149.1515,1150.159368,1150.1594,XAUU+3P
S,0,1,0,2,0,3,_H2S_H2O,4.0,SCSS+3P-H2S-H2O,1157.094624,1157.0946,1158.102449,1158.1024,XCSS+3P
S,0,0,0,2,1,3,_H2S_H2O,4.0,SSSU+3P-H2S-H2O,1158.07864,1158.0786,1159.086465,1159.0865,XSSU+3P
S,0,2,0,1,0,3,_H2S,4.0,SCCS+3P-H2S,1158.144016,1158.144,1159.151841,1159.1518,XCCS+3P
S,0,1,0,1,1,3,_H2S,4.0,SCSU+3P-H2S,1159.128032,1159.128,1160.135857,1160.1359,XCSU+3P
S,0,0,0,1,2,3,_H2S,4.0,SSUU+3P-H2S,1160.112048,1160.112,1161.119873,1161.1199,XSUU+3P
S,0,2,1,0,0,3,_H2S_H2O,4.0,SCCG+3P-H2S-H2O,1163.178426,1163.1784,1164.186251,1164.1863,XCCG+3P
S,1,1,0,1,0,3,_H2S_H2O,4.0,SACS+3P-H2S-H2O,1164.144684,1164.1447,1165.152509,1165.1525,XACS+3P
S,0,1,1,0,1,3,_H2S_H2O,4.0,SCGU+3P-H2S-H2O,1164.162442,1164.1624,1165.170267,1165.1703,XCGU+3P
S,1,0,0,1,1,3,_H2S_H2O,4.0,SASU+3P-H2S-H2O,1165.1287,1165.1287,1166.136525,1166.1365,XASU+3P
S,0,0,1,0,2,3,_H2S_H2O,4.0,SGUU+3P-H2S-H2O,1165.146458,1165.1465,1166.154283,1166.1543,XGUU+3P
S,1,2,0,0,0,3,_H2S,4.0,SACC+3P-H2S,1165.194076,1165.1941,1166.201901,1166.2019,XACC+3P
S,1,1,0,0,1,3,_H2S,4.0,SACU+3P-H2S,1166.178092,1166.1781,1167.185917,1167.1859,XACU+3P
S,1,0,0,0,2,3,_H2S,4.0,SAUU+3P-H2S,1167.162108,1167.1621,1168.169933,1168.1699,XAUU+3P
S,2,1,0,0,0,3,_H2S_H2O,4.0,SAAC+3P-H2S-H2O,1171.194744,1171.1947,1172.2025689999998,1172.2026,XAAC+3P
S,2,0,0,0,1,3,_H2S_H2O,4.0,SAAU+3P-H2S-H2O,1172.17876,1172.1788,1173.186585,1173.1866,XAAU+3P
S,0,0,0,3,0,3,_H2S_H2O,4.0,SSSS+3P-H2S-H2O,1174.055797,1174.0558,1175.063622,1175.0636,XSSS+3P
S,0,1,0,2,0,3,_H2S,4.0,SCSS+3P-H2S,1175.105189,1175.1052,1176.113014,1176.113,XCSS+3P
S,0,0,0,2,1,3,_H2S,4.0,SSSU+3P-H2S,1176.089205,1176.0892,1177.09703,1177.097,XSSU+3P
S,0,1,1,1,0,3,_H2S_H2O,4.0,SCGS+3P-H2S-H2O,1180.139599,1180.1396,1181.147424,1181.1474,XCGS+3P
S,1,0,0,2,0,3,_H2S_H2O,4.0,SASS+3P-H2S-H2O,1181.105857,1181.1059,1182.113682,1182.1137,XASS+3P
S,0,0,1,1,1,3,_H2S_H2O,4.0,SGSU+3P-H2S-H2O,1181.123615,1181.1236,1182.13144,1182.1314,XGSU+3P
S,0,2,1,0,0,3,_H2S,4.0,SCCG+3P-H2S,1181.188991,1181.189,1182.196816,1182.1968,XCCG+3P
S,1,1,0,1,0,3,_H2S,4.0,SACS+3P-H2S,1182.155249,1182.1552,1183.1630739999998,1183.1631,XACS+3P
S,0,1,1,0,1,3,_H2S,4.0,SCGU+3P-H2S,1182.173007,1182.173,1183.180832,1183.1808,XCGU+3P
S,1,0,0,1,1,3,_H2S,4.0,SASU+3P-H2S,1183.139265,1183.1393,1184.14709,1184.1471,XASU+3P
S,0,0,1,0,2,3,_H2S,4.0,SGUU+3P-H2S,1183.157023,1183.157,1184.164848,1184.1648,XGUU+3P
S,1,1,1,0,0,3,_H2S_H2O,4.0,SACG+3P-H2S-H2O,1187.189659,1187.1897,1188.1974839999998,1188.1975,XACG+3P
S,2,0,0,1,0,3,_H2S_H2O,4.0,SAAS+3P-H2S-H2O,1188.155917,1188.1559,1189.163742,1189.1637,XAAS+3P
S,1,0,1,0,1,3,_H2S_H2O,4.0,SAGU+3P-H2S-H2O,1188.173675,1188.1737,1189.1815,1189.1815,XAGU+3P
S,2,1,0,0,0,3,_H2S,4.0,SAAC+3P-H2S,1189.205309,1189.2053,1190.213134,1190.2131,XAAC+3P
S,2,0,0,0,1,3,_H2S,4.0,SAAU+3P-H2S,1190.189325,1190.1893,1191.19715,1191.1972,XAAU+3P
S,0,0,0,3,0,3,_H2S,4.0,SSSS+3P-H2S,1192.066362,1192.0664,1193.074187,1193.0742,XSSS+3P
S,3,0,0,0,0,3,_H2S_H2O,4.0,SAAA+3P-H2S-H2O,1195.205977,1195.206,1196.213802,1196.2138,XAAA+3P
S,0,0,1,2,0,3,_H2S_H2O,4.0,SGSS+3P-H2S-H2O,1197.100772,1197.1008,1198.108597,1198.1086,XGSS+3P
S,0,1,1,1,0,3,_H2S,4.0,SCGS+3P-H2S,1198.150164,1198.1502,1199.1579889999998,1199.158,XCGS+3P
S,1,0,0,2,0,3,_H2S,4.0,SASS+3P-H2S,1199.116422,1199.1164,1200.124247,1200.1242,XASS+3P
S,0,0,1,1,1,3,_H2S,4.0,SGSU+3P-H2S,1199.13418,1199.1342,1200.142005,1200.142,XGSU+3P
S,0,3,0,0,0,4,_H2S_H2O,4.0,SCCC+4P-H2S-H2O,1203.138611,1203.1386,1204.146436,1204.1464,XCCC+4P
S,0,1,2,0,0,3,_H2S_H2O,4.0,SCGG+3P-H2S-H2O,1203.184574,1203.1846,1204.192399,1204.1924,XCGG+3P
S,0,2,0,0,1,4,_H2S_H2O,4.0,SCCU+4P-H2S-H2O,1204.122627,1204.1226,1205.130452,1205.1305,XCCU+4P
S,1,0,1,1,0,3,_H2S_H2O,4.0,SAGS+3P-H2S-H2O,1204.150832,1204.1508,1205.158657,1205.1587,XAGS+3P
S,0,0,2,0,1,3,_H2S_H2O,4.0,SGGU+3P-H2S-H2O,1204.16859,1204.1686,1205.176415,1205.1764,XGGU+3P
S,0,1,0,0,2,4,_H2S_H2O,4.0,SCUU+4P-H2S-H2O,1205.106643,1205.1066,1206.114468,1206.1145,XCUU+4P
S,1,1,1,0,0,3,_H2S,4.0,SACG+3P-H2S,1205.200224,1205.2002,1206.2080489999998,1206.208,XACG+3P
S,0,0,0,0,3,4,_H2S_H2O,4.0,SUUU+4P-H2S-H2O,1206.090659,1206.0907,1207.098484,1207.0985,XUUU+4P
S,2,0,0,1,0,3,_H2S,4.0,SAAS+3P-H2S,1206.166482,1206.1665,1207.174307,1207.1743,XAAS+3P
S,1,0,1,0,1,3,_H2S,4.0,SAGU+3P-H2S,1206.18424,1206.1842,1207.192065,1207.1921,XAGU+3P
S,2,0,1,0,0,3,_H2S_H2O,4.0,SAAG+3P-H2S-H2O,1211.200892,1211.2009,1212.208717,1212.2087,XAAG+3P
S,3,0,0,0,0,3,_H2S,4.0,SAAA+3P-H2S,1213.216542,1213.2165,1214.2243669999998,1214.2244,XAAA+3P
S,0,0,1,2,0,3,_H2S,4.0,SGSS+3P-H2S,1215.111337,1215.1113,1216.119162,1216.1192,XGSS+3P
S,0,2,0,1,0,4,_H2S_H2O,4.0,SCCS+4P-H2S-H2O,1220.099784,1220.0998,1221.107609,1221.1076,XCCS+4P
S,0,0,2,1,0,3,_H2S_H2O,4.0,SGGS+3P-H2S-H2O,1220.145747,1220.1457,1221.153572,1221.1536,XGGS+3P
S,0,1,0,1,1,4,_H2S_H2O,4.0,SCSU+4P-H2S-H2O,1221.0838,1221.0838,1222.091625,1222.0916,XCSU+4P
S,0,3,0,0,0,4,_H2S,4.0,SCCC+4P-H2S,1221.149176,1221.1492,1222.1570009999998,1222.157,XCCC+4P
S,0,1,2,0,0,3,_H2S,4.0,SCGG+3P-H2S,1221.195139,1221.1951,1222.2029639999998,1222.203,XCGG+3P
S,0,0,0,1,2,4,_H2S_H2O,4.0,SSUU+4P-H2S-H2O,1222.067816,1222.0678,1223.075641,1223.0756,XSUU+4P
S,0,2,0,0,1,4,_H2S,4.0,SCCU+4P-H2S,1222.133192,1222.1332,1223.141017,1223.141,XCCU+4P
S,1,0,1,1,0,3,_H2S,4.0,SAGS+3P-H2S,1222.161397,1222.1614,1223.169222,1223.1692,XAGS+3P
S,0,0,2,0,1,3,_H2S,4.0,SGGU+3P-H2S,1222.179155,1222.1792,1223.18698,1223.187,XGGU+3P
S,0,1,0,0,2,4,_H2S,4.0,SCUU+4P-H2S,1223.117208,1223.1172,1224.1250329999998,1224.125,XCUU+4P
S,0,0,0,0,3,4,_H2S,4.0,SUUU+4P-H2S,1224.101224,1224.1012,1225.109049,1225.109,XUUU+4P
S,1,2,0,0,0,4,_H2S_H2O,4.0,SACC+4P-H2S-H2O,1227.149844,1227.1498,1228.157669,1228.1577,XACC+4P
S,1,0,2,0,0,3,_H2S_H2O,4.0,SAGG+3P-H2S-H2O,1227.195807,1227.1958,1228.203632,1228.2036,XAGG+3P
S,1,1,0,0,1,4,_H2S_H2O,4.0,SACU+4P-H2S-H2O,1228.13386,1228.1339,1229.1416849999998,1229.1417,XACU+4P
S,1,0,0,0,2,4,_H2S_H2O,4.0,SAUU+4P-H2S-H2O,1229.117876,1229.1179,1230.125701,1230.1257,XAUU+4P
S,2,0,1,0,0,3,_H2S,4.0,SAAG+3P-H2S,1229.211457,1229.2115,1230.219282,1230.2193,XAAG+3P
S,0,1,0,2,0,4,_H2S_H2O,4.0,SCSS+4P-H2S-H2O,1237.060957,1237.061,1238.0687819999998,1238.0688,XCSS+4P
S,0,0,0,2,1,4,_H2S_H2O,4.0,SSSU+4P-H2S-H2O,1238.044973,1238.045,1239.052798,1239.0528,XSSU+4P
S,0,2,0,1,0,4,_H2S,4.0,SCCS+4P-H2S,1238.110349,1238.1103,1239.118174,1239.1182,XCCS+4P
S,0,0,2,1,0,3,_H2S,4.0,SGGS+3P-H2S,1238.156312,1238.1563,1239.164137,1239.1641,XGGS+3P
S,0,1,0,1,1,4,_H2S,4.0,SCSU+4P-H2S,1239.094365,1239.0944,1240.1021899999998,1240.1022,XCSU+4P
S,0,0,0,1,2,4,_H2S,4.0,SSUU+4P-H2S,1240.078381,1240.0784,1241.086206,1241.0862,XSUU+4P
S,0,2,1,0,0,4,_H2S_H2O,4.0,SCCG+4P-H2S-H2O,1243.144759,1243.1448,1244.152584,1244.1526,XCCG+4P
S,0,0,3,0,0,3,_H2S_H2O,4.0,SGGG+3P-H2S-H2O,1243.190722,1243.1907,1244.198547,1244.1985,XGGG+3P
S,1,1,0,1,0,4,_H2S_H2O,4.0,SACS+4P-H2S-H2O,1244.111017,1244.111,1245.118842,1245.1188,XACS+4P
S,0,1,1,0,1,4,_H2S_H2O,4.0,SCGU+4P-H2S-H2O,1244.128775,1244.1288,1245.1365999999998,1245.1366,XCGU+4P
S,1,0,0,1,1,4,_H2S_H2O,4.0,SASU+4P-H2S-H2O,1245.095033,1245.095,1246.102858,1246.1029,XASU+4P
S,0,0,1,0,2,4,_H2S_H2O,4.0,SGUU+4P-H2S-H2O,1245.112791,1245.1128,1246.120616,1246.1206,XGUU+4P
S,1,2,0,0,0,4,_H2S,4.0,SACC+4P-H2S,1245.160409,1245.1604,1246.168234,1246.1682,XACC+4P
S,1,0,2,0,0,3,_H2S,4.0,SAGG+3P-H2S,1245.206372,1245.2064,1246.214197,1246.2142,XAGG+3P
S,1,1,0,0,1,4,_H2S,4.0,SACU+4P-H2S,1246.144425,1246.1444,1247.15225,1247.1522,XACU+4P
S,1,0,0,0,2,4,_H2S,4.0,SAUU+4P-H2S,1247.128441,1247.1284,1248.136266,1248.1363,XAUU+4P
S,2,1,0,0,0,4,_H2S_H2O,4.0,SAAC+4P-H2S-H2O,1251.161077,1251.1611,1252.168902,1252.1689,XAAC+4P
S,2,0,0,0,1,4,_H2S_H2O,4.0,SAAU+4P-H2S-H2O,1252.145093,1252.1451,1253.152918,1253.1529,XAAU+4P
S,0,0,0,3,0,4,_H2S_H2O,4.0,SSSS+4P-H2S-H2O,1254.02213,1254.0221,1255.029955,1255.03,XSSS+4P
S,0,1,0,2,0,4,_H2S,4.0,SCSS+4P-H2S,1255.071522,1255.0715,1256.079347,1256.0793,XCSS+4P
S,0,0,0,2,1,4,_H2S,4.0,SSSU+4P-H2S,1256.055538,1256.0555,1257.063363,1257.0634,XSSU+4P
S,0,1,1,1,0,4,_H2S_H2O,4.0,SCGS+4P-H2S-H2O,1260.105932,1260.1059,1261.113757,1261.1138,XCGS+4P
S,1,0,0,2,0,4,_H2S_H2O,4.0,SASS+4P-H2S-H2O,1261.07219,1261.0722,1262.080015,1262.08,XASS+4P
S,0,0,1,1,1,4,_H2S_H2O,4.0,SGSU+4P-H2S-H2O,1261.089948,1261.0899,1262.097773,1262.0978,XGSU+4P
S,0,2,1,0,0,4,_H2S,4.0,SCCG+4P-H2S,1261.155324,1261.1553,1262.163149,1262.1631,XCCG+4P
S,0,0,3,0,0,3,_H2S,4.0,SGGG+3P-H2S,1261.201287,1261.2013,1262.209112,1262.2091,XGGG+3P
S,1,1,0,1,0,4,_H2S,4.0,SACS+4P-H2S,1262.121582,1262.1216,1263.129407,1263.1294,XACS+4P
S,0,1,1,0,1,4,_H2S,4.0,SCGU+4P-H2S,1262.13934,1262.1393,1263.147165,1263.1472,XCGU+4P
S,1,0,0,1,1,4,_H2S,4.0,SASU+4P-H2S,1263.105598,1263.1056,1264.113423,1264.1134,XASU+4P
S,0,0,1,0,2,4,_H2S,4.0,SGUU+4P-H2S,1263.123356,1263.1234,1264.131181,1264.1312,XGUU+4P
S,1,1,1,0,0,4,_H2S_H2O,4.0,SACG+4P-H2S-H2O,1267.155992,1267.156,1268.163817,1268.1638,XACG+4P
S,2,0,0,1,0,4,_H2S_H2O,4.0,SAAS+4P-H2S-H2O,1268.12225,1268.1222,1269.1300749999998,1269.1301,XAAS+4P
S,1,0,1,0,1,4,_H2S_H2O,4.0,SAGU+4P-H2S-H2O,1268.140008,1268.14,1269.147833,1269.1478,XAGU+4P
S,2,1,0,0,0,4,_H2S,4.0,SAAC+4P-H2S,1269.171642,1269.1716,1270.179467,1270.1795,XAAC+4P
S,2,0,0,0,1,4,_H2S,4.0,SAAU+4P-H2S,1270.155658,1270.1557,1271.1634829999998,1271.1635,XAAU+4P
S,0,0,0,3,0,4,_H2S,4.0,SSSS+4P-H2S,1272.032695,1272.0327,1273.04052,1273.0405,XSSS+4P
S,3,0,0,0,0,4,_H2S_H2O,4.0,SAAA+4P-H2S-H2O,1275.17231,1275.1723,1276.1801349999998,1276.1801,XAAA+4P
S,0,0,1,2,0,4,_H2S_H2O,4.0,SGSS+4P-H2S-H2O,1277.067105,1277.0671,1278.07493,1278.0749,XGSS+4P
S,0,1,1,1,0,4,_H2S,4.0,SCGS+4P-H2S,1278.116497,1278.1165,1279.124322,1279.1243,XCGS+4P
S,1,0,0,2,0,4,_H2S,4.0,SASS+4P-H2S,1279.082755,1279.0828,1280.0905799999998,1280.0906,XASS+4P
S,0,0,1,1,1,4,_H2S,4.0,SGSU+4P-H2S,1279.100513,1279.1005,1280.108338,1280.1083,XGSU+4P
S,0,3,0,0,0,5,_H2S_H2O,4.0,SCCC+5P-H2S-H2O,1283.104944,1283.1049,1284.1127689999998,1284.1128,XCCC+5P
S,0,1,2,0,0,4,_H2S_H2O,4.0,SCGG+4P-H2S-H2O,1283.150907,1283.1509,1284.158732,1284.1587,XCGG+4P
S,0,2,0,0,1,5,_H2S_H2O,4.0,SCCU+5P-H2S-H2O,1284.08896,1284.089,1285.096785,1285.0968,XCCU+5P
S,1,0,1,1,0,4,_H2S_H2O,4.0,SAGS+4P-H2S-H2O,1284.117165,1284.1172,1285.12499,1285.125,XAGS+4P
S,0,0,2,0,1,4,_H2S_H2O,4.0,SGGU+4P-H2S-H2O,1284.134923,1284.1349,1285.142748,1285.1427,XGGU+4P
S,0,1,0,0,2,5,_H2S_H2O,4.0,SCUU+5P-H2S-H2O,1285.072976,1285.073,1286.0808009999998,1286.0808,XCUU+5P
S,1,1,1,0,0,4,_H2S,4.0,SACG+4P-H2S,1285.166557,1285.1666,1286.174382,1286.1744,XACG+4P
S,0,0,0,0,3,5,_H2S_H2O,4.0,SUUU+5P-H2S-H2O,1286.056992,1286.057,1287.064817,1287.0648,XUUU+5P
S,2,0,0,1,0,4,_H2S,4.0,SAAS+4P-H2S,1286.132815,1286.1328,1287.1406399999998,1287.1406,XAAS+4P
S,1,0,1,0,1,4,_H2S,4.0,SAGU+4P-H2S,1286.150573,1286.1506,1287.1583979999998,1287.1584,XAGU+4P
S,2,0,1,0,0,4,_H2S_H2O,4.0,SAAG+4P-H2S-H2O,1291.167225,1291.1672,1292.1750499999998,1292.175,XAAG+4P
S,3,0,0,0,0,4,_H2S,4.0,SAAA+4P-H2S,1293.182875,1293.1829,1294.1907,1294.1907,XAAA+4P
S,0,0,1,2,0,4,_H2S,4.0,SGSS+4P-H2S,1295.07767,1295.0777,1296.0854949999998,1296.0855,XGSS+4P
S,0,2,0,1,0,5,_H2S_H2O,4.0,SCCS+5P-H2S-H2O,1300.066117,1300.0661,1301.073942,1301.0739,XCCS+5P
S,0,0,2,1,0,4,_H2S_H2O,4.0,SGGS+4P-H2S-H2O,1300.11208,1300.1121,1301.119905,1301.1199,XGGS+4P
S,0,1,0,1,1,5,_H2S_H2O,4.0,SCSU+5P-H2S-H2O,1301.050133,1301.0501,1302.057958,1302.058,XCSU+5P
S,0,3,0,0,0,5,_H2S,4.0,SCCC+5P-H2S,1301.115509,1301.1155,1302.123334,1302.1233,XCCC+5P
S,0,1,2,0,0,4,_H2S,4.0,SCGG+4P-H2S,1301.161472,1301.1615,1302.169297,1302.1693,XCGG+4P
S,0,0,0,1,2,5,_H2S_H2O,4.0,SSUU+5P-H2S-H2O,1302.034149,1302.0341,1303.041974,1303.042,XSUU+5P
S,0,2,0,0,1,5,_H2S,4.0,SCCU+5P-H2S,1302.099525,1302.0995,1303.10735,1303.1074,XCCU+5P
S,1,0,1,1,0,4,_H2S,4.0,SAGS+4P-H2S,1302.12773,1302.1277,1303.1355549999998,1303.1356,XAGS+4P
S,0,0,2,0,1,4,_H2S,4.0,SGGU+4P-H2S,1302.145488,1302.1455,1303.1533129999998,1303.1533,XGGU+4P
S,0,1,0,0,2,5,_H2S,4.0,SCUU+5P-H2S,1303.083541,1303.0835,1304.091366,1304.0914,XCUU+5P
S,0,0,0,0,3,5,_H2S,4.0,SUUU+5P-H2S,1304.067557,1304.0676,1305.075382,1305.0754,XUUU+5P
S,1,2,0,0,0,5,_H2S_H2O,4.0,SACC+5P-H2S-H2O,1307.116177,1307.1162,1308.124002,1308.124,XACC+5P
S,1,0,2,0,0,4,_H2S_H2O,4.0,SAGG+4P-H2S-H2O,1307.16214,1307.1621,1308.1699649999998,1308.17,XAGG+4P
S,1,1,0,0,1,5,_H2S_H2O,4.0,SACU+5P-H2S-H2O,1308.100193,1308.1002,1309.108018,1309.108,XACU+5P
S,1,0,0,0,2,5,_H2S_H2O,4.0,SAUU+5P-H2S-H2O,1309.084209,1309.0842,1310.092034,1310.092,XAUU+5P
S,2,0,1,0,0,4,_H2S,4.0,SAAG+4P-H2S,1309.17779,1309.1778,1310.185615,1310.1856,XAAG+4P
S,0,1,0,2,0,5,_H2S_H2O,4.0,SCSS+5P-H2S-H2O,1317.02729,1317.0273,1318.035115,1318.0351,XCSS+5P
S,0,0,0,2,1,5,_H2S_H2O,4.0,SSSU+5P-H2S-H2O,1318.011306,1318.0113,1319.019131,1319.0191,XSSU+5P
S,0,2,0,1,0,5,_H2S,4.0,SCCS+5P-H2S,1318.076682,1318.0767,1319.0845069999998,1319.0845,XCCS+5P
S,0,0,2,1,0,4,_H2S,4.0,SGGS+4P-H2S,1318.122645,1318.1226,1319.1304699999998,1319.1305,XGGS+4P
S,0,1,0,1,1,5,_H2S,4.0,SCSU+5P-H2S,1319.060698,1319.0607,1320.068523,1320.0685,XCSU+5P
S,0,0,0,1,2,5,_H2S,4.0,SSUU+5P-H2S,1320.044714,1320.0447,1321.052539,1321.0525,XSUU+5P
S,0,2,1,0,0,5,_H2S_H2O,4.0,SCCG+5P-H2S-H2O,1323.111092,1323.1111,1324.118917,1324.1189,XCCG+5P
S,0,0,3,0,0,4,_H2S_H2O,4.0,SGGG+4P-H2S-H2O,1323.157055,1323.1571,1324.1648799999998,1324.1649,XGGG+4P
S,1,1,0,1,0,5,_H2S_H2O,4.0,SACS+5P-H2S-H2O,1324.07735,1324.0774,1325.085175,1325.0852,XACS+5P
S,0,1,1,0,1,5,_H2S_H2O,4.0,SCGU+5P-H2S-H2O,1324.095108,1324.0951,1325.102933,1325.1029,XCGU+5P
S,1,0,0,1,1,5,_H2S_H2O,4.0,SASU+5P-H2S-H2O,1325.061366,1325.0614,1326.0691909999998,1326.0692,XASU+5P
S,0,0,1,0,2,5,_H2S_H2O,4.0,SGUU+5P-H2S-H2O,1325.079124,1325.0791,1326.086949,1326.0869,XGUU+5P
S,1,2,0,0,0,5,_H2S,4.0,SACC+5P-H2S,1325.126742,1325.1267,1326.1345669999998,1326.1346,XACC+5P
S,1,0,2,0,0,4,_H2S,4.0,SAGG+4P-H2S,1325.172705,1325.1727,1326.18053,1326.1805,XAGG+4P
S,1,1,0,0,1,5,_H2S,4.0,SACU+5P-H2S,1326.110758,1326.1108,1327.118583,1327.1186,XACU+5P
S,1,0,0,0,2,5,_H2S,4.0,SAUU+5P-H2S,1327.094774,1327.0948,1328.1025989999998,1328.1026,XAUU+5P
S,2,1,0,0,0,5,_H2S_H2O,4.0,SAAC+5P-H2S-H2O,1331.12741,1331.1274,1332.135235,1332.1352,XAAC+5P
S,2,0,0,0,1,5,_H2S_H2O,4.0,SAAU+5P-H2S-H2O,1332.111426,1332.1114,1333.1192509999998,1333.1193,XAAU+5P
S,0,0,0,3,0,5,_H2S_H2O,4.0,SSSS+5P-H2S-H2O,1333.988463,1333.9885,1334.9962879999998,1334.9963,XSSS+5P
S,0,1,0,2,0,5,_H2S,4.0,SCSS+5P-H2S,1335.037855,1335.0379,1336.04568,1336.0457,XCSS+5P
S,0,0,0,2,1,5,_H2S,4.0,SSSU+5P-H2S,1336.021871,1336.0219,1337.0296959999998,1337.0297,XSSU+5P
S,0,1,1,1,0,5,_H2S_H2O,4.0,SCGS+5P-H2S-H2O,1340.072265,1340.0723,1341.08009,1341.0801,XCGS+5P
S,1,0,0,2,0,5,_H2S_H2O,4.0,SASS+5P-H2S-H2O,1341.038523,1341.0385,1342.046348,1342.0463,XASS+5P
S,0,0,1,1,1,5,_H2S_H2O,4.0,SGSU+5P-H2S-H2O,1341.056281,1341.0563,1342.0641059999998,1342.0641,XGSU+5P
S,0,2,1,0,0,5,_H2S,4.0,SCCG+5P-H2S,1341.121657,1341.1217,1342.1294819999998,1342.1295,XCCG+5P
S,0,0,3,0,0,4,_H2S,4.0,SGGG+4P-H2S,1341.16762,1341.1676,1342.175445,1342.1754,XGGG+4P
S,1,1,0,1,0,5,_H2S,4.0,SACS+5P-H2S,1342.087915,1342.0879,1343.09574,1343.0957,XACS+5P
S,0,1,1,0,1,5,_H2S,4.0,SCGU+5P-H2S,1342.105673,1342.1057,1343.113498,1343.1135,XCGU+5P
S,1,0,0,1,1,5,_H2S,4.0,SASU+5P-H2S,1343.071931,1343.0719,1344.079756,1344.0798,XASU+5P
S,0,0,1,0,2,5,_H2S,4.0,SGUU+5P-H2S,1343.089689,1343.0897,1344.0975139999998,1344.0975,XGUU+5P
S,1,1,1,0,0,5,_H2S_H2O,4.0,SACG+5P-H2S-H2O,1347.122325,1347.1223,1348.13015,1348.1302,XACG+5P
S,2,0,0,1,0,5,_H2S_H2O,4.0,SAAS+5P-H2S-H2O,1348.088583,1348.0886,1349.096408,1349.0964,XAAS+5P
S,1,0,1,0,1,5,_H2S_H2O,4.0,SAGU+5P-H2S-H2O,1348.106341,1348.1063,1349.1141659999998,1349.1142,XAGU+5P
S,2,1,0,0,0,5,_H2S,4.0,SAAC+5P-H2S,1349.137975,1349.138,1350.1458,1350.1458,XAAC+5P
S,2,0,0,0,1,5,_H2S,4.0,SAAU+5P-H2S,1350.121991,1350.122,1351.129816,1351.1298,XAAU+5P
S,0,0,0,3,0,5,_H2S,4.0,SSSS+5P-H2S,1351.999028,1351.999,1353.006853,1353.0069,XSSS+5P
S,3,0,0,0,0,5,_H2S_H2O,4.0,SAAA+5P-H2S-H2O,1355.138643,1355.1386,1356.146468,1356.1465,XAAA+5P
S,0,0,1,2,0,5,_H2S_H2O,4.0,SGSS+5P-H2S-H2O,1357.033438,1357.0334,1358.0412629999998,1358.0413,XGSS+5P
S,0,1,1,1,0,5,_H2S,4.0,SCGS+5P-H2S,1358.08283,1358.0828,1359.090655,1359.0907,XCGS+5P
S,1,0,0,2,0,5,_H2S,4.0,SASS+5P-H2S,1359.049088,1359.0491,1360.056913,1360.0569,XASS+5P
S,0,0,1,1,1,5,_H2S,4.0,SGSU+5P-H2S,1359.066846,1359.0668,1360.074671,1360.0747,XGSU+5P
S,0,1,2,0,0,5,_H2S_H2O,4.0,SCGG+5P-H2S-H2O,1363.11724,1363.1172,1364.125065,1364.1251,XCGG+5P
S,1,0,1,1,0,5,_H2S_H2O,4.0,SAGS+5P-H2S-H2O,1364.083498,1364.0835,1365.091323,1365.0913,XAGS+5P
S,0,0,2,0,1,5,_H2S_H2O,4.0,SGGU+5P-H2S-H2O,1364.101256,1364.1013,1365.1090809999998,1365.1091,XGGU+5P
S,1,1,1,0,0,5,_H2S,4.0,SACG+5P-H2S,1365.13289,1365.1329,1366.140715,1366.1407,XACG+5P
S,2,0,0,1,0,5,_H2S,4.0,SAAS+5P-H2S,1366.099148,1366.0991,1367.106973,1367.107,XAAS+5P
S,1,0,1,0,1,5,_H2S,4.0,SAGU+5P-H2S,1366.116906,1366.1169,1367.124731,1367.1247,XAGU+5P
S,2,0,1,0,0,5,_H2S_H2O,4.0,SAAG+5P-H2S-H2O,1371.133558,1371.1336,1372.141383,1372.1414,XAAG+5P
S,3,0,0,0,0,5,_H2S,4.0,SAAA+5P-H2S,1373.149208,1373.1492,1374.157033,1374.157,XAAA+5P
S,0,0,1,2,0,5,_H2S,4.0,SGSS+5P-H2S,1375.044003,1375.044,1376.051828,1376.0518,XGSS+5P
S,0,0,2,1,0,5,_H2S_H2O,4.0,SGGS+5P-H2S-H2O,1380.078413,1380.0784,1381.086238,1381.0862,XGGS+5P
S,0,1,2,0,0,5,_H2S,4.0,SCGG+5P-H2S,1381.127805,1381.1278,1382.13563,1382.1356,XCGG+5P
S,1,0,1,1,0,5,_H2S,4.0,SAGS+5P-H2S,1382.094063,1382.0941,1383.101888,1383.1019,XAGS+5P
S,0,0,2,0,1,5,_H2S,4.0,SGGU+5P-H2S,1382.111821,1382.1118,1383.119646,1383.1196,XGGU+5P
S,1,0,2,0,0,5,_H2S_H2O,4.0,SAGG+5P-H2S-H2O,1387.128473,1387.1285,1388.136298,1388.1363,XAGG+5P
S,2,0,1,0,0,5,_H2S,4.0,SAAG+5P-H2S,1389.144123,1389.1441,1390.151948,1390.1519,XAAG+5P
S,0,0,2,1,0,5,_H2S,4.0,SGGS+5P-H2S,1398.088978,1398.089,1399.096803,1399.0968,XGGS+5P
S,0,0,3,0,0,5,_H2S_H2O,4.0,SGGG+5P-H2S-H2O,1403.123388,1403.1234,1404.131213,1404.1312,XGGG+5P
S,1,0,2,0,0,5,_H2S,4.0,SAGG+5P-H2S,1405.139038,1405.139,1406.146863,1406.1469,XAGG+5P
S,0,0,3,0,0,5,_H2S,4.0,SGGG+5P-H2S,1421.133953,1421.134,1422.141778,1422.1418,XGGG+5P
S,0,4,0,0,0,4,_H2S_H2O,5.0,SCCCC+4P-H2S-H2O,1428.213568,1428.2136,1429.2213929999998,1429.2214,XCCCC+4P
S,0,3,0,0,1,4,_H2S_H2O,5.0,SCCCU+4P-H2S-H2O,1429.197584,1429.1976,1430.205409,1430.2054,XCCCU+4P
S,0,2,0,0,2,4,_H2S_H2O,5.0,SCCUU+4P-H2S-H2O,1430.1816,1430.1816,1431.1894249999998,1431.1894,XCCUU+4P
S,0,1,0,0,3,4,_H2S_H2O,5.0,SCUUU+4P-H2S-H2O,1431.165616,1431.1656,1432.173441,1432.1734,XCUUU+4P
S,0,0,0,0,4,4,_H2S_H2O,5.0,SUUUU+4P-H2S-H2O,1432.149632,1432.1496,1433.157457,1433.1575,XUUUU+4P
S,0,3,0,1,0,4,_H2S_H2O,5.0,SCCCS+4P-H2S-H2O,1445.174741,1445.1747,1446.182566,1446.1826,XCCCS+4P
S,0,2,0,1,1,4,_H2S_H2O,5.0,SCCSU+4P-H2S-H2O,1446.158757,1446.1588,1447.1665819999998,1447.1666,XCCSU+4P
S,0,4,0,0,0,4,_H2S,5.0,SCCCC+4P-H2S,1446.224133,1446.2241,1447.2319579999998,1447.232,XCCCC+4P
S,0,1,0,1,2,4,_H2S_H2O,5.0,SCSUU+4P-H2S-H2O,1447.142773,1447.1428,1448.150598,1448.1506,XCSUU+4P
S,0,3,0,0,1,4,_H2S,5.0,SCCCU+4P-H2S,1447.208149,1447.2081,1448.215974,1448.216,XCCCU+4P
S,0,0,0,1,3,4,_H2S_H2O,5.0,SSUUU+4P-H2S-H2O,1448.126789,1448.1268,1449.1346139999998,1449.1346,XSUUU+4P
S,0,2,0,0,2,4,_H2S,5.0,SCCUU+4P-H2S,1448.192165,1448.1922,1449.1999899999998,1449.2,XCCUU+4P
S,0,1,0,0,3,4,_H2S,5.0,SCUUU+4P-H2S,1449.176181,1449.1762,1450.184006,1450.184,XCUUU+4P
S,0,0,0,0,4,4,_H2S,5.0,SUUUU+4P-H2S,1450.160197,1450.1602,1451.1680219999998,1451.168,XUUUU+4P
S,1,3,0,0,0,4,_H2S_H2O,5.0,SACCC+4P-H2S-H2O,1452.224801,1452.2248,1453.232626,1453.2326,XACCC+4P
S,1,2,0,0,1,4,_H2S_H2O,5.0,SACCU+4P-H2S-H2O,1453.208817,1453.2088,1454.216642,1454.2166,XACCU+4P
S,1,1,0,0,2,4,_H2S_H2O,5.0,SACUU+4P-H2S-H2O,1454.192833,1454.1928,1455.200658,1455.2007,XACUU+4P
S,1,0,0,0,3,4,_H2S_H2O,5.0,SAUUU+4P-H2S-H2O,1455.176849,1455.1768,1456.184674,1456.1847,XAUUU+4P
S,0,2,0,2,0,4,_H2S_H2O,5.0,SCCSS+4P-H2S-H2O,1462.135914,1462.1359,1463.143739,1463.1437,XCCSS+4P
S,0,1,0,2,1,4,_H2S_H2O,5.0,SCSSU+4P-H2S-H2O,1463.11993,1463.1199,1464.127755,1464.1278,XCSSU+4P
S,0,3,0,1,0,4,_H2S,5.0,SCCCS+4P-H2S,1463.185306,1463.1853,1464.193131,1464.1931,XCCCS+4P
S,0,0,0,2,2,4,_H2S_H2O,5.0,SSSUU+4P-H2S-H2O,1464.103946,1464.1039,1465.111771,1465.1118,XSSUU+4P
S,0,2,0,1,1,4,_H2S,5.0,SCCSU+4P-H2S,1464.169322,1464.1693,1465.177147,1465.1771,XCCSU+4P
S,0,1,0,1,2,4,_H2S,5.0,SCSUU+4P-H2S,1465.153338,1465.1533,1466.161163,1466.1612,XCSUU+4P
S,0,0,0,1,3,4,_H2S,5.0,SSUUU+4P-H2S,1466.137354,1466.1374,1467.145179,1467.1452,XSUUU+4P
S,0,3,1,0,0,4,_H2S_H2O,5.0,SCCCG+4P-H2S-H2O,1468.219716,1468.2197,1469.227541,1469.2275,XCCCG+4P
S,1,2,0,1,0,4,_H2S_H2O,5.0,SACCS+4P-H2S-H2O,1469.185974,1469.186,1470.193799,1470.1938,XACCS+4P
S,0,2,1,0,1,4,_H2S_H2O,5.0,SCCGU+4P-H2S-H2O,1469.203732,1469.2037,1470.211557,1470.2116,XCCGU+4P
S,1,1,0,1,1,4,_H2S_H2O,5.0,SACSU+4P-H2S-H2O,1470.16999,1470.17,1471.177815,1471.1778,XACSU+4P
S,0,1,1,0,2,4,_H2S_H2O,5.0,SCGUU+4P-H2S-H2O,1470.187748,1470.1877,1471.195573,1471.1956,XCGUU+4P
S,1,3,0,0,0,4,_H2S,5.0,SACCC+4P-H2S,1470.235366,1470.2354,1471.243191,1471.2432,XACCC+4P
S,1,0,0,1,2,4,_H2S_H2O,5.0,SASUU+4P-H2S-H2O,1471.154006,1471.154,1472.161831,1472.1618,XASUU+4P
S,0,0,1,0,3,4,_H2S_H2O,5.0,SGUUU+4P-H2S-H2O,1471.171764,1471.1718,1472.179589,1472.1796,XGUUU+4P
S,1,2,0,0,1,4,_H2S,5.0,SACCU+4P-H2S,1471.219382,1471.2194,1472.227207,1472.2272,XACCU+4P
S,1,1,0,0,2,4,_H2S,5.0,SACUU+4P-H2S,1472.203398,1472.2034,1473.211223,1473.2112,XACUU+4P
S,1,0,0,0,3,4,_H2S,5.0,SAUUU+4P-H2S,1473.187414,1473.1874,1474.195239,1474.1952,XAUUU+4P
S,2,2,0,0,0,4,_H2S_H2O,5.0,SAACC+4P-H2S-H2O,1476.236034,1476.236,1477.243859,1477.2439,XAACC+4P
S,2,1,0,0,1,4,_H2S_H2O,5.0,SAACU+4P-H2S-H2O,1477.22005,1477.22,1478.2278749999998,1478.2279,XAACU+4P
S,2,0,0,0,2,4,_H2S_H2O,5.0,SAAUU+4P-H2S-H2O,1478.204066,1478.2041,1479.211891,1479.2119,XAAUU+4P
S,0,1,0,3,0,4,_H2S_H2O,5.0,SCSSS+4P-H2S-H2O,1479.097087,1479.0971,1480.104912,1480.1049,XCSSS+4P
S,0,0,0,3,1,4,_H2S_H2O,5.0,SSSSU+4P-H2S-H2O,1480.081103,1480.0811,1481.088928,1481.0889,XSSSU+4P
S,0,2,0,2,0,4,_H2S,5.0,SCCSS+4P-H2S,1480.146479,1480.1465,1481.154304,1481.1543,XCCSS+4P
S,0,1,0,2,1,4,_H2S,5.0,SCSSU+4P-H2S,1481.130495,1481.1305,1482.13832,1482.1383,XCSSU+4P
S,0,0,0,2,2,4,_H2S,5.0,SSSUU+4P-H2S,1482.114511,1482.1145,1483.122336,1483.1223,XSSUU+4P
S,0,2,1,1,0,4,_H2S_H2O,5.0,SCCGS+4P-H2S-H2O,1485.180889,1485.1809,1486.188714,1486.1887,XCCGS+4P
S,1,1,0,2,0,4,_H2S_H2O,5.0,SACSS+4P-H2S-H2O,1486.147147,1486.1471,1487.1549719999998,1487.155,XACSS+4P
S,0,1,1,1,1,4,_H2S_H2O,5.0,SCGSU+4P-H2S-H2O,1486.164905,1486.1649,1487.17273,1487.1727,XCGSU+4P
S,0,3,1,0,0,4,_H2S,5.0,SCCCG+4P-H2S,1486.230281,1486.2303,1487.238106,1487.2381,XCCCG+4P
S,1,0,0,2,1,4,_H2S_H2O,5.0,SASSU+4P-H2S-H2O,1487.131163,1487.1312,1488.138988,1488.139,XASSU+4P
S,0,0,1,1,2,4,_H2S_H2O,5.0,SGSUU+4P-H2S-H2O,1487.148921,1487.1489,1488.156746,1488.1567,XGSUU+4P
S,1,2,0,1,0,4,_H2S,5.0,SACCS+4P-H2S,1487.196539,1487.1965,1488.204364,1488.2044,XACCS+4P
S,0,2,1,0,1,4,_H2S,5.0,SCCGU+4P-H2S,1487.214297,1487.2143,1488.222122,1488.2221,XCCGU+4P
S,1,1,0,1,1,4,_H2S,5.0,SACSU+4P-H2S,1488.180555,1488.1806,1489.1883799999998,1489.1884,XACSU+4P
S,0,1,1,0,2,4,_H2S,5.0,SCGUU+4P-H2S,1488.198313,1488.1983,1489.206138,1489.2061,XCGUU+4P
S,1,0,0,1,2,4,_H2S,5.0,SASUU+4P-H2S,1489.164571,1489.1646,1490.172396,1490.1724,XASUU+4P
S,0,0,1,0,3,4,_H2S,5.0,SGUUU+4P-H2S,1489.182329,1489.1823,1490.190154,1490.1902,XGUUU+4P
S,1,2,1,0,0,4,_H2S_H2O,5.0,SACCG+4P-H2S-H2O,1492.230949,1492.2309,1493.238774,1493.2388,XACCG+4P
S,2,1,0,1,0,4,_H2S_H2O,5.0,SAACS+4P-H2S-H2O,1493.197207,1493.1972,1494.2050319999998,1494.205,XAACS+4P
S,1,1,1,0,1,4,_H2S_H2O,5.0,SACGU+4P-H2S-H2O,1493.214965,1493.215,1494.2227899999998,1494.2228,XACGU+4P
S,2,0,0,1,1,4,_H2S_H2O,5.0,SAASU+4P-H2S-H2O,1494.181223,1494.1812,1495.189048,1495.189,XAASU+4P
S,1,0,1,0,2,4,_H2S_H2O,5.0,SAGUU+4P-H2S-H2O,1494.198981,1494.199,1495.206806,1495.2068,XAGUU+4P
S,2,2,0,0,0,4,_H2S,5.0,SAACC+4P-H2S,1494.246599,1494.2466,1495.254424,1495.2544,XAACC+4P
S,2,1,0,0,1,4,_H2S,5.0,SAACU+4P-H2S,1495.230615,1495.2306,1496.23844,1496.2384,XAACU+4P
S,0,0,0,4,0,4,_H2S_H2O,5.0,SSSSS+4P-H2S-H2O,1496.05826,1496.0583,1497.066085,1497.0661,XSSSS+4P
S,2,0,0,0,2,4,_H2S,5.0,SAAUU+4P-H2S,1496.214631,1496.2146,1497.222456,1497.2225,XAAUU+4P
S,0,1,0,3,0,4,_H2S,5.0,SCSSS+4P-H2S,1497.107652,1497.1077,1498.1154769999998,1498.1155,XCSSS+4P
S,0,0,0,3,1,4,_H2S,5.0,SSSSU+4P-H2S,1498.091668,1498.0917,1499.099493,1499.0995,XSSSU+4P
S,3,1,0,0,0,4,_H2S_H2O,5.0,SAAAC+4P-H2S-H2O,1500.247267,1500.2473,1501.255092,1501.2551,XAAAC+4P
S,3,0,0,0,1,4,_H2S_H2O,5.0,SAAAU+4P-H2S-H2O,1501.231283,1501.2313,1502.239108,1502.2391,XAAAU+4P
S,0,1,1,2,0,4,_H2S_H2O,5.0,SCGSS+4P-H2S-H2O,1502.142062,1502.1421,1503.1498869999998,1503.1499,XCGSS+4P
S,1,0,0,3,0,4,_H2S_H2O,5.0,SASSS+4P-H2S-H2O,1503.10832,1503.1083,1504.116145,1504.1161,XASSS+4P
S,0,0,1,2,1,4,_H2S_H2O,5.0,SGSSU+4P-H2S-H2O,1503.126078,1503.1261,1504.133903,1504.1339,XGSSU+4P
S,0,2,1,1,0,4,_H2S,5.0,SCCGS+4P-H2S,1503.191454,1503.1915,1504.199279,1504.1993,XCCGS+4P
S,1,1,0,2,0,4,_H2S,5.0,SACSS+4P-H2S,1504.157712,1504.1577,1505.165537,1505.1655,XACSS+4P
S,0,1,1,1,1,4,_H2S,5.0,SCGSU+4P-H2S,1504.17547,1504.1755,1505.1832949999998,1505.1833,XCGSU+4P
S,1,0,0,2,1,4,_H2S,5.0,SASSU+4P-H2S,1505.141728,1505.1417,1506.149553,1506.1496,XASSU+4P
S,0,0,1,1,2,4,_H2S,5.0,SGSUU+4P-H2S,1505.159486,1505.1595,1506.167311,1506.1673,XGSUU+4P
S,0,4,0,0,0,5,_H2S_H2O,5.0,SCCCC+5P-H2S-H2O,1508.179901,1508.1799,1509.187726,1509.1877,XCCCC+5P
S,0,2,2,0,0,4,_H2S_H2O,5.0,SCCGG+4P-H2S-H2O,1508.225864,1508.2259,1509.233689,1509.2337,XCCGG+4P
S,0,3,0,0,1,5,_H2S_H2O,5.0,SCCCU+5P-H2S-H2O,1509.163917,1509.1639,1510.171742,1510.1717,XCCCU+5P
S,1,1,1,1,0,4,_H2S_H2O,5.0,SACGS+4P-H2S-H2O,1509.192122,1509.1921,1510.1999469999998,1510.1999,XACGS+4P
S,0,1,2,0,1,4,_H2S_H2O,5.0,SCGGU+4P-H2S-H2O,1509.20988,1509.2099,1510.217705,1510.2177,XCGGU+4P
S,0,2,0,0,2,5,_H2S_H2O,5.0,SCCUU+5P-H2S-H2O,1510.147933,1510.1479,1511.155758,1511.1558,XCCUU+5P
S,2,0,0,2,0,4,_H2S_H2O,5.0,SAASS+4P-H2S-H2O,1510.15838,1510.1584,1511.166205,1511.1662,XAASS+4P
S,1,0,1,1,1,4,_H2S_H2O,5.0,SAGSU+4P-H2S-H2O,1510.176138,1510.1761,1511.183963,1511.184,XAGSU+4P
S,0,0,2,0,2,4,_H2S_H2O,5.0,SGGUU+4P-H2S-H2O,1510.193896,1510.1939,1511.201721,1511.2017,XGGUU+4P
S,1,2,1,0,0,4,_H2S,5.0,SACCG+4P-H2S,1510.241514,1510.2415,1511.249339,1511.2493,XACCG+4P
S,0,1,0,0,3,5,_H2S_H2O,5.0,SCUUU+5P-H2S-H2O,1511.131949,1511.1319,1512.139774,1512.1398,XCUUU+5P
S,2,1,0,1,0,4,_H2S,5.0,SAACS+4P-H2S,1511.207772,1511.2078,1512.215597,1512.2156,XAACS+4P
S,1,1,1,0,1,4,_H2S,5.0,SACGU+4P-H2S,1511.22553,1511.2255,1512.2333549999998,1512.2334,XACGU+4P
S,0,0,0,0,4,5,_H2S_H2O,5.0,SUUUU+5P-H2S-H2O,1512.115965,1512.116,1513.12379,1513.1238,XUUUU+5P
S,2,0,0,1,1,4,_H2S,5.0,SAASU+4P-H2S,1512.191788,1512.1918,1513.199613,1513.1996,XAASU+4P
S,1,0,1,0,2,4,_H2S,5.0,SAGUU+4P-H2S,1512.209546,1512.2095,1513.217371,1513.2174,XAGUU+4P
S,0,0,0,4,0,4,_H2S,5.0,SSSSS+4P-H2S,1514.068825,1514.0688,1515.07665,1515.0766,XSSSS+4P
S,2,1,1,0,0,4,_H2S_H2O,5.0,SAACG+4P-H2S-H2O,1516.242182,1516.2422,1517.250007,1517.25,XAACG+4P
S,3,0,0,1,0,4,_H2S_H2O,5.0,SAAAS+4P-H2S-H2O,1517.20844,1517.2084,1518.216265,1518.2163,XAAAS+4P
S,2,0,1,0,1,4,_H2S_H2O,5.0,SAAGU+4P-H2S-H2O,1517.226198,1517.2262,1518.234023,1518.234,XAAGU+4P
S,3,1,0,0,0,4,_H2S,5.0,SAAAC+4P-H2S,1518.257832,1518.2578,1519.265657,1519.2657,XAAAC+4P
S,0,0,1,3,0,4,_H2S_H2O,5.0,SGSSS+4P-H2S-H2O,1519.103235,1519.1032,1520.11106,1520.1111,XGSSS+4P
S,3,0,0,0,1,4,_H2S,5.0,SAAAU+4P-H2S,1519.241848,1519.2418,1520.2496729999998,1520.2497,XAAAU+4P
S,0,1,1,2,0,4,_H2S,5.0,SCGSS+4P-H2S,1520.152627,1520.1526,1521.160452,1521.1605,XCGSS+4P
S,1,0,0,3,0,4,_H2S,5.0,SASSS+4P-H2S,1521.118885,1521.1189,1522.12671,1522.1267,XASSS+4P
S,0,0,1,2,1,4,_H2S,5.0,SGSSU+4P-H2S,1521.136643,1521.1366,1522.144468,1522.1445,XGSSU+4P
S,4,0,0,0,0,4,_H2S_H2O,5.0,SAAAA+4P-H2S-H2O,1524.2585,1524.2585,1525.2663249999998,1525.2663,XAAAA+4P
S,0,3,0,1,0,5,_H2S_H2O,5.0,SCCCS+5P-H2S-H2O,1525.141074,1525.1411,1526.1488989999998,1526.1489,XCCCS+5P
S,0,1,2,1,0,4,_H2S_H2O,5.0,SCGGS+4P-H2S-H2O,1525.187037,1525.187,1526.1948619999998,1526.1949,XCGGS+4P
S,0,2,0,1,1,5,_H2S_H2O,5.0,SCCSU+5P-H2S-H2O,1526.12509,1526.1251,1527.132915,1527.1329,XCCSU+5P
S,1,0,1,2,0,4,_H2S_H2O,5.0,SAGSS+4P-H2S-H2O,1526.153295,1526.1533,1527.16112,1527.1611,XAGSS+4P
S,0,0,2,1,1,4,_H2S_H2O,5.0,SGGSU+4P-H2S-H2O,1526.171053,1526.1711,1527.178878,1527.1789,XGGSU+4P
S,0,4,0,0,0,5,_H2S,5.0,SCCCC+5P-H2S,1526.190466,1526.1905,1527.198291,1527.1983,XCCCC+5P
S,0,2,2,0,0,4,_H2S,5.0,SCCGG+4P-H2S,1526.236429,1526.2364,1527.244254,1527.2443,XCCGG+4P
S,0,1,0,1,2,5,_H2S_H2O,5.0,SCSUU+5P-H2S-H2O,1527.109106,1527.1091,1528.116931,1528.1169,XCSUU+5P
S,0,3,0,0,1,5,_H2S,5.0,SCCCU+5P-H2S,1527.174482,1527.1745,1528.1823069999998,1528.1823,XCCCU+5P
S,1,1,1,1,0,4,_H2S,5.0,SACGS+4P-H2S,1527.202687,1527.2027,1528.210512,1528.2105,XACGS+4P
S,0,1,2,0,1,4,_H2S,5.0,SCGGU+4P-H2S,1527.220445,1527.2204,1528.2282699999998,1528.2283,XCGGU+4P
S,0,0,0,1,3,5,_H2S_H2O,5.0,SSUUU+5P-H2S-H2O,1528.093122,1528.0931,1529.100947,1529.1009,XSUUU+5P
S,0,2,0,0,2,5,_H2S,5.0,SCCUU+5P-H2S,1528.158498,1528.1585,1529.166323,1529.1663,XCCUU+5P
S,2,0,0,2,0,4,_H2S,5.0,SAASS+4P-H2S,1528.168945,1528.1689,1529.1767699999998,1529.1768,XAASS+4P
S,1,0,1,1,1,4,_H2S,5.0,SAGSU+4P-H2S,1528.186703,1528.1867,1529.194528,1529.1945,XAGSU+4P
S,0,0,2,0,2,4,_H2S,5.0,SGGUU+4P-H2S,1528.204461,1528.2045,1529.212286,1529.2123,XGGUU+4P
S,0,1,0,0,3,5,_H2S,5.0,SCUUU+5P-H2S,1529.142514,1529.1425,1530.1503389999998,1530.1503,XCUUU+5P
S,0,0,0,0,4,5,_H2S,5.0,SUUUU+5P-H2S,1530.12653,1530.1265,1531.134355,1531.1344,XUUUU+5P
S,1,3,0,0,0,5,_H2S_H2O,5.0,SACCC+5P-H2S-H2O,1532.191134,1532.1911,1533.1989589999998,1533.199,XACCC+5P
S,1,1,2,0,0,4,_H2S_H2O,5.0,SACGG+4P-H2S-H2O,1532.237097,1532.2371,1533.244922,1533.2449,XACGG+4P
S,1,2,0,0,1,5,_H2S_H2O,5.0,SACCU+5P-H2S-H2O,1533.17515,1533.1752,1534.182975,1534.183,XACCU+5P
S,2,0,1,1,0,4,_H2S_H2O,5.0,SAAGS+4P-H2S-H2O,1533.203355,1533.2034,1534.21118,1534.2112,XAAGS+4P
S,1,0,2,0,1,4,_H2S_H2O,5.0,SAGGU+4P-H2S-H2O,1533.221113,1533.2211,1534.228938,1534.2289,XAGGU+4P
S,1,1,0,0,2,5,_H2S_H2O,5.0,SACUU+5P-H2S-H2O,1534.159166,1534.1592,1535.1669909999998,1535.167,XACUU+5P
S,2,1,1,0,0,4,_H2S,5.0,SAACG+4P-H2S,1534.252747,1534.2527,1535.260572,1535.2606,XAACG+4P
S,1,0,0,0,3,5,_H2S_H2O,5.0,SAUUU+5P-H2S-H2O,1535.143182,1535.1432,1536.151007,1536.151,XAUUU+5P
S,3,0,0,1,0,4,_H2S,5.0,SAAAS+4P-H2S,1535.219005,1535.219,1536.2268299999998,1536.2268,XAAAS+4P
S,2,0,1,0,1,4,_H2S,5.0,SAAGU+4P-H2S,1535.236763,1535.2368,1536.244588,1536.2446,XAAGU+4P
S,0,0,1,3,0,4,_H2S,5.0,SGSSS+4P-H2S,1537.1138,1537.1138,1538.121625,1538.1216,XGSSS+4P
S,3,0,1,0,0,4,_H2S_H2O,5.0,SAAAG+4P-H2S-H2O,1540.253415,1540.2534,1541.2612399999998,1541.2612,XAAAG+4P
S,0,2,0,2,0,5,_H2S_H2O,5.0,SCCSS+5P-H2S-H2O,1542.102247,1542.1022,1543.110072,1543.1101,XCCSS+5P
S,0,0,2,2,0,4,_H2S_H2O,5.0,SGGSS+4P-H2S-H2O,1542.14821,1542.1482,1543.156035,1543.156,XGGSS+4P
S,4,0,0,0,0,4,_H2S,5.0,SAAAA+4P-H2S,1542.269065,1542.2691,1543.27689,1543.2769,XAAAA+4P
S,0,1,0,2,1,5,_H2S_H2O,5.0,SCSSU+5P-H2S-H2O,1543.086263,1543.0863,1544.0940879999998,1544.0941,XCSSU+5P
S,0,3,0,1,0,5,_H2S,5.0,SCCCS+5P-H2S,1543.151639,1543.1516,1544.1594639999998,1544.1595,XCCCS+5P
S,0,1,2,1,0,4,_H2S,5.0,SCGGS+4P-H2S,1543.197602,1543.1976,1544.205427,1544.2054,XCGGS+4P
S,0,0,0,2,2,5,_H2S_H2O,5.0,SSSUU+5P-H2S-H2O,1544.070279,1544.0703,1545.078104,1545.0781,XSSUU+5P
S,0,2,0,1,1,5,_H2S,5.0,SCCSU+5P-H2S,1544.135655,1544.1357,1545.14348,1545.1435,XCCSU+5P
S,1,0,1,2,0,4,_H2S,5.0,SAGSS+4P-H2S,1544.16386,1544.1639,1545.171685,1545.1717,XAGSS+4P
S,0,0,2,1,1,4,_H2S,5.0,SGGSU+4P-H2S,1544.181618,1544.1816,1545.189443,1545.1894,XGGSU+4P
S,0,1,0,1,2,5,_H2S,5.0,SCSUU+5P-H2S,1545.119671,1545.1197,1546.1274959999998,1546.1275,XCSUU+5P
S,0,0,0,1,3,5,_H2S,5.0,SSUUU+5P-H2S,1546.103687,1546.1037,1547.111512,1547.1115,XSUUU+5P
S,0,3,1,0,0,5,_H2S_H2O,5.0,SCCCG+5P-H2S-H2O,1548.186049,1548.186,1549.1938739999998,1549.1939,XCCCG+5P
S,0,1,3,0,0,4,_H2S_H2O,5.0,SCGGG+4P-H2S-H2O,1548.232012,1548.232,1549.239837,1549.2398,XCGGG+4P
S,1,2,0,1,0,5,_H2S_H2O,5.0,SACCS+5P-H2S-H2O,1549.152307,1549.1523,1550.160132,1550.1601,XACCS+5P
S,0,2,1,0,1,5,_H2S_H2O,5.0,SCCGU+5P-H2S-H2O,1549.170065,1549.1701,1550.17789,1550.1779,XCCGU+5P
S,1,0,2,1,0,4,_H2S_H2O,5.0,SAGGS+4P-H2S-H2O,1549.19827,1549.1983,1550.206095,1550.2061,XAGGS+4P
S,0,0,3,0,1,4,_H2S_H2O,5.0,SGGGU+4P-H2S-H2O,1549.216028,1549.216,1550.223853,1550.2239,XGGGU+4P
S,1,1,0,1,1,5,_H2S_H2O,5.0,SACSU+5P-H2S-H2O,1550.136323,1550.1363,1551.144148,1551.1441,XACSU+5P
S,0,1,1,0,2,5,_H2S_H2O,5.0,SCGUU+5P-H2S-H2O,1550.154081,1550.1541,1551.1619059999998,1551.1619,XCGUU+5P
S,1,3,0,0,0,5,_H2S,5.0,SACCC+5P-H2S,1550.201699,1550.2017,1551.209524,1551.2095,XACCC+5P
S,1,1,2,0,0,4,_H2S,5.0,SACGG+4P-H2S,1550.247662,1550.2477,1551.255487,1551.2555,XACGG+4P
S,1,0,0,1,2,5,_H2S_H2O,5.0,SASUU+5P-H2S-H2O,1551.120339,1551.1203,1552.128164,1552.1282,XASUU+5P
S,0,0,1,0,3,5,_H2S_H2O,5.0,SGUUU+5P-H2S-H2O,1551.138097,1551.1381,1552.145922,1552.1459,XGUUU+5P
S,1,2,0,0,1,5,_H2S,5.0,SACCU+5P-H2S,1551.185715,1551.1857,1552.19354,1552.1935,XACCU+5P
S,2,0,1,1,0,4,_H2S,5.0,SAAGS+4P-H2S,1551.21392,1551.2139,1552.2217449999998,1552.2217,XAAGS+4P
S,1,0,2,0,1,4,_H2S,5.0,SAGGU+4P-H2S,1551.231678,1551.2317,1552.239503,1552.2395,XAGGU+4P
S,1,1,0,0,2,5,_H2S,5.0,SACUU+5P-H2S,1552.169731,1552.1697,1553.177556,1553.1776,XACUU+5P
S,1,0,0,0,3,5,_H2S,5.0,SAUUU+5P-H2S,1553.153747,1553.1537,1554.161572,1554.1616,XAUUU+5P
S,2,2,0,0,0,5,_H2S_H2O,5.0,SAACC+5P-H2S-H2O,1556.202367,1556.2024,1557.210192,1557.2102,XAACC+5P
S,2,0,2,0,0,4,_H2S_H2O,5.0,SAAGG+4P-H2S-H2O,1556.24833,1556.2483,1557.2561549999998,1557.2562,XAAGG+4P
S,2,1,0,0,1,5,_H2S_H2O,5.0,SAACU+5P-H2S-H2O,1557.186383,1557.1864,1558.194208,1558.1942,XAACU+5P
S,2,0,0,0,2,5,_H2S_H2O,5.0,SAAUU+5P-H2S-H2O,1558.170399,1558.1704,1559.178224,1559.1782,XAAUU+5P
S,3,0,1,0,0,4,_H2S,5.0,SAAAG+4P-H2S,1558.26398,1558.264,1559.271805,1559.2718,XAAAG+4P
S,0,1,0,3,0,5,_H2S_H2O,5.0,SCSSS+5P-H2S-H2O,1559.06342,1559.0634,1560.071245,1560.0712,XCSSS+5P
S,0,0,0,3,1,5,_H2S_H2O,5.0,SSSSU+5P-H2S-H2O,1560.047436,1560.0474,1561.055261,1561.0553,XSSSU+5P
S,0,2,0,2,0,5,_H2S,5.0,SCCSS+5P-H2S,1560.112812,1560.1128,1561.120637,1561.1206,XCCSS+5P
S,0,0,2,2,0,4,_H2S,5.0,SGGSS+4P-H2S,1560.158775,1560.1588,1561.1666,1561.1666,XGGSS+4P
S,0,1,0,2,1,5,_H2S,5.0,SCSSU+5P-H2S,1561.096828,1561.0968,1562.104653,1562.1047,XCSSU+5P
S,0,0,0,2,2,5,_H2S,5.0,SSSUU+5P-H2S,1562.080844,1562.0808,1563.088669,1563.0887,XSSUU+5P
S,0,2,1,1,0,5,_H2S_H2O,5.0,SCCGS+5P-H2S-H2O,1565.147222,1565.1472,1566.155047,1566.155,XCCGS+5P
S,0,0,3,1,0,4,_H2S_H2O,5.0,SGGGS+4P-H2S-H2O,1565.193185,1565.1932,1566.20101,1566.201,XGGGS+4P
S,1,1,0,2,0,5,_H2S_H2O,5.0,SACSS+5P-H2S-H2O,1566.11348,1566.1135,1567.121305,1567.1213,XACSS+5P
S,0,1,1,1,1,5,_H2S_H2O,5.0,SCGSU+5P-H2S-H2O,1566.131238,1566.1312,1567.139063,1567.1391,XCGSU+5P
S,0,3,1,0,0,5,_H2S,5.0,SCCCG+5P-H2S,1566.196614,1566.1966,1567.204439,1567.2044,XCCCG+5P
S,0,1,3,0,0,4,_H2S,5.0,SCGGG+4P-H2S,1566.242577,1566.2426,1567.250402,1567.2504,XCGGG+4P
S,1,0,0,2,1,5,_H2S_H2O,5.0,SASSU+5P-H2S-H2O,1567.097496,1567.0975,1568.105321,1568.1053,XASSU+5P
S,0,0,1,1,2,5,_H2S_H2O,5.0,SGSUU+5P-H2S-H2O,1567.115254,1567.1153,1568.123079,1568.1231,XGSUU+5P
S,1,2,0,1,0,5,_H2S,5.0,SACCS+5P-H2S,1567.162872,1567.1629,1568.170697,1568.1707,XACCS+5P
S,0,2,1,0,1,5,_H2S,5.0,SCCGU+5P-H2S,1567.18063,1567.1806,1568.188455,1568.1885,XCCGU+5P
S,1,0,2,1,0,4,_H2S,5.0,SAGGS+4P-H2S,1567.208835,1567.2088,1568.2166599999998,1568.2167,XAGGS+4P
S,0,0,3,0,1,4,_H2S,5.0,SGGGU+4P-H2S,1567.226593,1567.2266,1568.234418,1568.2344,XGGGU+4P
S,1,1,0,1,1,5,_H2S,5.0,SACSU+5P-H2S,1568.146888,1568.1469,1569.154713,1569.1547,XACSU+5P
S,0,1,1,0,2,5,_H2S,5.0,SCGUU+5P-H2S,1568.164646,1568.1646,1569.172471,1569.1725,XCGUU+5P
S,1,0,0,1,2,5,_H2S,5.0,SASUU+5P-H2S,1569.130904,1569.1309,1570.138729,1570.1387,XASUU+5P
S,0,0,1,0,3,5,_H2S,5.0,SGUUU+5P-H2S,1569.148662,1569.1487,1570.156487,1570.1565,XGUUU+5P
S,1,2,1,0,0,5,_H2S_H2O,5.0,SACCG+5P-H2S-H2O,1572.197282,1572.1973,1573.205107,1573.2051,XACCG+5P
S,1,0,3,0,0,4,_H2S_H2O,5.0,SAGGG+4P-H2S-H2O,1572.243245,1572.2432,1573.2510699999998,1573.2511,XAGGG+4P
S,2,1,0,1,0,5,_H2S_H2O,5.0,SAACS+5P-H2S-H2O,1573.16354,1573.1635,1574.171365,1574.1714,XAACS+5P
S,1,1,1,0,1,5,_H2S_H2O,5.0,SACGU+5P-H2S-H2O,1573.181298,1573.1813,1574.189123,1574.1891,XACGU+5P
S,2,0,0,1,1,5,_H2S_H2O,5.0,SAASU+5P-H2S-H2O,1574.147556,1574.1476,1575.1553809999998,1575.1554,XAASU+5P
S,1,0,1,0,2,5,_H2S_H2O,5.0,SAGUU+5P-H2S-H2O,1574.165314,1574.1653,1575.173139,1575.1731,XAGUU+5P
S,2,2,0,0,0,5,_H2S,5.0,SAACC+5P-H2S,1574.212932,1574.2129,1575.2207569999998,1575.2208,XAACC+5P
S,2,0,2,0,0,4,_H2S,5.0,SAAGG+4P-H2S,1574.258895,1574.2589,1575.26672,1575.2667,XAAGG+4P
S,2,1,0,0,1,5,_H2S,5.0,SAACU+5P-H2S,1575.196948,1575.1969,1576.204773,1576.2048,XAACU+5P
S,0,0,0,4,0,5,_H2S_H2O,5.0,SSSSS+5P-H2S-H2O,1576.024593,1576.0246,1577.032418,1577.0324,XSSSS+5P
S,2,0,0,0,2,5,_H2S,5.0,SAAUU+5P-H2S,1576.180964,1576.181,1577.1887889999998,1577.1888,XAAUU+5P
S,0,1,0,3,0,5,_H2S,5.0,SCSSS+5P-H2S,1577.073985,1577.074,1578.08181,1578.0818,XCSSS+5P
S,0,0,0,3,1,5,_H2S,5.0,SSSSU+5P-H2S,1578.058001,1578.058,1579.065826,1579.0658,XSSSU+5P
S,3,1,0,0,0,5,_H2S_H2O,5.0,SAAAC+5P-H2S-H2O,1580.2136,1580.2136,1581.221425,1581.2214,XAAAC+5P
S,3,0,0,0,1,5,_H2S_H2O,5.0,SAAAU+5P-H2S-H2O,1581.197616,1581.1976,1582.2054409999998,1582.2054,XAAAU+5P
S,0,1,1,2,0,5,_H2S_H2O,5.0,SCGSS+5P-H2S-H2O,1582.108395,1582.1084,1583.11622,1583.1162,XCGSS+5P
S,1,0,0,3,0,5,_H2S_H2O,5.0,SASSS+5P-H2S-H2O,1583.074653,1583.0747,1584.0824779999998,1584.0825,XASSS+5P
S,0,0,1,2,1,5,_H2S_H2O,5.0,SGSSU+5P-H2S-H2O,1583.092411,1583.0924,1584.100236,1584.1002,XGSSU+5P
S,0,2,1,1,0,5,_H2S,5.0,SCCGS+5P-H2S,1583.157787,1583.1578,1584.165612,1584.1656,XCCGS+5P
S,0,0,3,1,0,4,_H2S,5.0,SGGGS+4P-H2S,1583.20375,1583.2038,1584.2115749999998,1584.2116,XGGGS+4P
S,1,1,0,2,0,5,_H2S,5.0,SACSS+5P-H2S,1584.124045,1584.124,1585.13187,1585.1319,XACSS+5P
S,0,1,1,1,1,5,_H2S,5.0,SCGSU+5P-H2S,1584.141803,1584.1418,1585.149628,1585.1496,XCGSU+5P
S,1,0,0,2,1,5,_H2S,5.0,SASSU+5P-H2S,1585.108061,1585.1081,1586.1158859999998,1586.1159,XASSU+5P
S,0,0,1,1,2,5,_H2S,5.0,SGSUU+5P-H2S,1585.125819,1585.1258,1586.133644,1586.1336,XGSUU+5P
S,0,4,0,0,0,6,_H2S_H2O,5.0,SCCCC+6P-H2S-H2O,1588.146234,1588.1462,1589.154059,1589.1541,XCCCC+6P
S,0,2,2,0,0,5,_H2S_H2O,5.0,SCCGG+5P-H2S-H2O,1588.192197,1588.1922,1589.200022,1589.2,XCCGG+5P
S,0,0,4,0,0,4,_H2S_H2O,5.0,SGGGG+4P-H2S-H2O,1588.23816,1588.2382,1589.245985,1589.246,XGGGG+4P
S,0,3,0,0,1,6,_H2S_H2O,5.0,SCCCU+6P-H2S-H2O,1589.13025,1589.1302,1590.1380749999998,1590.1381,XCCCU+6P
S,1,1,1,1,0,5,_H2S_H2O,5.0,SACGS+5P-H2S-H2O,1589.158455,1589.1585,1590.16628,1590.1663,XACGS+5P
S,0,1,2,0,1,5,_H2S_H2O,5.0,SCGGU+5P-H2S-H2O,1589.176213,1589.1762,1590.184038,1590.184,XCGGU+5P
S,0,2,0,0,2,6,_H2S_H2O,5.0,SCCUU+6P-H2S-H2O,1590.114266,1590.1143,1591.122091,1591.1221,XCCUU+6P
S,2,0,0,2,0,5,_H2S_H2O,5.0,SAASS+5P-H2S-H2O,1590.124713,1590.1247,1591.1325379999998,1591.1325,XAASS+5P
S,1,0,1,1,1,5,_H2S_H2O,5.0,SAGSU+5P-H2S-H2O,1590.142471,1590.1425,1591.1502959999998,1591.1503,XAGSU+5P
S,0,0,2,0,2,5,_H2S_H2O,5.0,SGGUU+5P-H2S-H2O,1590.160229,1590.1602,1591.168054,1591.1681,XGGUU+5P
S,1,2,1,0,0,5,_H2S,5.0,SACCG+5P-H2S,1590.207847,1590.2078,1591.2156719999998,1591.2157,XACCG+5P
S,1,0,3,0,0,4,_H2S,5.0,SAGGG+4P-H2S,1590.25381,1590.2538,1591.2616349999998,1591.2616,XAGGG+4P
S,0,1,0,0,3,6,_H2S_H2O,5.0,SCUUU+6P-H2S-H2O,1591.098282,1591.0983,1592.1061069999998,1592.1061,XCUUU+6P
S,2,1,0,1,0,5,_H2S,5.0,SAACS+5P-H2S,1591.174105,1591.1741,1592.18193,1592.1819,XAACS+5P
S,1,1,1,0,1,5,_H2S,5.0,SACGU+5P-H2S,1591.191863,1591.1919,1592.199688,1592.1997,XACGU+5P
S,0,0,0,0,4,6,_H2S_H2O,5.0,SUUUU+6P-H2S-H2O,1592.082298,1592.0823,1593.090123,1593.0901,XUUUU+6P
S,2,0,0,1,1,5,_H2S,5.0,SAASU+5P-H2S,1592.158121,1592.1581,1593.1659459999998,1593.1659,XAASU+5P
S,1,0,1,0,2,5,_H2S,5.0,SAGUU+5P-H2S,1592.175879,1592.1759,1593.1837039999998,1593.1837,XAGUU+5P
S,0,0,0,4,0,5,_H2S,5.0,SSSSS+5P-H2S,1594.035158,1594.0352,1595.0429829999998,1595.043,XSSSS+5P
S,2,1,1,0,0,5,_H2S_H2O,5.0,SAACG+5P-H2S-H2O,1596.208515,1596.2085,1597.21634,1597.2163,XAACG+5P
S,3,0,0,1,0,5,_H2S_H2O,5.0,SAAAS+5P-H2S-H2O,1597.174773,1597.1748,1598.182598,1598.1826,XAAAS+5P
S,2,0,1,0,1,5,_H2S_H2O,5.0,SAAGU+5P-H2S-H2O,1597.192531,1597.1925,1598.2003559999998,1598.2004,XAAGU+5P
S,3,1,0,0,0,5,_H2S,5.0,SAAAC+5P-H2S,1598.224165,1598.2242,1599.23199,1599.232,XAAAC+5P
S,0,0,1,3,0,5,_H2S_H2O,5.0,SGSSS+5P-H2S-H2O,1599.069568,1599.0696,1600.0773929999998,1600.0774,XGSSS+5P
S,3,0,0,0,1,5,_H2S,5.0,SAAAU+5P-H2S,1599.208181,1599.2082,1600.216006,1600.216,XAAAU+5P
S,0,1,1,2,0,5,_H2S,5.0,SCGSS+5P-H2S,1600.11896,1600.119,1601.126785,1601.1268,XCGSS+5P
S,1,0,0,3,0,5,_H2S,5.0,SASSS+5P-H2S,1601.085218,1601.0852,1602.093043,1602.093,XASSS+5P
S,0,0,1,2,1,5,_H2S,5.0,SGSSU+5P-H2S,1601.102976,1601.103,1602.1108009999998,1602.1108,XGSSU+5P
S,4,0,0,0,0,5,_H2S_H2O,5.0,SAAAA+5P-H2S-H2O,1604.224833,1604.2248,1605.232658,1605.2327,XAAAA+5P
S,0,3,0,1,0,6,_H2S_H2O,5.0,SCCCS+6P-H2S-H2O,1605.107407,1605.1074,1606.115232,1606.1152,XCCCS+6P
S,0,1,2,1,0,5,_H2S_H2O,5.0,SCGGS+5P-H2S-H2O,1605.15337,1605.1534,1606.161195,1606.1612,XCGGS+5P
S,0,2,0,1,1,6,_H2S_H2O,5.0,SCCSU+6P-H2S-H2O,1606.091423,1606.0914,1607.099248,1607.0992,XCCSU+6P
S,1,0,1,2,0,5,_H2S_H2O,5.0,SAGSS+5P-H2S-H2O,1606.119628,1606.1196,1607.1274529999998,1607.1275,XAGSS+5P
S,0,0,2,1,1,5,_H2S_H2O,5.0,SGGSU+5P-H2S-H2O,1606.137386,1606.1374,1607.145211,1607.1452,XGGSU+5P
S,0,4,0,0,0,6,_H2S,5.0,SCCCC+6P-H2S,1606.156799,1606.1568,1607.164624,1607.1646,XCCCC+6P
S,0,2,2,0,0,5,_H2S,5.0,SCCGG+5P-H2S,1606.202762,1606.2028,1607.2105869999998,1607.2106,XCCGG+5P
S,0,0,4,0,0,4,_H2S,5.0,SGGGG+4P-H2S,1606.248725,1606.2487,1607.2565499999998,1607.2565,XGGGG+4P
S,0,1,0,1,2,6,_H2S_H2O,5.0,SCSUU+6P-H2S-H2O,1607.075439,1607.0754,1608.083264,1608.0833,XCSUU+6P
S,0,3,0,0,1,6,_H2S,5.0,SCCCU+6P-H2S,1607.140815,1607.1408,1608.14864,1608.1486,XCCCU+6P
S,1,1,1,1,0,5,_H2S,5.0,SACGS+5P-H2S,1607.16902,1607.169,1608.176845,1608.1768,XACGS+5P
S,0,1,2,0,1,5,_H2S,5.0,SCGGU+5P-H2S,1607.186778,1607.1868,1608.194603,1608.1946,XCGGU+5P
S,0,0,0,1,3,6,_H2S_H2O,5.0,SSUUU+6P-H2S-H2O,1608.059455,1608.0595,1609.06728,1609.0673,XSUUU+6P
S,0,2,0,0,2,6,_H2S,5.0,SCCUU+6P-H2S,1608.124831,1608.1248,1609.132656,1609.1327,XCCUU+6P
S,2,0,0,2,0,5,_H2S,5.0,SAASS+5P-H2S,1608.135278,1608.1353,1609.143103,1609.1431,XAASS+5P
S,1,0,1,1,1,5,_H2S,5.0,SAGSU+5P-H2S,1608.153036,1608.153,1609.1608609999998,1609.1609,XAGSU+5P
S,0,0,2,0,2,5,_H2S,5.0,SGGUU+5P-H2S,1608.170794,1608.1708,1609.1786189999998,1609.1786,XGGUU+5P
S,0,1,0,0,3,6,_H2S,5.0,SCUUU+6P-H2S,1609.108847,1609.1088,1610.116672,1610.1167,XCUUU+6P
S,0,0,0,0,4,6,_H2S,5.0,SUUUU+6P-H2S,1610.092863,1610.0929,1611.100688,1611.1007,XUUUU+6P
S,1,3,0,0,0,6,_H2S_H2O,5.0,SACCC+6P-H2S-H2O,1612.157467,1612.1575,1613.165292,1613.1653,XACCC+6P
S,1,1,2,0,0,5,_H2S_H2O,5.0,SACGG+5P-H2S-H2O,1612.20343,1612.2034,1613.211255,1613.2113,XACGG+5P
S,1,2,0,0,1,6,_H2S_H2O,5.0,SACCU+6P-H2S-H2O,1613.141483,1613.1415,1614.149308,1614.1493,XACCU+6P
S,2,0,1,1,0,5,_H2S_H2O,5.0,SAAGS+5P-H2S-H2O,1613.169688,1613.1697,1614.177513,1614.1775,XAAGS+5P
S,1,0,2,0,1,5,_H2S_H2O,5.0,SAGGU+5P-H2S-H2O,1613.187446,1613.1874,1614.1952709999998,1614.1953,XAGGU+5P
S,1,1,0,0,2,6,_H2S_H2O,5.0,SACUU+6P-H2S-H2O,1614.125499,1614.1255,1615.133324,1615.1333,XACUU+6P
S,2,1,1,0,0,5,_H2S,5.0,SAACG+5P-H2S,1614.21908,1614.2191,1615.226905,1615.2269,XAACG+5P
S,1,0,0,0,3,6,_H2S_H2O,5.0,SAUUU+6P-H2S-H2O,1615.109515,1615.1095,1616.11734,1616.1173,XAUUU+6P
S,3,0,0,1,0,5,_H2S,5.0,SAAAS+5P-H2S,1615.185338,1615.1853,1616.193163,1616.1932,XAAAS+5P
S,2,0,1,0,1,5,_H2S,5.0,SAAGU+5P-H2S,1615.203096,1615.2031,1616.210921,1616.2109,XAAGU+5P
S,0,0,1,3,0,5,_H2S,5.0,SGSSS+5P-H2S,1617.080133,1617.0801,1618.0879579999998,1618.088,XGSSS+5P
S,3,0,1,0,0,5,_H2S_H2O,5.0,SAAAG+5P-H2S-H2O,1620.219748,1620.2197,1621.227573,1621.2276,XAAAG+5P
S,0,2,0,2,0,6,_H2S_H2O,5.0,SCCSS+6P-H2S-H2O,1622.06858,1622.0686,1623.076405,1623.0764,XCCSS+6P
S,0,0,2,2,0,5,_H2S_H2O,5.0,SGGSS+5P-H2S-H2O,1622.114543,1622.1145,1623.1223679999998,1623.1224,XGGSS+5P
S,4,0,0,0,0,5,_H2S,5.0,SAAAA+5P-H2S,1622.235398,1622.2354,1623.243223,1623.2432,XAAAA+5P
S,0,1,0,2,1,6,_H2S_H2O,5.0,SCSSU+6P-H2S-H2O,1623.052596,1623.0526,1624.060421,1624.0604,XCSSU+6P
S,0,3,0,1,0,6,_H2S,5.0,SCCCS+6P-H2S,1623.117972,1623.118,1624.125797,1624.1258,XCCCS+6P
S,0,1,2,1,0,5,_H2S,5.0,SCGGS+5P-H2S,1623.163935,1623.1639,1624.17176,1624.1718,XCGGS+5P
S,0,0,0,2,2,6,_H2S_H2O,5.0,SSSUU+6P-H2S-H2O,1624.036612,1624.0366,1625.044437,1625.0444,XSSUU+6P
S,0,2,0,1,1,6,_H2S,5.0,SCCSU+6P-H2S,1624.101988,1624.102,1625.1098129999998,1625.1098,XCCSU+6P
S,1,0,1,2,0,5,_H2S,5.0,SAGSS+5P-H2S,1624.130193,1624.1302,1625.138018,1625.138,XAGSS+5P
S,0,0,2,1,1,5,_H2S,5.0,SGGSU+5P-H2S,1624.147951,1624.148,1625.1557759999998,1625.1558,XGGSU+5P
S,0,1,0,1,2,6,_H2S,5.0,SCSUU+6P-H2S,1625.086004,1625.086,1626.093829,1626.0938,XCSUU+6P
S,0,0,0,1,3,6,_H2S,5.0,SSUUU+6P-H2S,1626.07002,1626.07,1627.077845,1627.0778,XSUUU+6P
S,0,3,1,0,0,6,_H2S_H2O,5.0,SCCCG+6P-H2S-H2O,1628.152382,1628.1524,1629.160207,1629.1602,XCCCG+6P
S,0,1,3,0,0,5,_H2S_H2O,5.0,SCGGG+5P-H2S-H2O,1628.198345,1628.1983,1629.20617,1629.2062,XCGGG+5P
S,1,2,0,1,0,6,_H2S_H2O,5.0,SACCS+6P-H2S-H2O,1629.11864,1629.1186,1630.1264649999998,1630.1265,XACCS+6P
S,0,2,1,0,1,6,_H2S_H2O,5.0,SCCGU+6P-H2S-H2O,1629.136398,1629.1364,1630.144223,1630.1442,XCCGU+6P
S,1,0,2,1,0,5,_H2S_H2O,5.0,SAGGS+5P-H2S-H2O,1629.164603,1629.1646,1630.172428,1630.1724,XAGGS+5P
S,0,0,3,0,1,5,_H2S_H2O,5.0,SGGGU+5P-H2S-H2O,1629.182361,1629.1824,1630.1901859999998,1630.1902,XGGGU+5P
S,1,1,0,1,1,6,_H2S_H2O,5.0,SACSU+6P-H2S-H2O,1630.102656,1630.1027,1631.110481,1631.1105,XACSU+6P
S,0,1,1,0,2,6,_H2S_H2O,5.0,SCGUU+6P-H2S-H2O,1630.120414,1630.1204,1631.128239,1631.1282,XCGUU+6P
S,1,3,0,0,0,6,_H2S,5.0,SACCC+6P-H2S,1630.168032,1630.168,1631.175857,1631.1759,XACCC+6P
S,1,1,2,0,0,5,_H2S,5.0,SACGG+5P-H2S,1630.213995,1630.214,1631.22182,1631.2218,XACGG+5P
S,1,0,0,1,2,6,_H2S_H2O,5.0,SASUU+6P-H2S-H2O,1631.086672,1631.0867,1632.0944969999998,1632.0945,XASUU+6P
S,0,0,1,0,3,6,_H2S_H2O,5.0,SGUUU+6P-H2S-H2O,1631.10443,1631.1044,1632.112255,1632.1123,XGUUU+6P
S,1,2,0,0,1,6,_H2S,5.0,SACCU+6P-H2S,1631.152048,1631.152,1632.1598729999998,1632.1599,XACCU+6P
S,2,0,1,1,0,5,_H2S,5.0,SAAGS+5P-H2S,1631.180253,1631.1803,1632.188078,1632.1881,XAAGS+5P
S,1,0,2,0,1,5,_H2S,5.0,SAGGU+5P-H2S,1631.198011,1631.198,1632.205836,1632.2058,XAGGU+5P
S,1,1,0,0,2,6,_H2S,5.0,SACUU+6P-H2S,1632.136064,1632.1361,1633.143889,1633.1439,XACUU+6P
S,1,0,0,0,3,6,_H2S,5.0,SAUUU+6P-H2S,1633.12008,1633.1201,1634.1279049999998,1634.1279,XAUUU+6P
S,2,2,0,0,0,6,_H2S_H2O,5.0,SAACC+6P-H2S-H2O,1636.1687,1636.1687,1637.176525,1637.1765,XAACC+6P
S,2,0,2,0,0,5,_H2S_H2O,5.0,SAAGG+5P-H2S-H2O,1636.214663,1636.2147,1637.222488,1637.2225,XAAGG+5P
S,2,1,0,0,1,6,_H2S_H2O,5.0,SAACU+6P-H2S-H2O,1637.152716,1637.1527,1638.160541,1638.1605,XAACU+6P
S,2,0,0,0,2,6,_H2S_H2O,5.0,SAAUU+6P-H2S-H2O,1638.136732,1638.1367,1639.1445569999998,1639.1446,XAAUU+6P
S,3,0,1,0,0,5,_H2S,5.0,SAAAG+5P-H2S,1638.230313,1638.2303,1639.238138,1639.2381,XAAAG+5P
S,0,1,0,3,0,6,_H2S_H2O,5.0,SCSSS+6P-H2S-H2O,1639.029753,1639.0298,1640.037578,1640.0376,XCSSS+6P
S,0,0,0,3,1,6,_H2S_H2O,5.0,SSSSU+6P-H2S-H2O,1640.013769,1640.0138,1641.0215939999998,1641.0216,XSSSU+6P
S,0,2,0,2,0,6,_H2S,5.0,SCCSS+6P-H2S,1640.079145,1640.0791,1641.0869699999998,1641.087,XCCSS+6P
S,0,0,2,2,0,5,_H2S,5.0,SGGSS+5P-H2S,1640.125108,1640.1251,1641.132933,1641.1329,XGGSS+5P
S,0,1,0,2,1,6,_H2S,5.0,SCSSU+6P-H2S,1641.063161,1641.0632,1642.070986,1642.071,XCSSU+6P
S,0,0,0,2,2,6,_H2S,5.0,SSSUU+6P-H2S,1642.047177,1642.0472,1643.0550019999998,1643.055,XSSUU+6P
S,0,2,1,1,0,6,_H2S_H2O,5.0,SCCGS+6P-H2S-H2O,1645.113555,1645.1136,1646.1213799999998,1646.1214,XCCGS+6P
S,0,0,3,1,0,5,_H2S_H2O,5.0,SGGGS+5P-H2S-H2O,1645.159518,1645.1595,1646.1673429999998,1646.1673,XGGGS+5P
S,1,1,0,2,0,6,_H2S_H2O,5.0,SACSS+6P-H2S-H2O,1646.079813,1646.0798,1647.087638,1647.0876,XACSS+6P
S,0,1,1,1,1,6,_H2S_H2O,5.0,SCGSU+6P-H2S-H2O,1646.097571,1646.0976,1647.105396,1647.1054,XCGSU+6P
S,0,3,1,0,0,6,_H2S,5.0,SCCCG+6P-H2S,1646.162947,1646.1629,1647.170772,1647.1708,XCCCG+6P
S,0,1,3,0,0,5,_H2S,5.0,SCGGG+5P-H2S,1646.20891,1646.2089,1647.216735,1647.2167,XCGGG+5P
S,1,0,0,2,1,6,_H2S_H2O,5.0,SASSU+6P-H2S-H2O,1647.063829,1647.0638,1648.071654,1648.0717,XASSU+6P
S,0,0,1,1,2,6,_H2S_H2O,5.0,SGSUU+6P-H2S-H2O,1647.081587,1647.0816,1648.0894119999998,1648.0894,XGSUU+6P
S,1,2,0,1,0,6,_H2S,5.0,SACCS+6P-H2S,1647.129205,1647.1292,1648.13703,1648.137,XACCS+6P
S,0,2,1,0,1,6,_H2S,5.0,SCCGU+6P-H2S,1647.146963,1647.147,1648.1547879999998,1648.1548,XCCGU+6P
S,1,0,2,1,0,5,_H2S,5.0,SAGGS+5P-H2S,1647.175168,1647.1752,1648.182993,1648.183,XAGGS+5P
S,0,0,3,0,1,5,_H2S,5.0,SGGGU+5P-H2S,1647.192926,1647.1929,1648.200751,1648.2008,XGGGU+5P
S,1,1,0,1,1,6,_H2S,5.0,SACSU+6P-H2S,1648.113221,1648.1132,1649.121046,1649.121,XACSU+6P
S,0,1,1,0,2,6,_H2S,5.0,SCGUU+6P-H2S,1648.130979,1648.131,1649.138804,1649.1388,XCGUU+6P
S,1,0,0,1,2,6,_H2S,5.0,SASUU+6P-H2S,1649.097237,1649.0972,1650.105062,1650.1051,XASUU+6P
S,0,0,1,0,3,6,_H2S,5.0,SGUUU+6P-H2S,1649.114995,1649.115,1650.1228199999998,1650.1228,XGUUU+6P
S,1,2,1,0,0,6,_H2S_H2O,5.0,SACCG+6P-H2S-H2O,1652.163615,1652.1636,1653.1714399999998,1653.1714,XACCG+6P
S,1,0,3,0,0,5,_H2S_H2O,5.0,SAGGG+5P-H2S-H2O,1652.209578,1652.2096,1653.217403,1653.2174,XAGGG+5P
S,2,1,0,1,0,6,_H2S_H2O,5.0,SAACS+6P-H2S-H2O,1653.129873,1653.1299,1654.137698,1654.1377,XAACS+6P
S,1,1,1,0,1,6,_H2S_H2O,5.0,SACGU+6P-H2S-H2O,1653.147631,1653.1476,1654.155456,1654.1555,XACGU+6P
S,2,0,0,1,1,6,_H2S_H2O,5.0,SAASU+6P-H2S-H2O,1654.113889,1654.1139,1655.121714,1655.1217,XAASU+6P
S,1,0,1,0,2,6,_H2S_H2O,5.0,SAGUU+6P-H2S-H2O,1654.131647,1654.1316,1655.1394719999998,1655.1395,XAGUU+6P
S,2,2,0,0,0,6,_H2S,5.0,SAACC+6P-H2S,1654.179265,1654.1793,1655.18709,1655.1871,XAACC+6P
S,2,0,2,0,0,5,_H2S,5.0,SAAGG+5P-H2S,1654.225228,1654.2252,1655.233053,1655.2331,XAAGG+5P
S,2,1,0,0,1,6,_H2S,5.0,SAACU+6P-H2S,1655.163281,1655.1633,1656.171106,1656.1711,XAACU+6P
S,0,0,0,4,0,6,_H2S_H2O,5.0,SSSSS+6P-H2S-H2O,1655.990926,1655.9909,1656.998751,1656.9988,XSSSS+6P
S,2,0,0,0,2,6,_H2S,5.0,SAAUU+6P-H2S,1656.147297,1656.1473,1657.155122,1657.1551,XAAUU+6P
S,0,1,0,3,0,6,_H2S,5.0,SCSSS+6P-H2S,1657.040318,1657.0403,1658.048143,1658.0481,XCSSS+6P
S,0,0,0,3,1,6,_H2S,5.0,SSSSU+6P-H2S,1658.024334,1658.0243,1659.032159,1659.0322,XSSSU+6P
S,3,1,0,0,0,6,_H2S_H2O,5.0,SAAAC+6P-H2S-H2O,1660.179933,1660.1799,1661.1877579999998,1661.1878,XAAAC+6P
S,3,0,0,0,1,6,_H2S_H2O,5.0,SAAAU+6P-H2S-H2O,1661.163949,1661.1639,1662.171774,1662.1718,XAAAU+6P
S,0,1,1,2,0,6,_H2S_H2O,5.0,SCGSS+6P-H2S-H2O,1662.074728,1662.0747,1663.082553,1663.0826,XCGSS+6P
S,1,0,0,3,0,6,_H2S_H2O,5.0,SASSS+6P-H2S-H2O,1663.040986,1663.041,1664.048811,1664.0488,XASSS+6P
S,0,0,1,2,1,6,_H2S_H2O,5.0,SGSSU+6P-H2S-H2O,1663.058744,1663.0587,1664.0665689999998,1664.0666,XGSSU+6P
S,0,2,1,1,0,6,_H2S,5.0,SCCGS+6P-H2S,1663.12412,1663.1241,1664.131945,1664.1319,XCCGS+6P
S,0,0,3,1,0,5,_H2S,5.0,SGGGS+5P-H2S,1663.170083,1663.1701,1664.177908,1664.1779,XGGGS+5P
S,1,1,0,2,0,6,_H2S,5.0,SACSS+6P-H2S,1664.090378,1664.0904,1665.098203,1665.0982,XACSS+6P
S,0,1,1,1,1,6,_H2S,5.0,SCGSU+6P-H2S,1664.108136,1664.1081,1665.115961,1665.116,XCGSU+6P
S,1,0,0,2,1,6,_H2S,5.0,SASSU+6P-H2S,1665.074394,1665.0744,1666.082219,1666.0822,XASSU+6P
S,0,0,1,1,2,6,_H2S,5.0,SGSUU+6P-H2S,1665.092152,1665.0922,1666.099977,1666.1,XGSUU+6P
S,0,2,2,0,0,6,_H2S_H2O,5.0,SCCGG+6P-H2S-H2O,1668.15853,1668.1585,1669.1663549999998,1669.1664,XCCGG+6P
S,0,0,4,0,0,5,_H2S_H2O,5.0,SGGGG+5P-H2S-H2O,1668.204493,1668.2045,1669.212318,1669.2123,XGGGG+5P
S,1,1,1,1,0,6,_H2S_H2O,5.0,SACGS+6P-H2S-H2O,1669.124788,1669.1248,1670.132613,1670.1326,XACGS+6P
S,0,1,2,0,1,6,_H2S_H2O,5.0,SCGGU+6P-H2S-H2O,1669.142546,1669.1425,1670.150371,1670.1504,XCGGU+6P
S,2,0,0,2,0,6,_H2S_H2O,5.0,SAASS+6P-H2S-H2O,1670.091046,1670.091,1671.098871,1671.0989,XAASS+6P
S,1,0,1,1,1,6,_H2S_H2O,5.0,SAGSU+6P-H2S-H2O,1670.108804,1670.1088,1671.116629,1671.1166,XAGSU+6P
S,0,0,2,0,2,6,_H2S_H2O,5.0,SGGUU+6P-H2S-H2O,1670.126562,1670.1266,1671.1343869999998,1671.1344,XGGUU+6P
S,1,2,1,0,0,6,_H2S,5.0,SACCG+6P-H2S,1670.17418,1670.1742,1671.182005,1671.182,XACCG+6P
S,1,0,3,0,0,5,_H2S,5.0,SAGGG+5P-H2S,1670.220143,1670.2201,1671.227968,1671.228,XAGGG+5P
S,2,1,0,1,0,6,_H2S,5.0,SAACS+6P-H2S,1671.140438,1671.1404,1672.1482629999998,1672.1483,XAACS+6P
S,1,1,1,0,1,6,_H2S,5.0,SACGU+6P-H2S,1671.158196,1671.1582,1672.166021,1672.166,XACGU+6P
S,2,0,0,1,1,6,_H2S,5.0,SAASU+6P-H2S,1672.124454,1672.1245,1673.132279,1673.1323,XAASU+6P
S,1,0,1,0,2,6,_H2S,5.0,SAGUU+6P-H2S,1672.142212,1672.1422,1673.150037,1673.15,XAGUU+6P
S,0,0,0,4,0,6,_H2S,5.0,SSSSS+6P-H2S,1674.001491,1674.0015,1675.009316,1675.0093,XSSSS+6P
S,2,1,1,0,0,6,_H2S_H2O,5.0,SAACG+6P-H2S-H2O,1676.174848,1676.1748,1677.182673,1677.1827,XAACG+6P
S,3,0,0,1,0,6,_H2S_H2O,5.0,SAAAS+6P-H2S-H2O,1677.141106,1677.1411,1678.148931,1678.1489,XAAAS+6P
S,2,0,1,0,1,6,_H2S_H2O,5.0,SAAGU+6P-H2S-H2O,1677.158864,1677.1589,1678.166689,1678.1667,XAAGU+6P
S,3,1,0,0,0,6,_H2S,5.0,SAAAC+6P-H2S,1678.190498,1678.1905,1679.1983229999998,1679.1983,XAAAC+6P
S,0,0,1,3,0,6,_H2S_H2O,5.0,SGSSS+6P-H2S-H2O,1679.035901,1679.0359,1680.043726,1680.0437,XGSSS+6P
S,3,0,0,0,1,6,_H2S,5.0,SAAAU+6P-H2S,1679.174514,1679.1745,1680.182339,1680.1823,XAAAU+6P
S,0,1,1,2,0,6,_H2S,5.0,SCGSS+6P-H2S,1680.085293,1680.0853,1681.093118,1681.0931,XCGSS+6P
S,1,0,0,3,0,6,_H2S,5.0,SASSS+6P-H2S,1681.051551,1681.0516,1682.059376,1682.0594,XASSS+6P
S,0,0,1,2,1,6,_H2S,5.0,SGSSU+6P-H2S,1681.069309,1681.0693,1682.077134,1682.0771,XGSSU+6P
S,4,0,0,0,0,6,_H2S_H2O,5.0,SAAAA+6P-H2S-H2O,1684.191166,1684.1912,1685.198991,1685.199,XAAAA+6P
S,0,1,2,1,0,6,_H2S_H2O,5.0,SCGGS+6P-H2S-H2O,1685.119703,1685.1197,1686.127528,1686.1275,XCGGS+6P
S,1,0,1,2,0,6,_H2S_H2O,5.0,SAGSS+6P-H2S-H2O,1686.085961,1686.086,1687.093786,1687.0938,XAGSS+6P
S,0,0,2,1,1,6,_H2S_H2O,5.0,SGGSU+6P-H2S-H2O,1686.103719,1686.1037,1687.111544,1687.1115,XGGSU+6P
S,0,2,2,0,0,6,_H2S,5.0,SCCGG+6P-H2S,1686.169095,1686.1691,1687.17692,1687.1769,XCCGG+6P
S,0,0,4,0,0,5,_H2S,5.0,SGGGG+5P-H2S,1686.215058,1686.2151,1687.222883,1687.2229,XGGGG+5P
S,1,1,1,1,0,6,_H2S,5.0,SACGS+6P-H2S,1687.135353,1687.1354,1688.1431779999998,1688.1432,XACGS+6P
S,0,1,2,0,1,6,_H2S,5.0,SCGGU+6P-H2S,1687.153111,1687.1531,1688.160936,1688.1609,XCGGU+6P
S,2,0,0,2,0,6,_H2S,5.0,SAASS+6P-H2S,1688.101611,1688.1016,1689.109436,1689.1094,XAASS+6P
S,1,0,1,1,1,6,_H2S,5.0,SAGSU+6P-H2S,1688.119369,1688.1194,1689.127194,1689.1272,XAGSU+6P
S,0,0,2,0,2,6,_H2S,5.0,SGGUU+6P-H2S,1688.137127,1688.1371,1689.144952,1689.145,XGGUU+6P
S,1,1,2,0,0,6,_H2S_H2O,5.0,SACGG+6P-H2S-H2O,1692.169763,1692.1698,1693.177588,1693.1776,XACGG+6P
S,2,0,1,1,0,6,_H2S_H2O,5.0,SAAGS+6P-H2S-H2O,1693.136021,1693.136,1694.143846,1694.1438,XAAGS+6P
S,1,0,2,0,1,6,_H2S_H2O,5.0,SAGGU+6P-H2S-H2O,1693.153779,1693.1538,1694.161604,1694.1616,XAGGU+6P
S,2,1,1,0,0,6,_H2S,5.0,SAACG+6P-H2S,1694.185413,1694.1854,1695.1932379999998,1695.1932,XAACG+6P
S,3,0,0,1,0,6,_H2S,5.0,SAAAS+6P-H2S,1695.151671,1695.1517,1696.159496,1696.1595,XAAAS+6P
S,2,0,1,0,1,6,_H2S,5.0,SAAGU+6P-H2S,1695.169429,1695.1694,1696.177254,1696.1773,XAAGU+6P
S,0,0,1,3,0,6,_H2S,5.0,SGSSS+6P-H2S,1697.046466,1697.0465,1698.054291,1698.0543,XGSSS+6P
S,3,0,1,0,0,6,_H2S_H2O,5.0,SAAAG+6P-H2S-H2O,1700.186081,1700.1861,1701.193906,1701.1939,XAAAG+6P
S,0,0,2,2,0,6,_H2S_H2O,5.0,SGGSS+6P-H2S-H2O,1702.080876,1702.0809,1703.088701,1703.0887,XGGSS+6P
S,4,0,0,0,0,6,_H2S,5.0,SAAAA+6P-H2S,1702.201731,1702.2017,1703.209556,1703.2096,XAAAA+6P
S,0,1,2,1,0,6,_H2S,5.0,SCGGS+6P-H2S,1703.130268,1703.1303,1704.1380929999998,1704.1381,XCGGS+6P
S,1,0,1,2,0,6,_H2S,5.0,SAGSS+6P-H2S,1704.096526,1704.0965,1705.104351,1705.1044,XAGSS+6P
S,0,0,2,1,1,6,_H2S,5.0,SGGSU+6P-H2S,1704.114284,1704.1143,1705.122109,1705.1221,XGGSU+6P
S,0,1,3,0,0,6,_H2S_H2O,5.0,SCGGG+6P-H2S-H2O,1708.164678,1708.1647,1709.172503,1709.1725,XCGGG+6P
S,1,0,2,1,0,6,_H2S_H2O,5.0,SAGGS+6P-H2S-H2O,1709.130936,1709.1309,1710.138761,1710.1388,XAGGS+6P
S,0,0,3,0,1,6,_H2S_H2O,5.0,SGGGU+6P-H2S-H2O,1709.148694,1709.1487,1710.156519,1710.1565,XGGGU+6P
S,1,1,2,0,0,6,_H2S,5.0,SACGG+6P-H2S,1710.180328,1710.1803,1711.1881529999998,1711.1882,XACGG+6P
S,2,0,1,1,0,6,_H2S,5.0,SAAGS+6P-H2S,1711.146586,1711.1466,1712.154411,1712.1544,XAAGS+6P
S,1,0,2,0,1,6,_H2S,5.0,SAGGU+6P-H2S,1711.164344,1711.1643,1712.172169,1712.1722,XAGGU+6P
S,2,0,2,0,0,6,_H2S_H2O,5.0,SAAGG+6P-H2S-H2O,1716.180996,1716.181,1717.188821,1717.1888,XAAGG+6P
S,3,0,1,0,0,6,_H2S,5.0,SAAAG+6P-H2S,1718.196646,1718.1966,1719.204471,1719.2045,XAAAG+6P
S,0,0,2,2,0,6,_H2S,5.0,SGGSS+6P-H2S,1720.091441,1720.0914,1721.099266,1721.0993,XGGSS+6P
S,0,0,3,1,0,6,_H2S_H2O,5.0,SGGGS+6P-H2S-H2O,1725.125851,1725.1259,1726.133676,1726.1337,XGGGS+6P
S,0,1,3,0,0,6,_H2S,5.0,SCGGG+6P-H2S,1726.175243,1726.1752,1727.1830679999998,1727.1831,XCGGG+6P
S,1,0,2,1,0,6,_H2S,5.0,SAGGS+6P-H2S,1727.141501,1727.1415,1728.149326,1728.1493,XAGGS+6P
S,0,0,3,0,1,6,_H2S,5.0,SGGGU+6P-H2S,1727.159259,1727.1593,1728.167084,1728.1671,XGGGU+6P
S,1,0,3,0,0,6,_H2S_H2O,5.0,SAGGG+6P-H2S-H2O,1732.175911,1732.1759,1733.183736,1733.1837,XAGGG+6P
S,2,0,2,0,0,6,_H2S,5.0,SAAGG+6P-H2S,1734.191561,1734.1916,1735.199386,1735.1994,XAAGG+6P
S,0,0,3,1,0,6,_H2S,5.0,SGGGS+6P-H2S,1743.136416,1743.1364,1744.144241,1744.1442,XGGGS+6P
S,0,0,4,0,0,6,_H2S_H2O,5.0,SGGGG+6P-H2S-H2O,1748.170826,1748.1708,1749.178651,1749.1787,XGGGG+6P
S,1,0,3,0,0,6,_H2S,5.0,SAGGG+6P-H2S,1750.186476,1750.1865,1751.194301,1751.1943,XAGGG+6P
S,0,0,4,0,0,6,_H2S,5.0,SGGGG+6P-H2S,1766.181391,1766.1814,1767.189216,1767.1892,XGGGG+6P
0,0,1,0,0,0,1,_H2O,1.0,C-H2O,207.064392,207.0644,208.072217,208.0722,C
0,0,0,0,0,1,1,_H2O,1.0,U-H2O,208.048408,208.0484,209.056233,209.0562,U
0,0,0,0,1,0,1,_H2O,1.0,S-H2O,224.02556500000003,224.0256,225.03339000000003,225.0334,S
0,0,1,0,0,0,1,,1.0,C,225.07495700000004,225.075,226.08278200000004,226.0828,C
0,0,0,0,0,1,1,,1.0,U,226.05897300000004,226.059,227.06679800000003,227.0668,U
0,1,0,0,0,0,1,_H2O,1.0,A-H2O,231.07562499999995,231.0756,232.08344999999994,232.0834,A
0,0,0,0,1,0,1,,1.0,S,242.03612999999996,242.0361,243.04395499999995,243.044,S
0,0,0,1,0,0,1,_H2O,1.0,G-H2O,247.07054000000005,247.0705,248.07836500000005,248.0784,G
0,1,0,0,0,0,1,,1.0,A,249.08619,249.0862,250.09401499999998,250.094,A
0,0,0,1,0,0,1,,1.0,G,265.081105,265.0811,266.08893,266.0889,G
0,0,1,0,0,0,2,_H2O,1.0,C+P-H2O,287.03072499999996,287.0307,288.03855,288.0386,C+P
0,0,0,0,0,1,2,_H2O,1.0,U+P-H2O,288.01474099999996,288.0147,289.022566,289.0226,U+P
0,0,0,0,1,0,2,_H2O,1.0,S+P-H2O,303.991898,303.9919,304.999723,304.9997,S+P
0,0,1,0,0,0,2,,1.0,C+P,305.04129,305.0413,306.04911500000003,306.0491,C+P
0,0,0,0,0,1,2,,1.0,U+P,306.025306,306.0253,307.033131,307.0331,U+P
0,1,0,0,0,0,2,_H2O,1.0,A+P-H2O,311.041958,311.042,312.04978300000005,312.0498,A+P
0,0,0,0,1,0,2,,1.0,S+P,322.00246300000003,322.0025,323.01028800000006,323.0103,S+P
0,0,0,1,0,0,2,_H2O,1.0,G+P-H2O,327.036873,327.0369,328.04469800000004,328.0447,G+P
0,1,0,0,0,0,2,,1.0,A+P,329.05252299999995,329.0525,330.060348,330.0603,A+P
0,0,0,1,0,0,2,,1.0,G+P,345.04743799999994,345.0474,346.05526299999997,346.0553,G+P
0,0,1,0,0,0,3,_H2O,1.0,C+2P-H2O,366.99705800000004,366.9971,368.00488300000006,368.0049,C+2P
0,0,0,0,0,1,3,_H2O,1.0,U+2P-H2O,367.98107400000004,367.9811,368.98889900000006,368.9889,U+2P
0,0,0,0,1,0,3,_H2O,1.0,S+2P-H2O,383.95823099999996,383.9582,384.966056,384.9661,S+2P
0,0,1,0,0,0,3,,1.0,C+2P,385.00762299999997,385.0076,386.015448,386.0154,C+2P
0,0,0,0,0,1,3,,1.0,U+2P,385.99163899999996,385.9916,386.999464,386.9995,U+2P
0,1,0,0,0,0,3,_H2O,1.0,A+2P-H2O,391.008291,391.0083,392.016116,392.0161,A+2P
0,0,0,0,1,0,3,,1.0,S+2P,401.968796,401.9688,402.976621,402.9766,S+2P
0,0,0,1,0,0,3,_H2O,1.0,G+2P-H2O,407.003206,407.0032,408.011031,408.011,G+2P
0,1,0,0,0,0,3,,1.0,A+2P,409.018856,409.0189,410.02668100000005,410.0267,A+2P
0,0,0,1,0,0,3,,1.0,G+2P,425.013771,425.0138,426.02159600000005,426.0216,G+2P
0,0,2,0,0,0,2,_H2O,2.0,CC+P-H2O,512.105682,512.1057,513.113507,513.1135,CC+P
0,0,1,0,0,1,2,_H2O,2.0,CU+P-H2O,513.089698,513.0897,514.097523,514.0975,CU+P
0,0,0,0,0,2,2,_H2O,2.0,UU+P-H2O,514.073714,514.0737,515.081539,515.0815,UU+P
0,0,1,0,1,0,2,_H2O,2.0,CS+P-H2O,529.066855,529.0669,530.0746800000001,530.0747,CS+P
0,0,0,0,1,1,2,_H2O,2.0,SU+P-H2O,530.050871,530.0509,531.058696,531.0587,SU+P
0,0,2,0,0,0,2,,2.0,CC+P,530.116247,530.1162,531.1240720000001,531.1241,CC+P
0,0,1,0,0,1,2,,2.0,CU+P,531.100263,531.1003,532.1080880000001,532.1081,CU+P
0,0,0,0,0,2,2,,2.0,UU+P,532.084279,532.0843,533.0921040000001,533.0921,UU+P
0,1,1,0,0,0,2,_H2O,2.0,AC+P-H2O,536.116915,536.1169,537.12474,537.1247,AC+P
0,1,0,0,0,1,2,_H2O,2.0,AU+P-H2O,537.100931,537.1009,538.108756,538.1088,AU+P
0,0,0,0,2,0,2,_H2O,2.0,SS+P-H2O,546.028028,546.028,547.035853,547.0359,SS+P
0,0,1,0,1,0,2,,2.0,CS+P,547.07742,547.0774,548.085245,548.0852,CS+P
0,0,0,0,1,1,2,,2.0,SU+P,548.061436,548.0614,549.069261,549.0693,SU+P
0,0,1,1,0,0,2,_H2O,2.0,CG+P-H2O,552.11183,552.1118,553.1196550000001,553.1197,CG+P
0,1,0,0,1,0,2,_H2O,2.0,AS+P-H2O,553.078088,553.0781,554.085913,554.0859,AS+P
0,0,0,1,0,1,2,_H2O,2.0,GU+P-H2O,553.095846,553.0958,554.1036710000001,554.1037,GU+P
0,1,1,0,0,0,2,,2.0,AC+P,554.12748,554.1275,555.135305,555.1353,AC+P
0,1,0,0,0,1,2,,2.0,AU+P,555.111496,555.1115,556.119321,556.1193,AU+P
0,2,0,0,0,0,2,_H2O,2.0,AA+P-H2O,560.128148,560.1281,561.135973,561.136,AA+P
0,0,0,0,2,0,2,,2.0,SS+P,564.038593,564.0386,565.046418,565.0464,SS+P
0,0,0,1,1,0,2,_H2O,2.0,GS+P-H2O,569.073003,569.073,570.080828,570.0808,GS+P
0,0,1,1,0,0,2,,2.0,CG+P,570.122395,570.1224,571.13022,571.1302,CG+P
0,1,0,0,1,0,2,,2.0,AS+P,571.088653,571.0887,572.096478,572.0965,AS+P
0,0,0,1,0,1,2,,2.0,GU+P,571.106411,571.1064,572.114236,572.1142,GU+P
0,1,0,1,0,0,2,_H2O,2.0,AG+P-H2O,576.123063,576.1231,577.130888,577.1309,AG+P
0,2,0,0,0,0,2,,2.0,AA+P,578.138713,578.1387,579.1465380000001,579.1465,AA+P
0,0,0,1,1,0,2,,2.0,GS+P,587.083568,587.0836,588.091393,588.0914,GS+P
0,0,2,0,0,0,3,_H2O,2.0,CC+2P-H2O,592.072015,592.072,593.07984,593.0798,CC+2P
0,0,0,2,0,0,2,_H2O,2.0,GG+P-H2O,592.117978,592.118,593.125803,593.1258,GG+P
0,0,1,0,0,1,3,_H2O,2.0,CU+2P-H2O,593.056031,593.056,594.063856,594.0639,CU+2P
0,0,0,0,0,2,3,_H2O,2.0,UU+2P-H2O,594.040047,594.04,595.047872,595.0479,UU+2P
0,1,0,1,0,0,2,,2.0,AG+P,594.133628,594.1336,595.1414530000001,595.1415,AG+P
0,0,1,0,1,0,3,_H2O,2.0,CS+2P-H2O,609.033188,609.0332,610.041013,610.041,CS+2P
0,0,0,0,1,1,3,_H2O,2.0,SU+2P-H2O,610.017204,610.0172,611.025029,611.025,SU+2P
0,0,2,0,0,0,3,,2.0,CC+2P,610.08258,610.0826,611.090405,611.0904,CC+2P
0,0,0,2,0,0,2,,2.0,GG+P,610.128543,610.1285,611.1363680000001,611.1364,GG+P
0,0,1,0,0,1,3,,2.0,CU+2P,611.066596,611.0666,612.074421,612.0744,CU+2P
0,0,0,0,0,2,3,,2.0,UU+2P,612.050612,612.0506,613.058437,613.0584,UU+2P
0,1,1,0,0,0,3,_H2O,2.0,AC+2P-H2O,616.083248,616.0832,617.091073,617.0911,AC+2P
0,1,0,0,0,1,3,_H2O,2.0,AU+2P-H2O,617.067264,617.0673,618.075089,618.0751,AU+2P
0,0,0,0,2,0,3,_H2O,2.0,SS+2P-H2O,625.994361,625.9944,627.002186,627.0022,SS+2P
0,0,1,0,1,0,3,,2.0,CS+2P,627.043753,627.0438,628.0515780000001,628.0516,CS+2P
0,0,0,0,1,1,3,,2.0,SU+2P,628.027769,628.0278,629.0355940000001,629.0356,SU+2P
0,0,1,1,0,0,3,_H2O,2.0,CG+2P-H2O,632.078163,632.0782,633.085988,633.086,CG+2P
0,1,0,0,1,0,3,_H2O,2.0,AS+2P-H2O,633.0444209999999,633.0444,634.052246,634.0522,AS+2P
0,0,0,1,0,1,3,_H2O,2.0,GU+2P-H2O,633.062179,633.0622,634.070004,634.07,GU+2P
0,1,1,0,0,0,3,,2.0,AC+2P,634.093813,634.0938,635.101638,635.1016,AC+2P
0,1,0,0,0,1,3,,2.0,AU+2P,635.077829,635.0778,636.085654,636.0857,AU+2P
0,2,0,0,0,0,3,_H2O,2.0,AA+2P-H2O,640.094481,640.0945,641.102306,641.1023,AA+2P
0,0,0,0,2,0,3,,2.0,SS+2P,644.004926,644.0049,645.012751,645.0128,SS+2P
0,0,0,1,1,0,3,_H2O,2.0,GS+2P-H2O,649.039336,649.0393,650.0471610000001,650.0472,GS+2P
0,0,1,1,0,0,3,,2.0,CG+2P,650.088728,650.0887,651.096553,651.0966,CG+2P
0,1,0,0,1,0,3,,2.0,AS+2P,651.054986,651.055,652.062811,652.0628,AS+2P
0,0,0,1,0,1,3,,2.0,GU+2P,651.072744,651.0727,652.080569,652.0806,GU+2P
0,1,0,1,0,0,3,_H2O,2.0,AG+2P-H2O,656.089396,656.0894,657.097221,657.0972,AG+2P
0,2,0,0,0,0,3,,2.0,AA+2P,658.105046,658.105,659.112871,659.1129,AA+2P
0,0,0,1,1,0,3,,2.0,GS+2P,667.049901,667.0499,668.057726,668.0577,GS+2P
0,0,2,0,0,0,4,_H2O,2.0,CC+3P-H2O,672.038348,672.0383,673.0461730000001,673.0462,CC+3P
0,0,0,2,0,0,3,_H2O,2.0,GG+2P-H2O,672.084311,672.0843,673.092136,673.0921,GG+2P
0,0,1,0,0,1,4,_H2O,2.0,CU+3P-H2O,673.022364,673.0224,674.0301890000001,674.0302,CU+3P
0,0,0,0,0,2,4,_H2O,2.0,UU+3P-H2O,674.00638,674.0064,675.0142050000001,675.0142,UU+3P
0,1,0,1,0,0,3,,2.0,AG+2P,674.099961,674.1,675.107786,675.1078,AG+2P
0,0,1,0,1,0,4,_H2O,2.0,CS+3P-H2O,688.999521,688.9995,690.007346,690.0073,CS+3P
0,0,0,0,1,1,4,_H2O,2.0,SU+3P-H2O,689.983537,689.9835,690.991362,690.9914,SU+3P
0,0,2,0,0,0,4,,2.0,CC+3P,690.048913,690.0489,691.056738,691.0567,CC+3P
0,0,0,2,0,0,3,,2.0,GG+2P,690.094876,690.0949,691.102701,691.1027,GG+2P
0,0,1,0,0,1,4,,2.0,CU+3P,691.032929,691.0329,692.040754,692.0408,CU+3P
0,0,0,0,0,2,4,,2.0,UU+3P,692.016945,692.0169,693.02477,693.0248,UU+3P
0,1,1,0,0,0,4,_H2O,2.0,AC+3P-H2O,696.049581,696.0496,697.057406,697.0574,AC+3P
0,1,0,0,0,1,4,_H2O,2.0,AU+3P-H2O,697.033597,697.0336,698.041422,698.0414,AU+3P
0,0,0,0,2,0,4,_H2O,2.0,SS+3P-H2O,705.960694,705.9607,706.968519,706.9685,SS+3P
0,0,1,0,1,0,4,,2.0,CS+3P,707.010086,707.0101,708.017911,708.0179,CS+3P
0,0,0,0,1,1,4,,2.0,SU+3P,707.994102,707.9941,709.001927,709.0019,SU+3P
0,0,1,1,0,0,4,_H2O,2.0,CG+3P-H2O,712.044496,712.0445,713.052321,713.0523,CG+3P
0,1,0,0,1,0,4,_H2O,2.0,AS+3P-H2O,713.010754,713.0108,714.018579,714.0186,AS+3P
0,0,0,1,0,1,4,_H2O,2.0,GU+3P-H2O,713.028512,713.0285,714.036337,714.0363,GU+3P
0,1,1,0,0,0,4,,2.0,AC+3P,714.060146,714.0601,715.0679710000001,715.068,AC+3P
0,1,0,0,0,1,4,,2.0,AU+3P,715.044162,715.0442,716.051987,716.052,AU+3P
0,2,0,0,0,0,4,_H2O,2.0,AA+3P-H2O,720.0608139999999,720.0608,721.068639,721.0686,AA+3P
0,0,0,0,2,0,4,,2.0,SS+3P,723.9712589999999,723.9713,724.979084,724.9791,SS+3P
0,0,0,1,1,0,4,_H2O,2.0,GS+3P-H2O,729.0056689999999,729.0057,730.0134939999999,730.0135,GS+3P
0,0,1,1,0,0,4,,2.0,CG+3P,730.055061,730.0551,731.062886,731.0629,CG+3P
0,1,0,0,1,0,4,,2.0,AS+3P,731.021319,731.0213,732.029144,732.0291,AS+3P
0,0,0,1,0,1,4,,2.0,GU+3P,731.0390769999999,731.0391,732.0469019999999,732.0469,GU+3P
0,1,0,1,0,0,4,_H2O,2.0,AG+3P-H2O,736.0557289999999,736.0557,737.063554,737.0636,AG+3P
0,2,0,0,0,0,4,,2.0,AA+3P,738.071379,738.0714,739.079204,739.0792,AA+3P
0,0,0,1,1,0,4,,2.0,GS+3P,747.0162339999999,747.0162,748.024059,748.0241,GS+3P
0,0,0,2,0,0,4,_H2O,2.0,GG+3P-H2O,752.0506439999999,752.0506,753.058469,753.0585,GG+3P
0,1,0,1,0,0,4,,2.0,AG+3P,754.066294,754.0663,755.074119,755.0741,AG+3P
0,0,0,2,0,0,4,,2.0,GG+3P,770.061209,770.0612,771.069034,771.069,GG+3P
0,0,3,0,0,0,3,_H2O,3.0,CCC+2P-H2O,817.146972,817.147,818.154797,818.1548,CCC+2P
0,0,2,0,0,1,3,_H2O,3.0,CCU+2P-H2O,818.1309879999999,818.131,819.1388129999999,819.1388,CCU+2P
0,0,1,0,0,2,3,_H2O,3.0,CUU+2P-H2O,819.115004,819.115,820.122829,820.1228,CUU+2P
0,0,0,0,0,3,3,_H2O,3.0,UUU+2P-H2O,820.0990200000001,820.099,821.1068450000001,821.1068,UUU+2P
0,0,2,0,1,0,3,_H2O,3.0,CCS+2P-H2O,834.1081449999999,834.1081,835.11597,835.116,CCS+2P
0,0,1,0,1,1,3,_H2O,3.0,CSU+2P-H2O,835.092161,835.0922,836.0999860000001,836.1,CSU+2P
0,0,3,0,0,0,3,,3.0,CCC+2P,835.157537,835.1575,836.1653620000001,836.1654,CCC+2P
0,0,0,0,1,2,3,_H2O,3.0,SUU+2P-H2O,836.0761769999999,836.0762,837.0840019999999,837.084,SUU+2P
0,0,2,0,0,1,3,,3.0,CCU+2P,836.1415529999999,836.1416,837.149378,837.1494,CCU+2P
0,0,1,0,0,2,3,,3.0,CUU+2P,837.125569,837.1256,838.1333940000001,838.1334,CUU+2P
0,0,0,0,0,3,3,,3.0,UUU+2P,838.1095849999999,838.1096,839.11741,839.1174,UUU+2P
0,1,2,0,0,0,3,_H2O,3.0,ACC+2P-H2O,841.158205,841.1582,842.16603,842.166,ACC+2P
0,1,1,0,0,1,3,_H2O,3.0,ACU+2P-H2O,842.1422210000001,842.1422,843.1500460000001,843.15,ACU+2P
0,1,0,0,0,2,3,_H2O,3.0,AUU+2P-H2O,843.126237,843.1262,844.134062,844.1341,AUU+2P
0,0,1,0,2,0,3,_H2O,3.0,CSS+2P-H2O,851.0693180000001,851.0693,852.0771430000001,852.0771,CSS+2P
0,0,0,0,2,1,3,_H2O,3.0,SSU+2P-H2O,852.053334,852.0533,853.061159,853.0612,SSU+2P
0,0,2,0,1,0,3,,3.0,CCS+2P,852.11871,852.1187,853.126535,853.1265,CCS+2P
0,0,1,0,1,1,3,,3.0,CSU+2P,853.1027260000001,853.1027,854.1105510000001,854.1106,CSU+2P
0,0,0,0,1,2,3,,3.0,SUU+2P,854.086742,854.0867,855.094567,855.0946,SUU+2P
0,0,2,1,0,0,3,_H2O,3.0,CCG+2P-H2O,857.15312,857.1531,858.160945,858.1609,CCG+2P
0,1,1,0,1,0,3,_H2O,3.0,ACS+2P-H2O,858.1193780000001,858.1194,859.1272030000001,859.1272,ACS+2P
0,0,1,1,0,1,3,_H2O,3.0,CGU+2P-H2O,858.137136,858.1371,859.1449610000001,859.145,CGU+2P
0,1,0,0,1,1,3,_H2O,3.0,ASU+2P-H2O,859.103394,859.1034,860.111219,860.1112,ASU+2P
0,0,0,1,0,2,3,_H2O,3.0,GUU+2P-H2O,859.1211519999999,859.1212,860.128977,860.129,GUU+2P
0,1,2,0,0,0,3,,3.0,ACC+2P,859.16877,859.1688,860.176595,860.1766,ACC+2P
0,1,1,0,0,1,3,,3.0,ACU+2P,860.1527860000001,860.1528,861.1606110000001,861.1606,ACU+2P
0,1,0,0,0,2,3,,3.0,AUU+2P,861.136802,861.1368,862.144627,862.1446,AUU+2P
0,2,1,0,0,0,3,_H2O,3.0,AAC+2P-H2O,865.1694379999999,865.1694,866.1772629999999,866.1773,AAC+2P
0,2,0,0,0,1,3,_H2O,3.0,AAU+2P-H2O,866.153454,866.1535,867.161279,867.1613,AAU+2P
0,0,0,0,3,0,3,_H2O,3.0,SSS+2P-H2O,868.030491,868.0305,869.038316,869.0383,SSS+2P
0,0,1,0,2,0,3,,3.0,CSS+2P,869.0798830000001,869.0799,870.0877080000001,870.0877,CSS+2P
0,0,0,0,2,1,3,,3.0,SSU+2P,870.063899,870.0639,871.071724,871.0717,SSU+2P
0,0,1,1,1,0,3,_H2O,3.0,CGS+2P-H2O,874.1142930000001,874.1143,875.1221180000001,875.1221,CGS+2P
0,1,0,0,2,0,3,_H2O,3.0,ASS+2P-H2O,875.080551,875.0806,876.088376,876.0884,ASS+2P
0,0,0,1,1,1,3,_H2O,3.0,GSU+2P-H2O,875.098309,875.0983,876.106134,876.1061,GSU+2P
0,0,2,1,0,0,3,,3.0,CCG+2P,875.163685,875.1637,876.17151,876.1715,CCG+2P
0,1,1,0,1,0,3,,3.0,ACS+2P,876.1299429999999,876.1299,877.1377679999999,877.1378,ACS+2P
0,0,1,1,0,1,3,,3.0,CGU+2P,876.1477010000001,876.1477,877.1555260000001,877.1555,CGU+2P
0,1,0,0,1,1,3,,3.0,ASU+2P,877.113959,877.114,878.121784,878.1218,ASU+2P
0,0,0,1,0,2,3,,3.0,GUU+2P,877.131717,877.1317,878.139542,878.1395,GUU+2P
0,1,1,1,0,0,3,_H2O,3.0,ACG+2P-H2O,881.1643529999999,881.1644,882.1721779999999,882.1722,ACG+2P
0,2,0,0,1,0,3,_H2O,3.0,AAS+2P-H2O,882.130611,882.1306,883.1384360000001,883.1384,AAS+2P
0,1,0,1,0,1,3,_H2O,3.0,AGU+2P-H2O,882.148369,882.1484,883.156194,883.1562,AGU+2P
0,2,1,0,0,0,3,,3.0,AAC+2P,883.1800029999999,883.18,884.187828,884.1878,AAC+2P
0,2,0,0,0,1,3,,3.0,AAU+2P,884.164019,884.164,885.1718440000001,885.1718,AAU+2P
0,0,0,0,3,0,3,,3.0,SSS+2P,886.041056,886.0411,887.048881,887.0489,SSS+2P
0,3,0,0,0,0,3,_H2O,3.0,AAA+2P-H2O,889.1806710000001,889.1807,890.1884960000001,890.1885,AAA+2P
0,0,0,1,2,0,3,_H2O,3.0,GSS+2P-H2O,891.075466,891.0755,892.083291,892.0833,GSS+2P
0,0,1,1,1,0,3,,3.0,CGS+2P,892.1248579999999,892.1249,893.1326829999999,893.1327,CGS+2P
0,1,0,0,2,0,3,,3.0,ASS+2P,893.091116,893.0911,894.0989410000001,894.0989,ASS+2P
0,0,0,1,1,1,3,,3.0,GSU+2P,893.108874,893.1089,894.116699,894.1167,GSU+2P
0,0,3,0,0,0,4,_H2O,3.0,CCC+3P-H2O,897.1133050000001,897.1133,898.1211300000001,898.1211,CCC+3P
0,0,1,2,0,0,3,_H2O,3.0,CGG+2P-H2O,897.1592680000001,897.1593,898.1670930000001,898.1671,CGG+2P
0,0,2,0,0,1,4,_H2O,3.0,CCU+3P-H2O,898.097321,898.0973,899.105146,899.1051,CCU+3P
0,1,0,1,1,0,3,_H2O,3.0,AGS+2P-H2O,898.125526,898.1255,899.1333510000001,899.1334,AGS+2P
0,0,0,2,0,1,3,_H2O,3.0,GGU+2P-H2O,898.143284,898.1433,899.151109,899.1511,GGU+2P
0,0,1,0,0,2,4,_H2O,3.0,CUU+3P-H2O,899.0813370000001,899.0813,900.0891620000001,900.0892,CUU+3P
0,1,1,1,0,0,3,,3.0,ACG+2P,899.1749179999999,899.1749,900.182743,900.1827,ACG+2P
0,0,0,0,0,3,4,_H2O,3.0,UUU+3P-H2O,900.065353,900.0654,901.073178,901.0732,UUU+3P
0,2,0,0,1,0,3,,3.0,AAS+2P,900.1411760000001,900.1412,901.1490010000001,901.149,AAS+2P
0,1,0,1,0,1,3,,3.0,AGU+2P,900.158934,900.1589,901.1667590000001,901.1668,AGU+2P
0,2,0,1,0,0,3,_H2O,3.0,AAG+2P-H2O,905.1755860000001,905.1756,906.1834110000001,906.1834,AAG+2P
0,3,0,0,0,0,3,,3.0,AAA+2P,907.1912359999999,907.1912,908.1990609999999,908.1991,AAA+2P
0,0,0,1,2,0,3,,3.0,GSS+2P,909.086031,909.086,910.0938560000001,910.0939,GSS+2P
0,0,2,0,1,0,4,_H2O,3.0,CCS+3P-H2O,914.074478,914.0745,915.082303,915.0823,CCS+3P
0,0,0,2,1,0,3,_H2O,3.0,GGS+2P-H2O,914.120441,914.1204,915.128266,915.1283,GGS+2P
0,0,1,0,1,1,4,_H2O,3.0,CSU+3P-H2O,915.0584940000001,915.0585,916.0663190000001,916.0663,CSU+3P
0,0,3,0,0,0,4,,3.0,CCC+3P,915.1238699999999,915.1239,916.1316949999999,916.1317,CCC+3P
0,0,1,2,0,0,3,,3.0,CGG+2P,915.1698329999999,915.1698,916.177658,916.1777,CGG+2P
0,0,0,0,1,2,4,_H2O,3.0,SUU+3P-H2O,916.04251,916.0425,917.050335,917.0503,SUU+3P
0,0,2,0,0,1,4,,3.0,CCU+3P,916.107886,916.1079,917.115711,917.1157,CCU+3P
0,1,0,1,1,0,3,,3.0,AGS+2P,916.1360910000001,916.1361,917.1439160000001,917.1439,AGS+2P
0,0,0,2,0,1,3,,3.0,GGU+2P,916.153849,916.1538,917.1616740000001,917.1617,GGU+2P
0,0,1,0,0,2,4,,3.0,CUU+3P,917.0919019999999,917.0919,918.0997269999999,918.0997,CUU+3P
0,0,0,0,0,3,4,,3.0,UUU+3P,918.075918,918.0759,919.083743,919.0837,UUU+3P
0,1,2,0,0,0,4,_H2O,3.0,ACC+3P-H2O,921.124538,921.1245,922.132363,922.1324,ACC+3P
0,1,0,2,0,0,3,_H2O,3.0,AGG+2P-H2O,921.1705010000001,921.1705,922.1783260000001,922.1783,AGG+2P
0,1,1,0,0,1,4,_H2O,3.0,ACU+3P-H2O,922.1085539999999,922.1086,923.1163789999999,923.1164,ACU+3P
0,1,0,0,0,2,4,_H2O,3.0,AUU+3P-H2O,923.09257,923.0926,924.100395,924.1004,AUU+3P
0,2,0,1,0,0,3,,3.0,AAG+2P,923.1861510000001,923.1862,924.1939760000001,924.194,AAG+2P
0,0,1,0,2,0,4,_H2O,3.0,CSS+3P-H2O,931.0356509999999,931.0357,932.0434759999999,932.0435,CSS+3P
0,0,0,0,2,1,4,_H2O,3.0,SSU+3P-H2O,932.019667,932.0197,933.027492,933.0275,SSU+3P
0,0,2,0,1,0,4,,3.0,CCS+3P,932.085043,932.085,933.0928680000001,933.0929,CCS+3P
0,0,0,2,1,0,3,,3.0,GGS+2P,932.1310060000001,932.131,933.1388310000001,933.1388,GGS+2P
0,0,1,0,1,1,4,,3.0,CSU+3P,933.0690589999999,933.0691,934.076884,934.0769,CSU+3P
0,0,0,0,1,2,4,,3.0,SUU+3P,934.053075,934.0531,935.0609000000001,935.0609,SUU+3P
0,0,2,1,0,0,4,_H2O,3.0,CCG+3P-H2O,937.119453,937.1195,938.127278,938.1273,CCG+3P
0,0,0,3,0,0,3,_H2O,3.0,GGG+2P-H2O,937.165416,937.1654,938.1732410000001,938.1732,GGG+2P
0,1,1,0,1,0,4,_H2O,3.0,ACS+3P-H2O,938.085711,938.0857,939.093536,939.0935,ACS+3P
0,0,1,1,0,1,4,_H2O,3.0,CGU+3P-H2O,938.1034689999999,938.1035,939.1112939999999,939.1113,CGU+3P
0,1,0,0,1,1,4,_H2O,3.0,ASU+3P-H2O,939.0697270000001,939.0697,940.0775520000001,940.0776,ASU+3P
0,0,0,1,0,2,4,_H2O,3.0,GUU+3P-H2O,939.087485,939.0875,940.09531,940.0953,GUU+3P
0,1,2,0,0,0,4,,3.0,ACC+3P,939.1351030000001,939.1351,940.1429280000001,940.1429,ACC+3P
0,1,0,2,0,0,3,,3.0,AGG+2P,939.1810660000001,939.1811,940.1888910000001,940.1889,AGG+2P
0,1,1,0,0,1,4,,3.0,ACU+3P,940.119119,940.1191,941.126944,941.1269,ACU+3P
0,1,0,0,0,2,4,,3.0,AUU+3P,941.1031350000001,941.1031,942.1109600000001,942.111,AUU+3P
0,2,1,0,0,0,4,_H2O,3.0,AAC+3P-H2O,945.135771,945.1358,946.143596,946.1436,AAC+3P
0,2,0,0,0,1,4,_H2O,3.0,AAU+3P-H2O,946.1197870000001,946.1198,947.1276120000001,947.1276,AAU+3P
0,0,0,0,3,0,4,_H2O,3.0,SSS+3P-H2O,947.9968240000001,947.9968,949.0046490000001,949.0046,SSS+3P
0,0,1,0,2,0,4,,3.0,CSS+3P,949.046216,949.0462,950.054041,950.054,CSS+3P
0,0,0,0,2,1,4,,3.0,SSU+3P,950.0302320000001,950.0302,951.0380570000001,951.0381,SSU+3P
0,0,1,1,1,0,4,_H2O,3.0,CGS+3P-H2O,954.0806259999999,954.0806,955.088451,955.0885,CGS+3P
0,1,0,0,2,0,4,_H2O,3.0,ASS+3P-H2O,955.0468840000001,955.0469,956.0547090000001,956.0547,ASS+3P
0,0,0,1,1,1,4,_H2O,3.0,GSU+3P-H2O,955.064642,955.0646,956.0724670000001,956.0725,GSU+3P
0,0,2,1,0,0,4,,3.0,CCG+3P,955.1300180000001,955.13,956.1378430000001,956.1378,CCG+3P
0,0,0,3,0,0,3,,3.0,GGG+2P,955.1759810000001,955.176,956.1838060000001,956.1838,GGG+2P
0,1,1,0,1,0,4,,3.0,ACS+3P,956.096276,956.0963,957.104101,957.1041,ACS+3P
0,0,1,1,0,1,4,,3.0,CGU+3P,956.114034,956.114,957.121859,957.1219,CGU+3P
0,1,0,0,1,1,4,,3.0,ASU+3P,957.0802920000001,957.0803,958.0881170000001,958.0881,ASU+3P
0,0,0,1,0,2,4,,3.0,GUU+3P,957.0980500000001,957.098,958.1058750000001,958.1059,GUU+3P
0,1,1,1,0,0,4,_H2O,3.0,ACG+3P-H2O,961.130686,961.1307,962.138511,962.1385,ACG+3P
0,2,0,0,1,0,4,_H2O,3.0,AAS+3P-H2O,962.0969439999999,962.0969,963.1047689999999,963.1048,AAS+3P
0,1,0,1,0,1,4,_H2O,3.0,AGU+3P-H2O,962.1147020000001,962.1147,963.1225270000001,963.1225,AGU+3P
0,2,1,0,0,0,4,,3.0,AAC+3P,963.146336,963.1463,964.154161,964.1542,AAC+3P
0,2,0,0,0,1,4,,3.0,AAU+3P,964.1303519999999,964.1304,965.1381769999999,965.1382,AAU+3P
0,0,0,0,3,0,4,,3.0,SSS+3P,966.0073890000001,966.0074,967.0152140000001,967.0152,SSS+3P
0,3,0,0,0,0,4,_H2O,3.0,AAA+3P-H2O,969.1470039999999,969.147,970.154829,970.1548,AAA+3P
0,0,0,1,2,0,4,_H2O,3.0,GSS+3P-H2O,971.0417990000001,971.0418,972.0496240000001,972.0496,GSS+3P
0,0,1,1,1,0,4,,3.0,CGS+3P,972.091191,972.0912,973.099016,973.099,CGS+3P
0,1,0,0,2,0,4,,3.0,ASS+3P,973.0574489999999,973.0574,974.0652739999999,974.0653,ASS+3P
0,0,0,1,1,1,4,,3.0,GSU+3P,973.0752070000001,973.0752,974.0830320000001,974.083,GSU+3P
0,0,3,0,0,0,5,_H2O,3.0,CCC+4P-H2O,977.0796379999999,977.0796,978.087463,978.0875,CCC+4P
0,0,1,2,0,0,4,_H2O,3.0,CGG+3P-H2O,977.125601,977.1256,978.133426,978.1334,CGG+3P
0,0,2,0,0,1,5,_H2O,3.0,CCU+4P-H2O,978.063654,978.0637,979.0714790000001,979.0715,CCU+4P
0,1,0,1,1,0,4,_H2O,3.0,AGS+3P-H2O,978.0918590000001,978.0919,979.0996840000001,979.0997,AGS+3P
0,0,0,2,0,1,4,_H2O,3.0,GGU+3P-H2O,978.1096170000001,978.1096,979.1174420000001,979.1174,GGU+3P
0,0,1,0,0,2,5,_H2O,3.0,CUU+4P-H2O,979.0476699999999,979.0477,980.055495,980.0555,CUU+4P
0,1,1,1,0,0,4,,3.0,ACG+3P,979.141251,979.1413,980.149076,980.1491,ACG+3P
0,0,0,0,0,3,5,_H2O,3.0,UUU+4P-H2O,980.031686,980.0317,981.0395110000001,981.0395,UUU+4P
0,2,0,0,1,0,4,,3.0,AAS+3P,980.1075089999999,980.1075,981.115334,981.1153,AAS+3P
0,1,0,1,0,1,4,,3.0,AGU+3P,980.1252669999999,980.1253,981.1330919999999,981.1331,AGU+3P
0,2,0,1,0,0,4,_H2O,3.0,AAG+3P-H2O,985.1419189999999,985.1419,986.1497439999999,986.1497,AAG+3P
0,3,0,0,0,0,4,,3.0,AAA+3P,987.157569,987.1576,988.165394,988.1654,AAA+3P
0,0,0,1,2,0,4,,3.0,GSS+3P,989.0523639999999,989.0524,990.0601889999999,990.0602,GSS+3P
0,0,2,0,1,0,5,_H2O,3.0,CCS+4P-H2O,994.0408110000001,994.0408,995.0486360000001,995.0486,CCS+4P
0,0,0,2,1,0,4,_H2O,3.0,GGS+3P-H2O,994.0867740000001,994.0868,995.0945990000001,995.0946,GGS+3P
0,0,1,0,1,1,5,_H2O,3.0,CSU+4P-H2O,995.024827,995.0248,996.032652,996.0327,CSU+4P
0,0,3,0,0,0,5,,3.0,CCC+4P,995.090203,995.0902,996.098028,996.098,CCC+4P
0,0,1,2,0,0,4,,3.0,CGG+3P,995.136166,995.1362,996.143991,996.144,CGG+3P
0,0,0,0,1,2,5,_H2O,3.0,SUU+4P-H2O,996.0088430000001,996.0088,997.0166680000001,997.0167,SUU+4P
0,0,2,0,0,1,5,,3.0,CCU+4P,996.0742190000001,996.0742,997.0820440000001,997.082,CCU+4P
0,1,0,1,1,0,4,,3.0,AGS+3P,996.1024239999999,996.1024,997.110249,997.1102,AGS+3P
0,0,0,2,0,1,4,,3.0,GGU+3P,996.1201819999999,996.1202,997.1280069999999,997.128,GGU+3P
0,0,1,0,0,2,5,,3.0,CUU+4P,997.058235,997.0582,998.06606,998.0661,CUU+4P
0,0,0,0,0,3,5,,3.0,UUU+4P,998.0422510000001,998.0423,999.0500760000001,999.0501,UUU+4P
0,1,2,0,0,0,5,_H2O,3.0,ACC+4P-H2O,1001.0908710000001,1001.0909,1002.0986960000001,1002.0987,ACC+4P
0,1,0,2,0,0,4,_H2O,3.0,AGG+3P-H2O,1001.1368339999999,1001.1368,1002.1446589999999,1002.1447,AGG+3P
0,1,1,0,0,1,5,_H2O,3.0,ACU+4P-H2O,1002.074887,1002.0749,1003.082712,1003.0827,ACU+4P
0,1,0,0,0,2,5,_H2O,3.0,AUU+4P-H2O,1003.0589030000001,1003.0589,1004.0667280000001,1004.0667,AUU+4P
0,2,0,1,0,0,4,,3.0,AAG+3P,1003.152484,1003.1525,1004.160309,1004.1603,AAG+3P
0,0,1,0,2,0,5,_H2O,3.0,CSS+4P-H2O,1011.001984,1011.002,1012.009809,1012.0098,CSS+4P
0,0,0,0,2,1,5,_H2O,3.0,SSU+4P-H2O,1011.9860000000001,1011.986,1012.9938250000001,1012.9938,SSU+4P
0,0,2,0,1,0,5,,3.0,CCS+4P,1012.0513759999999,1012.0514,1013.0592009999999,1013.0592,CCS+4P
0,0,0,2,1,0,4,,3.0,GGS+3P,1012.0973389999999,1012.0973,1013.105164,1013.1052,GGS+3P
0,0,1,0,1,1,5,,3.0,CSU+4P,1013.035392,1013.0354,1014.043217,1014.0432,CSU+4P
0,0,0,0,1,2,5,,3.0,SUU+4P,1014.0194080000001,1014.0194,1015.0272330000001,1015.0272,SUU+4P
0,0,2,1,0,0,5,_H2O,3.0,CCG+4P-H2O,1017.0857860000001,1017.0858,1018.0936110000001,1018.0936,CCG+4P
0,0,0,3,0,0,4,_H2O,3.0,GGG+3P-H2O,1017.1317489999999,1017.1317,1018.1395739999999,1018.1396,GGG+3P
0,1,1,0,1,0,5,_H2O,3.0,ACS+4P-H2O,1018.052044,1018.052,1019.059869,1019.0599,ACS+4P
0,0,1,1,0,1,5,_H2O,3.0,CGU+4P-H2O,1018.069802,1018.0698,1019.077627,1019.0776,CGU+4P
0,1,0,0,1,1,5,_H2O,3.0,ASU+4P-H2O,1019.0360599999999,1019.0361,1020.0438849999999,1020.0439,ASU+4P
0,0,0,1,0,2,5,_H2O,3.0,GUU+4P-H2O,1019.0538180000001,1019.0538,1020.0616430000001,1020.0616,GUU+4P
0,1,2,0,0,0,5,,3.0,ACC+4P,1019.1014359999999,1019.1014,1020.109261,1020.1093,ACC+4P
0,1,0,2,0,0,4,,3.0,AGG+3P,1019.147399,1019.1474,1020.155224,1020.1552,AGG+3P
0,1,1,0,0,1,5,,3.0,ACU+4P,1020.085452,1020.0855,1021.0932770000001,1021.0933,ACU+4P
0,1,0,0,0,2,5,,3.0,AUU+4P,1021.0694679999999,1021.0695,1022.0772929999999,1022.0773,AUU+4P
0,2,1,0,0,0,5,_H2O,3.0,AAC+4P-H2O,1025.102104,1025.1021,1026.109929,1026.1099,AAC+4P
0,2,0,0,0,1,5,_H2O,3.0,AAU+4P-H2O,1026.08612,1026.0861,1027.0939449999998,1027.0939,AAU+4P
0,0,0,0,3,0,5,_H2O,3.0,SSS+4P-H2O,1027.963157,1027.9632,1028.9709819999998,1028.971,SSS+4P
0,0,1,0,2,0,5,,3.0,CSS+4P,1029.012549,1029.0125,1030.020374,1030.0204,CSS+4P
0,0,0,0,2,1,5,,3.0,SSU+4P,1029.996565,1029.9966,1031.0043899999998,1031.0044,SSU+4P
0,0,1,1,1,0,5,_H2O,3.0,CGS+4P-H2O,1034.046959,1034.047,1035.054784,1035.0548,CGS+4P
0,1,0,0,2,0,5,_H2O,3.0,ASS+4P-H2O,1035.013217,1035.0132,1036.0210419999999,1036.021,ASS+4P
0,0,0,1,1,1,5,_H2O,3.0,GSU+4P-H2O,1035.030975,1035.031,1036.0387999999998,1036.0388,GSU+4P
0,0,2,1,0,0,5,,3.0,CCG+4P,1035.096351,1035.0964,1036.1041759999998,1036.1042,CCG+4P
0,0,0,3,0,0,4,,3.0,GGG+3P,1035.142314,1035.1423,1036.1501389999999,1036.1501,GGG+3P
0,1,1,0,1,0,5,,3.0,ACS+4P,1036.062609,1036.0626,1037.070434,1037.0704,ACS+4P
0,0,1,1,0,1,5,,3.0,CGU+4P,1036.080367,1036.0804,1037.088192,1037.0882,CGU+4P
0,1,0,0,1,1,5,,3.0,ASU+4P,1037.046625,1037.0466,1038.0544499999999,1038.0544,ASU+4P
0,0,0,1,0,2,5,,3.0,GUU+4P,1037.064383,1037.0644,1038.0722079999998,1038.0722,GUU+4P
0,1,1,1,0,0,5,_H2O,3.0,ACG+4P-H2O,1041.097019,1041.097,1042.104844,1042.1048,ACG+4P
0,2,0,0,1,0,5,_H2O,3.0,AAS+4P-H2O,1042.063277,1042.0633,1043.0711019999999,1043.0711,AAS+4P
0,1,0,1,0,1,5,_H2O,3.0,AGU+4P-H2O,1042.081035,1042.081,1043.0888599999998,1043.0889,AGU+4P
0,2,1,0,0,0,5,,3.0,AAC+4P,1043.112669,1043.1127,1044.120494,1044.1205,AAC+4P
0,2,0,0,0,1,5,,3.0,AAU+4P,1044.096685,1044.0967,1045.10451,1045.1045,AAU+4P
0,0,0,0,3,0,5,,3.0,SSS+4P,1045.973722,1045.9737,1046.9815469999999,1046.9815,SSS+4P
0,3,0,0,0,0,5,_H2O,3.0,AAA+4P-H2O,1049.113337,1049.1133,1050.121162,1050.1212,AAA+4P
0,0,0,1,2,0,5,_H2O,3.0,GSS+4P-H2O,1051.008132,1051.0081,1052.0159569999998,1052.016,GSS+4P
0,0,1,1,1,0,5,,3.0,CGS+4P,1052.057524,1052.0575,1053.065349,1053.0653,CGS+4P
0,1,0,0,2,0,5,,3.0,ASS+4P,1053.023782,1053.0238,1054.031607,1054.0316,ASS+4P
0,0,0,1,1,1,5,,3.0,GSU+4P,1053.04154,1053.0415,1054.0493649999999,1054.0494,GSU+4P
0,0,1,2,0,0,5,_H2O,3.0,CGG+4P-H2O,1057.091934,1057.0919,1058.099759,1058.0998,CGG+4P
0,1,0,1,1,0,5,_H2O,3.0,AGS+4P-H2O,1058.058192,1058.0582,1059.0660169999999,1059.066,AGS+4P
0,0,0,2,0,1,5,_H2O,3.0,GGU+4P-H2O,1058.07595,1058.076,1059.0837749999998,1059.0838,GGU+4P
0,1,1,1,0,0,5,,3.0,ACG+4P,1059.107584,1059.1076,1060.115409,1060.1154,ACG+4P
0,2,0,0,1,0,5,,3.0,AAS+4P,1060.073842,1060.0738,1061.081667,1061.0817,AAS+4P
0,1,0,1,0,1,5,,3.0,AGU+4P,1060.0916,1060.0916,1061.0994249999999,1061.0994,AGU+4P
0,2,0,1,0,0,5,_H2O,3.0,AAG+4P-H2O,1065.108252,1065.1083,1066.116077,1066.1161,AAG+4P
0,3,0,0,0,0,5,,3.0,AAA+4P,1067.123902,1067.1239,1068.131727,1068.1317,AAA+4P
0,0,0,1,2,0,5,,3.0,GSS+4P,1069.018697,1069.0187,1070.0265219999999,1070.0265,GSS+4P
0,0,0,2,1,0,5,_H2O,3.0,GGS+4P-H2O,1074.053107,1074.0531,1075.0609319999999,1075.0609,GGS+4P
0,0,1,2,0,0,5,,3.0,CGG+4P,1075.102499,1075.1025,1076.110324,1076.1103,CGG+4P
0,1,0,1,1,0,5,,3.0,AGS+4P,1076.068757,1076.0688,1077.076582,1077.0766,AGS+4P
0,0,0,2,0,1,5,,3.0,GGU+4P,1076.086515,1076.0865,1077.0943399999999,1077.0943,GGU+4P
0,1,0,2,0,0,5,_H2O,3.0,AGG+4P-H2O,1081.103167,1081.1032,1082.110992,1082.111,AGG+4P
0,2,0,1,0,0,5,,3.0,AAG+4P,1083.118817,1083.1188,1084.126642,1084.1266,AAG+4P
0,0,0,2,1,0,5,,3.0,GGS+4P,1092.063672,1092.0637,1093.071497,1093.0715,GGS+4P
0,0,0,3,0,0,5,_H2O,3.0,GGG+4P-H2O,1097.098082,1097.0981,1098.105907,1098.1059,GGG+4P
0,1,0,2,0,0,5,,3.0,AGG+4P,1099.113732,1099.1137,1100.121557,1100.1216,AGG+4P
0,0,0,3,0,0,5,,3.0,GGG+4P,1115.108647,1115.1086,1116.116472,1116.1165,GGG+4P
0,0,4,0,0,0,4,_H2O,4.0,CCCC+3P-H2O,1122.188262,1122.1883,1123.1960869999998,1123.1961,CCCC+3P
0,0,3,0,0,1,4,_H2O,4.0,CCCU+3P-H2O,1123.172278,1123.1723,1124.180103,1124.1801,CCCU+3P
0,0,2,0,0,2,4,_H2O,4.0,CCUU+3P-H2O,1124.156294,1124.1563,1125.1641189999998,1125.1641,CCUU+3P
0,0,1,0,0,3,4,_H2O,4.0,CUUU+3P-H2O,1125.14031,1125.1403,1126.148135,1126.1481,CUUU+3P
0,0,0,0,0,4,4,_H2O,4.0,UUUU+3P-H2O,1126.124326,1126.1243,1127.132151,1127.1322,UUUU+3P
0,0,3,0,1,0,4,_H2O,4.0,CCCS+3P-H2O,1139.149435,1139.1494,1140.15726,1140.1573,CCCS+3P
0,0,2,0,1,1,4,_H2O,4.0,CCSU+3P-H2O,1140.133451,1140.1335,1141.1412759999998,1141.1413,CCSU+3P
0,0,4,0,0,0,4,,4.0,CCCC+3P,1140.198827,1140.1988,1141.2066519999998,1141.2067,CCCC+3P
0,0,1,0,1,2,4,_H2O,4.0,CSUU+3P-H2O,1141.117467,1141.1175,1142.125292,1142.1253,CSUU+3P
0,0,3,0,0,1,4,,4.0,CCCU+3P,1141.182843,1141.1828,1142.190668,1142.1907,CCCU+3P
0,0,0,0,1,3,4,_H2O,4.0,SUUU+3P-H2O,1142.101483,1142.1015,1143.1093079999998,1143.1093,SUUU+3P
0,0,2,0,0,2,4,,4.0,CCUU+3P,1142.166859,1142.1669,1143.1746839999998,1143.1747,CCUU+3P
0,0,1,0,0,3,4,,4.0,CUUU+3P,1143.150875,1143.1509,1144.1587,1144.1587,CUUU+3P
0,0,0,0,0,4,4,,4.0,UUUU+3P,1144.134891,1144.1349,1145.1427159999998,1145.1427,UUUU+3P
0,1,3,0,0,0,4,_H2O,4.0,ACCC+3P-H2O,1146.199495,1146.1995,1147.20732,1147.2073,ACCC+3P
0,1,2,0,0,1,4,_H2O,4.0,ACCU+3P-H2O,1147.183511,1147.1835,1148.1913359999999,1148.1913,ACCU+3P
0,1,1,0,0,2,4,_H2O,4.0,ACUU+3P-H2O,1148.167527,1148.1675,1149.175352,1149.1754,ACUU+3P
0,1,0,0,0,3,4,_H2O,4.0,AUUU+3P-H2O,1149.151543,1149.1515,1150.1593679999999,1150.1594,AUUU+3P
0,0,2,0,2,0,4,_H2O,4.0,CCSS+3P-H2O,1156.110608,1156.1106,1157.1184329999999,1157.1184,CCSS+3P
0,0,1,0,2,1,4,_H2O,4.0,CSSU+3P-H2O,1157.094624,1157.0946,1158.102449,1158.1024,CSSU+3P
0,0,3,0,1,0,4,,4.0,CCCS+3P,1157.16,1157.16,1158.167825,1158.1678,CCCS+3P
0,0,0,0,2,2,4,_H2O,4.0,SSUU+3P-H2O,1158.07864,1158.0786,1159.0864649999999,1159.0865,SSUU+3P
0,0,2,0,1,1,4,,4.0,CCSU+3P,1158.144016,1158.144,1159.1518409999999,1159.1518,CCSU+3P
0,0,1,0,1,2,4,,4.0,CSUU+3P,1159.128032,1159.128,1160.135857,1160.1359,CSUU+3P
0,0,0,0,1,3,4,,4.0,SUUU+3P,1160.112048,1160.112,1161.1198729999999,1161.1199,SUUU+3P
0,0,3,1,0,0,4,_H2O,4.0,CCCG+3P-H2O,1162.19441,1162.1944,1163.202235,1163.2022,CCCG+3P
0,1,2,0,1,0,4,_H2O,4.0,ACCS+3P-H2O,1163.160668,1163.1607,1164.168493,1164.1685,ACCS+3P
0,0,2,1,0,1,4,_H2O,4.0,CCGU+3P-H2O,1163.178426,1163.1784,1164.1862509999999,1164.1863,CCGU+3P
0,1,1,0,1,1,4,_H2O,4.0,ACSU+3P-H2O,1164.144684,1164.1447,1165.152509,1165.1525,ACSU+3P
0,0,1,1,0,2,4,_H2O,4.0,CGUU+3P-H2O,1164.162442,1164.1624,1165.170267,1165.1703,CGUU+3P
0,1,3,0,0,0,4,,4.0,ACCC+3P,1164.21006,1164.2101,1165.217885,1165.2179,ACCC+3P
0,1,0,0,1,2,4,_H2O,4.0,ASUU+3P-H2O,1165.1287,1165.1287,1166.136525,1166.1365,ASUU+3P
0,0,0,1,0,3,4,_H2O,4.0,GUUU+3P-H2O,1165.146458,1165.1465,1166.1542829999999,1166.1543,GUUU+3P
0,1,2,0,0,1,4,,4.0,ACCU+3P,1165.194076,1165.1941,1166.201901,1166.2019,ACCU+3P
0,1,1,0,0,2,4,,4.0,ACUU+3P,1166.178092,1166.1781,1167.185917,1167.1859,ACUU+3P
0,1,0,0,0,3,4,,4.0,AUUU+3P,1167.162108,1167.1621,1168.169933,1168.1699,AUUU+3P
0,2,2,0,0,0,4,_H2O,4.0,AACC+3P-H2O,1170.210728,1170.2107,1171.218553,1171.2186,AACC+3P
0,2,1,0,0,1,4,_H2O,4.0,AACU+3P-H2O,1171.194744,1171.1947,1172.2025689999998,1172.2026,AACU+3P
0,2,0,0,0,2,4,_H2O,4.0,AAUU+3P-H2O,1172.17876,1172.1788,1173.186585,1173.1866,AAUU+3P
0,0,1,0,3,0,4,_H2O,4.0,CSSS+3P-H2O,1173.071781,1173.0718,1174.079606,1174.0796,CSSS+3P
0,0,0,0,3,1,4,_H2O,4.0,SSSU+3P-H2O,1174.055797,1174.0558,1175.063622,1175.0636,SSSU+3P
0,0,2,0,2,0,4,,4.0,CCSS+3P,1174.121173,1174.1212,1175.128998,1175.129,CCSS+3P
0,0,1,0,2,1,4,,4.0,CSSU+3P,1175.105189,1175.1052,1176.113014,1176.113,CSSU+3P
0,0,0,0,2,2,4,,4.0,SSUU+3P,1176.089205,1176.0892,1177.09703,1177.097,SSUU+3P
0,0,2,1,1,0,4,_H2O,4.0,CCGS+3P-H2O,1179.155583,1179.1556,1180.163408,1180.1634,CCGS+3P
0,1,1,0,2,0,4,_H2O,4.0,ACSS+3P-H2O,1180.121841,1180.1218,1181.1296659999998,1181.1297,ACSS+3P
0,0,1,1,1,1,4,_H2O,4.0,CGSU+3P-H2O,1180.139599,1180.1396,1181.147424,1181.1474,CGSU+3P
0,0,3,1,0,0,4,,4.0,CCCG+3P,1180.204975,1180.205,1181.2128,1181.2128,CCCG+3P
0,1,0,0,2,1,4,_H2O,4.0,ASSU+3P-H2O,1181.105857,1181.1059,1182.113682,1182.1137,ASSU+3P
0,0,0,1,1,2,4,_H2O,4.0,GSUU+3P-H2O,1181.123615,1181.1236,1182.1314399999999,1182.1314,GSUU+3P
0,1,2,0,1,0,4,,4.0,ACCS+3P,1181.171233,1181.1712,1182.179058,1182.1791,ACCS+3P
0,0,2,1,0,1,4,,4.0,CCGU+3P,1181.188991,1181.189,1182.196816,1182.1968,CCGU+3P
0,1,1,0,1,1,4,,4.0,ACSU+3P,1182.155249,1182.1552,1183.1630739999998,1183.1631,ACSU+3P
0,0,1,1,0,2,4,,4.0,CGUU+3P,1182.173007,1182.173,1183.180832,1183.1808,CGUU+3P
0,1,0,0,1,2,4,,4.0,ASUU+3P,1183.139265,1183.1393,1184.14709,1184.1471,ASUU+3P
0,0,0,1,0,3,4,,4.0,GUUU+3P,1183.157023,1183.157,1184.164848,1184.1648,GUUU+3P
0,1,2,1,0,0,4,_H2O,4.0,ACCG+3P-H2O,1186.205643,1186.2056,1187.213468,1187.2135,ACCG+3P
0,2,1,0,1,0,4,_H2O,4.0,AACS+3P-H2O,1187.171901,1187.1719,1188.1797259999998,1188.1797,AACS+3P
0,1,1,1,0,1,4,_H2O,4.0,ACGU+3P-H2O,1187.189659,1187.1897,1188.1974839999998,1188.1975,ACGU+3P
0,2,0,0,1,1,4,_H2O,4.0,AASU+3P-H2O,1188.155917,1188.1559,1189.163742,1189.1637,AASU+3P
0,1,0,1,0,2,4,_H2O,4.0,AGUU+3P-H2O,1188.173675,1188.1737,1189.1815,1189.1815,AGUU+3P
0,2,2,0,0,0,4,,4.0,AACC+3P,1188.221293,1188.2213,1189.229118,1189.2291,AACC+3P
0,2,1,0,0,1,4,,4.0,AACU+3P,1189.205309,1189.2053,1190.2131339999999,1190.2131,AACU+3P
0,0,0,0,4,0,4,_H2O,4.0,SSSS+3P-H2O,1190.032954,1190.033,1191.040779,1191.0408,SSSS+3P
0,2,0,0,0,2,4,,4.0,AAUU+3P,1190.189325,1190.1893,1191.19715,1191.1972,AAUU+3P
0,0,1,0,3,0,4,,4.0,CSSS+3P,1191.082346,1191.0823,1192.0901709999998,1192.0902,CSSS+3P
0,0,0,0,3,1,4,,4.0,SSSU+3P,1192.066362,1192.0664,1193.074187,1193.0742,SSSU+3P
0,3,1,0,0,0,4,_H2O,4.0,AAAC+3P-H2O,1194.221961,1194.222,1195.2297859999999,1195.2298,AAAC+3P
0,3,0,0,0,1,4,_H2O,4.0,AAAU+3P-H2O,1195.205977,1195.206,1196.213802,1196.2138,AAAU+3P
0,0,1,1,2,0,4,_H2O,4.0,CGSS+3P-H2O,1196.116756,1196.1168,1197.1245809999998,1197.1246,CGSS+3P
0,1,0,0,3,0,4,_H2O,4.0,ASSS+3P-H2O,1197.083014,1197.083,1198.090839,1198.0908,ASSS+3P
0,0,0,1,2,1,4,_H2O,4.0,GSSU+3P-H2O,1197.100772,1197.1008,1198.108597,1198.1086,GSSU+3P
0,0,2,1,1,0,4,,4.0,CCGS+3P,1197.166148,1197.1661,1198.173973,1198.174,CCGS+3P
0,1,1,0,2,0,4,,4.0,ACSS+3P,1198.132406,1198.1324,1199.1402309999999,1199.1402,ACSS+3P
0,0,1,1,1,1,4,,4.0,CGSU+3P,1198.150164,1198.1502,1199.1579889999998,1199.158,CGSU+3P
0,1,0,0,2,1,4,,4.0,ASSU+3P,1199.116422,1199.1164,1200.124247,1200.1242,ASSU+3P
0,0,0,1,1,2,4,,4.0,GSUU+3P,1199.13418,1199.1342,1200.142005,1200.142,GSUU+3P
0,0,4,0,0,0,5,_H2O,4.0,CCCC+4P-H2O,1202.154595,1202.1546,1203.1624199999999,1203.1624,CCCC+4P
0,0,2,2,0,0,4,_H2O,4.0,CCGG+3P-H2O,1202.200558,1202.2006,1203.208383,1203.2084,CCGG+3P
0,0,3,0,0,1,5,_H2O,4.0,CCCU+4P-H2O,1203.138611,1203.1386,1204.146436,1204.1464,CCCU+4P
0,1,1,1,1,0,4,_H2O,4.0,ACGS+3P-H2O,1203.166816,1203.1668,1204.1746409999998,1204.1746,ACGS+3P
0,0,1,2,0,1,4,_H2O,4.0,CGGU+3P-H2O,1203.184574,1203.1846,1204.192399,1204.1924,CGGU+3P
0,0,2,0,0,2,5,_H2O,4.0,CCUU+4P-H2O,1204.122627,1204.1226,1205.1304519999999,1205.1305,CCUU+4P
0,2,0,0,2,0,4,_H2O,4.0,AASS+3P-H2O,1204.133074,1204.1331,1205.140899,1205.1409,AASS+3P
0,1,0,1,1,1,4,_H2O,4.0,AGSU+3P-H2O,1204.150832,1204.1508,1205.158657,1205.1587,AGSU+3P
0,0,0,2,0,2,4,_H2O,4.0,GGUU+3P-H2O,1204.16859,1204.1686,1205.176415,1205.1764,GGUU+3P
0,1,2,1,0,0,4,,4.0,ACCG+3P,1204.216208,1204.2162,1205.224033,1205.224,ACCG+3P
0,0,1,0,0,3,5,_H2O,4.0,CUUU+4P-H2O,1205.106643,1205.1066,1206.114468,1206.1145,CUUU+4P
0,2,1,0,1,0,4,,4.0,AACS+3P,1205.182466,1205.1825,1206.190291,1206.1903,AACS+3P
0,1,1,1,0,1,4,,4.0,ACGU+3P,1205.200224,1205.2002,1206.2080489999998,1206.208,ACGU+3P
0,0,0,0,0,4,5,_H2O,4.0,UUUU+4P-H2O,1206.090659,1206.0907,1207.0984839999999,1207.0985,UUUU+4P
0,2,0,0,1,1,4,,4.0,AASU+3P,1206.166482,1206.1665,1207.174307,1207.1743,AASU+3P
0,1,0,1,0,2,4,,4.0,AGUU+3P,1206.18424,1206.1842,1207.192065,1207.1921,AGUU+3P
0,0,0,0,4,0,4,,4.0,SSSS+3P,1208.043519,1208.0435,1209.051344,1209.0513,SSSS+3P
0,2,1,1,0,0,4,_H2O,4.0,AACG+3P-H2O,1210.216876,1210.2169,1211.2247009999999,1211.2247,AACG+3P
0,3,0,0,1,0,4,_H2O,4.0,AAAS+3P-H2O,1211.183134,1211.1831,1212.190959,1212.191,AAAS+3P
0,2,0,1,0,1,4,_H2O,4.0,AAGU+3P-H2O,1211.200892,1211.2009,1212.208717,1212.2087,AAGU+3P
0,3,1,0,0,0,4,,4.0,AAAC+3P,1212.232526,1212.2325,1213.240351,1213.2404,AAAC+3P
0,0,0,1,3,0,4,_H2O,4.0,GSSS+3P-H2O,1213.077929,1213.0779,1214.085754,1214.0858,GSSS+3P
0,3,0,0,0,1,4,,4.0,AAAU+3P,1213.216542,1213.2165,1214.2243669999998,1214.2244,AAAU+3P
0,0,1,1,2,0,4,,4.0,CGSS+3P,1214.127321,1214.1273,1215.1351459999998,1215.1351,CGSS+3P
0,1,0,0,3,0,4,,4.0,ASSS+3P,1215.093579,1215.0936,1216.101404,1216.1014,ASSS+3P
0,0,0,1,2,1,4,,4.0,GSSU+3P,1215.111337,1215.1113,1216.119162,1216.1192,GSSU+3P
0,4,0,0,0,0,4,_H2O,4.0,AAAA+3P-H2O,1218.233194,1218.2332,1219.2410189999998,1219.241,AAAA+3P
0,0,3,0,1,0,5,_H2O,4.0,CCCS+4P-H2O,1219.115768,1219.1158,1220.1235929999998,1220.1236,CCCS+4P
0,0,1,2,1,0,4,_H2O,4.0,CGGS+3P-H2O,1219.161731,1219.1617,1220.1695559999998,1220.1696,CGGS+3P
0,0,2,0,1,1,5,_H2O,4.0,CCSU+4P-H2O,1220.099784,1220.0998,1221.107609,1221.1076,CCSU+4P
0,1,0,1,2,0,4,_H2O,4.0,AGSS+3P-H2O,1220.127989,1220.128,1221.135814,1221.1358,AGSS+3P
0,0,0,2,1,1,4,_H2O,4.0,GGSU+3P-H2O,1220.145747,1220.1457,1221.153572,1221.1536,GGSU+3P
0,0,4,0,0,0,5,,4.0,CCCC+4P,1220.16516,1220.1652,1221.172985,1221.173,CCCC+4P
0,0,2,2,0,0,4,,4.0,CCGG+3P,1220.211123,1220.2111,1221.218948,1221.2189,CCGG+3P
0,0,1,0,1,2,5,_H2O,4.0,CSUU+4P-H2O,1221.0838,1221.0838,1222.091625,1222.0916,CSUU+4P
0,0,3,0,0,1,5,,4.0,CCCU+4P,1221.149176,1221.1492,1222.1570009999998,1222.157,CCCU+4P
0,1,1,1,1,0,4,,4.0,ACGS+3P,1221.177381,1221.1774,1222.1852059999999,1222.1852,ACGS+3P
0,0,1,2,0,1,4,,4.0,CGGU+3P,1221.195139,1221.1951,1222.2029639999998,1222.203,CGGU+3P
0,0,0,0,1,3,5,_H2O,4.0,SUUU+4P-H2O,1222.067816,1222.0678,1223.075641,1223.0756,SUUU+4P
0,0,2,0,0,2,5,,4.0,CCUU+4P,1222.133192,1222.1332,1223.141017,1223.141,CCUU+4P
0,2,0,0,2,0,4,,4.0,AASS+3P,1222.143639,1222.1436,1223.1514639999998,1223.1515,AASS+3P
0,1,0,1,1,1,4,,4.0,AGSU+3P,1222.161397,1222.1614,1223.169222,1223.1692,AGSU+3P
0,0,0,2,0,2,4,,4.0,GGUU+3P,1222.179155,1222.1792,1223.18698,1223.187,GGUU+3P
0,0,1,0,0,3,5,,4.0,CUUU+4P,1223.117208,1223.1172,1224.1250329999998,1224.125,CUUU+4P
0,0,0,0,0,4,5,,4.0,UUUU+4P,1224.101224,1224.1012,1225.109049,1225.109,UUUU+4P
0,1,3,0,0,0,5,_H2O,4.0,ACCC+4P-H2O,1226.165828,1226.1658,1227.1736529999998,1227.1737,ACCC+4P
0,1,1,2,0,0,4,_H2O,4.0,ACGG+3P-H2O,1226.211791,1226.2118,1227.2196159999999,1227.2196,ACGG+3P
0,1,2,0,0,1,5,_H2O,4.0,ACCU+4P-H2O,1227.149844,1227.1498,1228.157669,1228.1577,ACCU+4P
0,2,0,1,1,0,4,_H2O,4.0,AAGS+3P-H2O,1227.178049,1227.178,1228.185874,1228.1859,AAGS+3P
0,1,0,2,0,1,4,_H2O,4.0,AGGU+3P-H2O,1227.195807,1227.1958,1228.203632,1228.2036,AGGU+3P
0,1,1,0,0,2,5,_H2O,4.0,ACUU+4P-H2O,1228.13386,1228.1339,1229.1416849999998,1229.1417,ACUU+4P
0,2,1,1,0,0,4,,4.0,AACG+3P,1228.227441,1228.2274,1229.235266,1229.2353,AACG+3P
0,1,0,0,0,3,5,_H2O,4.0,AUUU+4P-H2O,1229.117876,1229.1179,1230.125701,1230.1257,AUUU+4P
0,3,0,0,1,0,4,,4.0,AAAS+3P,1229.193699,1229.1937,1230.2015239999998,1230.2015,AAAS+3P
0,2,0,1,0,1,4,,4.0,AAGU+3P,1229.211457,1229.2115,1230.219282,1230.2193,AAGU+3P
0,0,0,1,3,0,4,,4.0,GSSS+3P,1231.088494,1231.0885,1232.096319,1232.0963,GSSS+3P
0,3,0,1,0,0,4,_H2O,4.0,AAAG+3P-H2O,1234.228109,1234.2281,1235.2359339999998,1235.2359,AAAG+3P
0,0,2,0,2,0,5,_H2O,4.0,CCSS+4P-H2O,1236.076941,1236.0769,1237.084766,1237.0848,CCSS+4P
0,0,0,2,2,0,4,_H2O,4.0,GGSS+3P-H2O,1236.122904,1236.1229,1237.130729,1237.1307,GGSS+3P
0,4,0,0,0,0,4,,4.0,AAAA+3P,1236.243759,1236.2438,1237.2515839999999,1237.2516,AAAA+3P
0,0,1,0,2,1,5,_H2O,4.0,CSSU+4P-H2O,1237.060957,1237.061,1238.0687819999998,1238.0688,CSSU+4P
0,0,3,0,1,0,5,,4.0,CCCS+4P,1237.126333,1237.1263,1238.1341579999998,1238.1342,CCCS+4P
0,0,1,2,1,0,4,,4.0,CGGS+3P,1237.172296,1237.1723,1238.1801209999999,1238.1801,CGGS+3P
0,0,0,0,2,2,5,_H2O,4.0,SSUU+4P-H2O,1238.044973,1238.045,1239.052798,1239.0528,SSUU+4P
0,0,2,0,1,1,5,,4.0,CCSU+4P,1238.110349,1238.1103,1239.118174,1239.1182,CCSU+4P
0,1,0,1,2,0,4,,4.0,AGSS+3P,1238.138554,1238.1386,1239.146379,1239.1464,AGSS+3P
0,0,0,2,1,1,4,,4.0,GGSU+3P,1238.156312,1238.1563,1239.164137,1239.1641,GGSU+3P
0,0,1,0,1,2,5,,4.0,CSUU+4P,1239.094365,1239.0944,1240.1021899999998,1240.1022,CSUU+4P
0,0,0,0,1,3,5,,4.0,SUUU+4P,1240.078381,1240.0784,1241.086206,1241.0862,SUUU+4P
0,0,3,1,0,0,5,_H2O,4.0,CCCG+4P-H2O,1242.160743,1242.1607,1243.1685679999998,1243.1686,CCCG+4P
0,0,1,3,0,0,4,_H2O,4.0,CGGG+3P-H2O,1242.206706,1242.2067,1243.2145309999999,1243.2145,CGGG+3P
0,1,2,0,1,0,5,_H2O,4.0,ACCS+4P-H2O,1243.127001,1243.127,1244.134826,1244.1348,ACCS+4P
0,0,2,1,0,1,5,_H2O,4.0,CCGU+4P-H2O,1243.144759,1243.1448,1244.152584,1244.1526,CCGU+4P
0,1,0,2,1,0,4,_H2O,4.0,AGGS+3P-H2O,1243.172964,1243.173,1244.180789,1244.1808,AGGS+3P
0,0,0,3,0,1,4,_H2O,4.0,GGGU+3P-H2O,1243.190722,1243.1907,1244.198547,1244.1985,GGGU+3P
0,1,1,0,1,1,5,_H2O,4.0,ACSU+4P-H2O,1244.111017,1244.111,1245.1188419999999,1245.1188,ACSU+4P
0,0,1,1,0,2,5,_H2O,4.0,CGUU+4P-H2O,1244.128775,1244.1288,1245.1365999999998,1245.1366,CGUU+4P
0,1,3,0,0,0,5,,4.0,ACCC+4P,1244.176393,1244.1764,1245.1842179999999,1245.1842,ACCC+4P
0,1,1,2,0,0,4,,4.0,ACGG+3P,1244.222356,1244.2224,1245.230181,1245.2302,ACGG+3P
0,1,0,0,1,2,5,_H2O,4.0,ASUU+4P-H2O,1245.095033,1245.095,1246.102858,1246.1029,ASUU+4P
0,0,0,1,0,3,5,_H2O,4.0,GUUU+4P-H2O,1245.112791,1245.1128,1246.120616,1246.1206,GUUU+4P
0,1,2,0,0,1,5,,4.0,ACCU+4P,1245.160409,1245.1604,1246.168234,1246.1682,ACCU+4P
0,2,0,1,1,0,4,,4.0,AAGS+3P,1245.188614,1245.1886,1246.1964389999998,1246.1964,AAGS+3P
0,1,0,2,0,1,4,,4.0,AGGU+3P,1245.206372,1245.2064,1246.214197,1246.2142,AGGU+3P
0,1,1,0,0,2,5,,4.0,ACUU+4P,1246.144425,1246.1444,1247.1522499999999,1247.1522,ACUU+4P
0,1,0,0,0,3,5,,4.0,AUUU+4P,1247.128441,1247.1284,1248.136266,1248.1363,AUUU+4P
0,2,2,0,0,0,5,_H2O,4.0,AACC+4P-H2O,1250.177061,1250.1771,1251.184886,1251.1849,AACC+4P
0,2,0,2,0,0,4,_H2O,4.0,AAGG+3P-H2O,1250.223024,1250.223,1251.2308489999998,1251.2308,AAGG+3P
0,2,1,0,0,1,5,_H2O,4.0,AACU+4P-H2O,1251.161077,1251.1611,1252.168902,1252.1689,AACU+4P
0,2,0,0,0,2,5,_H2O,4.0,AAUU+4P-H2O,1252.145093,1252.1451,1253.152918,1253.1529,AAUU+4P
0,3,0,1,0,0,4,,4.0,AAAG+3P,1252.238674,1252.2387,1253.2464989999999,1253.2465,AAAG+3P
0,0,1,0,3,0,5,_H2O,4.0,CSSS+4P-H2O,1253.038114,1253.0381,1254.0459389999999,1254.0459,CSSS+4P
0,0,0,0,3,1,5,_H2O,4.0,SSSU+4P-H2O,1254.02213,1254.0221,1255.029955,1255.03,SSSU+4P
0,0,2,0,2,0,5,,4.0,CCSS+4P,1254.087506,1254.0875,1255.095331,1255.0953,CCSS+4P
0,0,0,2,2,0,4,,4.0,GGSS+3P,1254.133469,1254.1335,1255.141294,1255.1413,GGSS+3P
0,0,1,0,2,1,5,,4.0,CSSU+4P,1255.071522,1255.0715,1256.0793469999999,1256.0793,CSSU+4P
0,0,0,0,2,2,5,,4.0,SSUU+4P,1256.055538,1256.0555,1257.063363,1257.0634,SSUU+4P
0,0,2,1,1,0,5,_H2O,4.0,CCGS+4P-H2O,1259.121916,1259.1219,1260.129741,1260.1297,CCGS+4P
0,0,0,3,1,0,4,_H2O,4.0,GGGS+3P-H2O,1259.167879,1259.1679,1260.175704,1260.1757,GGGS+3P
0,1,1,0,2,0,5,_H2O,4.0,ACSS+4P-H2O,1260.088174,1260.0882,1261.095999,1261.096,ACSS+4P
0,0,1,1,1,1,5,_H2O,4.0,CGSU+4P-H2O,1260.105932,1260.1059,1261.1137569999999,1261.1138,CGSU+4P
0,0,3,1,0,0,5,,4.0,CCCG+4P,1260.171308,1260.1713,1261.1791329999999,1261.1791,CCCG+4P
0,0,1,3,0,0,4,,4.0,CGGG+3P,1260.217271,1260.2173,1261.225096,1261.2251,CGGG+3P
0,1,0,0,2,1,5,_H2O,4.0,ASSU+4P-H2O,1261.07219,1261.0722,1262.080015,1262.08,ASSU+4P
0,0,0,1,1,2,5,_H2O,4.0,GSUU+4P-H2O,1261.089948,1261.0899,1262.097773,1262.0978,GSUU+4P
0,1,2,0,1,0,5,,4.0,ACCS+4P,1261.137566,1261.1376,1262.145391,1262.1454,ACCS+4P
0,0,2,1,0,1,5,,4.0,CCGU+4P,1261.155324,1261.1553,1262.163149,1262.1631,CCGU+4P
0,1,0,2,1,0,4,,4.0,AGGS+3P,1261.183529,1261.1835,1262.1913539999998,1262.1914,AGGS+3P
0,0,0,3,0,1,4,,4.0,GGGU+3P,1261.201287,1261.2013,1262.209112,1262.2091,GGGU+3P
0,1,1,0,1,1,5,,4.0,ACSU+4P,1262.121582,1262.1216,1263.129407,1263.1294,ACSU+4P
0,0,1,1,0,2,5,,4.0,CGUU+4P,1262.13934,1262.1393,1263.1471649999999,1263.1472,CGUU+4P
0,1,0,0,1,2,5,,4.0,ASUU+4P,1263.105598,1263.1056,1264.113423,1264.1134,ASUU+4P
0,0,0,1,0,3,5,,4.0,GUUU+4P,1263.123356,1263.1234,1264.131181,1264.1312,GUUU+4P
0,1,2,1,0,0,5,_H2O,4.0,ACCG+4P-H2O,1266.171976,1266.172,1267.179801,1267.1798,ACCG+4P
0,1,0,3,0,0,4,_H2O,4.0,AGGG+3P-H2O,1266.217939,1266.2179,1267.2257639999998,1267.2258,AGGG+3P
0,2,1,0,1,0,5,_H2O,4.0,AACS+4P-H2O,1267.138234,1267.1382,1268.146059,1268.1461,AACS+4P
0,1,1,1,0,1,5,_H2O,4.0,ACGU+4P-H2O,1267.155992,1267.156,1268.1638169999999,1268.1638,ACGU+4P
0,2,0,0,1,1,5,_H2O,4.0,AASU+4P-H2O,1268.12225,1268.1222,1269.1300749999998,1269.1301,AASU+4P
0,1,0,1,0,2,5,_H2O,4.0,AGUU+4P-H2O,1268.140008,1268.14,1269.147833,1269.1478,AGUU+4P
0,2,2,0,0,0,5,,4.0,AACC+4P,1268.187626,1268.1876,1269.1954509999998,1269.1955,AACC+4P
0,2,0,2,0,0,4,,4.0,AAGG+3P,1268.233589,1268.2336,1269.2414139999998,1269.2414,AAGG+3P
0,2,1,0,0,1,5,,4.0,AACU+4P,1269.171642,1269.1716,1270.179467,1270.1795,AACU+4P
0,0,0,0,4,0,5,_H2O,4.0,SSSS+4P-H2O,1269.999287,1269.9993,1271.007112,1271.0071,SSSS+4P
0,2,0,0,0,2,5,,4.0,AAUU+4P,1270.155658,1270.1557,1271.1634829999998,1271.1635,AAUU+4P
0,0,1,0,3,0,5,,4.0,CSSS+4P,1271.048679,1271.0487,1272.056504,1272.0565,CSSS+4P
0,0,0,0,3,1,5,,4.0,SSSU+4P,1272.032695,1272.0327,1273.04052,1273.0405,SSSU+4P
0,3,1,0,0,0,5,_H2O,4.0,AAAC+4P-H2O,1274.188294,1274.1883,1275.196119,1275.1961,AAAC+4P
0,3,0,0,0,1,5,_H2O,4.0,AAAU+4P-H2O,1275.17231,1275.1723,1276.1801349999998,1276.1801,AAAU+4P
0,0,1,1,2,0,5,_H2O,4.0,CGSS+4P-H2O,1276.083089,1276.0831,1277.0909139999999,1277.0909,CGSS+4P
0,1,0,0,3,0,5,_H2O,4.0,ASSS+4P-H2O,1277.049347,1277.0493,1278.0571719999998,1278.0572,ASSS+4P
0,0,0,1,2,1,5,_H2O,4.0,GSSU+4P-H2O,1277.067105,1277.0671,1278.07493,1278.0749,GSSU+4P
0,0,2,1,1,0,5,,4.0,CCGS+4P,1277.132481,1277.1325,1278.140306,1278.1403,CCGS+4P
0,0,0,3,1,0,4,,4.0,GGGS+3P,1277.178444,1277.1784,1278.1862689999998,1278.1863,GGGS+3P
0,1,1,0,2,0,5,,4.0,ACSS+4P,1278.098739,1278.0987,1279.106564,1279.1066,ACSS+4P
0,0,1,1,1,1,5,,4.0,CGSU+4P,1278.116497,1278.1165,1279.124322,1279.1243,CGSU+4P
0,1,0,0,2,1,5,,4.0,ASSU+4P,1279.082755,1279.0828,1280.0905799999998,1280.0906,ASSU+4P
0,0,0,1,1,2,5,,4.0,GSUU+4P,1279.100513,1279.1005,1280.108338,1280.1083,GSUU+4P
0,0,4,0,0,0,6,_H2O,4.0,CCCC+5P-H2O,1282.120928,1282.1209,1283.128753,1283.1288,CCCC+5P
0,0,2,2,0,0,5,_H2O,4.0,CCGG+4P-H2O,1282.166891,1282.1669,1283.174716,1283.1747,CCGG+4P
0,0,0,4,0,0,4,_H2O,4.0,GGGG+3P-H2O,1282.212854,1282.2129,1283.220679,1283.2207,GGGG+3P
0,0,3,0,0,1,6,_H2O,4.0,CCCU+5P-H2O,1283.104944,1283.1049,1284.1127689999998,1284.1128,CCCU+5P
0,1,1,1,1,0,5,_H2O,4.0,ACGS+4P-H2O,1283.133149,1283.1331,1284.140974,1284.141,ACGS+4P
0,0,1,2,0,1,5,_H2O,4.0,CGGU+4P-H2O,1283.150907,1283.1509,1284.1587319999999,1284.1587,CGGU+4P
0,0,2,0,0,2,6,_H2O,4.0,CCUU+5P-H2O,1284.08896,1284.089,1285.096785,1285.0968,CCUU+5P
0,2,0,0,2,0,5,_H2O,4.0,AASS+4P-H2O,1284.099407,1284.0994,1285.1072319999998,1285.1072,AASS+4P
0,1,0,1,1,1,5,_H2O,4.0,AGSU+4P-H2O,1284.1171649999999,1284.1172,1285.1249899999998,1285.125,AGSU+4P
0,0,0,2,0,2,5,_H2O,4.0,GGUU+4P-H2O,1284.134923,1284.1349,1285.142748,1285.1427,GGUU+4P
0,1,2,1,0,0,5,,4.0,ACCG+4P,1284.182541,1284.1825,1285.1903659999998,1285.1904,ACCG+4P
0,1,0,3,0,0,4,,4.0,AGGG+3P,1284.228504,1284.2285,1285.2363289999998,1285.2363,AGGG+3P
0,0,1,0,0,3,6,_H2O,4.0,CUUU+5P-H2O,1285.072976,1285.073,1286.0808009999998,1286.0808,CUUU+5P
0,2,1,0,1,0,5,,4.0,AACS+4P,1285.148799,1285.1488,1286.156624,1286.1566,AACS+4P
0,1,1,1,0,1,5,,4.0,ACGU+4P,1285.166557,1285.1666,1286.174382,1286.1744,ACGU+4P
0,0,0,0,0,4,6,_H2O,4.0,UUUU+5P-H2O,1286.056992,1286.057,1287.064817,1287.0648,UUUU+5P
0,2,0,0,1,1,5,,4.0,AASU+4P,1286.132815,1286.1328,1287.1406399999998,1287.1406,AASU+4P
0,1,0,1,0,2,5,,4.0,AGUU+4P,1286.150573,1286.1506,1287.1583979999998,1287.1584,AGUU+4P
0,0,0,0,4,0,5,,4.0,SSSS+4P,1288.009852,1288.0099,1289.0176769999998,1289.0177,SSSS+4P
0,2,1,1,0,0,5,_H2O,4.0,AACG+4P-H2O,1290.183209,1290.1832,1291.191034,1291.191,AACG+4P
0,3,0,0,1,0,5,_H2O,4.0,AAAS+4P-H2O,1291.149467,1291.1495,1292.1572919999999,1292.1573,AAAS+4P
0,2,0,1,0,1,5,_H2O,4.0,AAGU+4P-H2O,1291.167225,1291.1672,1292.1750499999998,1292.175,AAGU+4P
0,3,1,0,0,0,5,,4.0,AAAC+4P,1292.198859,1292.1989,1293.206684,1293.2067,AAAC+4P
0,0,0,1,3,0,5,_H2O,4.0,GSSS+4P-H2O,1293.044262,1293.0443,1294.0520869999998,1294.0521,GSSS+4P
0,3,0,0,0,1,5,,4.0,AAAU+4P,1293.182875,1293.1829,1294.1906999999999,1294.1907,AAAU+4P
0,0,1,1,2,0,5,,4.0,CGSS+4P,1294.093654,1294.0937,1295.101479,1295.1015,CGSS+4P
0,1,0,0,3,0,5,,4.0,ASSS+4P,1295.059912,1295.0599,1296.0677369999999,1296.0677,ASSS+4P
0,0,0,1,2,1,5,,4.0,GSSU+4P,1295.07767,1295.0777,1296.0854949999998,1296.0855,GSSU+4P
0,4,0,0,0,0,5,_H2O,4.0,AAAA+4P-H2O,1298.199527,1298.1995,1299.207352,1299.2074,AAAA+4P
0,0,3,0,1,0,6,_H2O,4.0,CCCS+5P-H2O,1299.082101,1299.0821,1300.0899259999999,1300.0899,CCCS+5P
0,0,1,2,1,0,5,_H2O,4.0,CGGS+4P-H2O,1299.128064,1299.1281,1300.135889,1300.1359,CGGS+4P
0,0,2,0,1,1,6,_H2O,4.0,CCSU+5P-H2O,1300.066117,1300.0661,1301.073942,1301.0739,CCSU+5P
0,1,0,1,2,0,5,_H2O,4.0,AGSS+4P-H2O,1300.094322,1300.0943,1301.1021469999998,1301.1021,AGSS+4P
0,0,0,2,1,1,5,_H2O,4.0,GGSU+4P-H2O,1300.11208,1300.1121,1301.119905,1301.1199,GGSU+4P
0,0,4,0,0,0,6,,4.0,CCCC+5P,1300.131493,1300.1315,1301.139318,1301.1393,CCCC+5P
0,0,2,2,0,0,5,,4.0,CCGG+4P,1300.177456,1300.1775,1301.1852809999998,1301.1853,CCGG+4P
0,0,0,4,0,0,4,,4.0,GGGG+3P,1300.223419,1300.2234,1301.2312439999998,1301.2312,GGGG+3P
0,0,1,0,1,2,6,_H2O,4.0,CSUU+5P-H2O,1301.050133,1301.0501,1302.0579579999999,1302.058,CSUU+5P
0,0,3,0,0,1,6,,4.0,CCCU+5P,1301.115509,1301.1155,1302.1233339999999,1302.1233,CCCU+5P
0,1,1,1,1,0,5,,4.0,ACGS+4P,1301.143714,1301.1437,1302.151539,1302.1515,ACGS+4P
0,0,1,2,0,1,5,,4.0,CGGU+4P,1301.161472,1301.1615,1302.169297,1302.1693,CGGU+4P
0,0,0,0,1,3,6,_H2O,4.0,SUUU+5P-H2O,1302.034149,1302.0341,1303.041974,1303.042,SUUU+5P
0,0,2,0,0,2,6,,4.0,CCUU+5P,1302.099525,1302.0995,1303.10735,1303.1074,CCUU+5P
0,2,0,0,2,0,5,,4.0,AASS+4P,1302.109972,1302.11,1303.1177969999999,1303.1178,AASS+4P
0,1,0,1,1,1,5,,4.0,AGSU+4P,1302.12773,1302.1277,1303.1355549999998,1303.1356,AGSU+4P
0,0,0,2,0,2,5,,4.0,GGUU+4P,1302.145488,1302.1455,1303.1533129999998,1303.1533,GGUU+4P
0,0,1,0,0,3,6,,4.0,CUUU+5P,1303.083541,1303.0835,1304.0913659999999,1304.0914,CUUU+5P
0,0,0,0,0,4,6,,4.0,UUUU+5P,1304.067557,1304.0676,1305.075382,1305.0754,UUUU+5P
0,1,3,0,0,0,6,_H2O,4.0,ACCC+5P-H2O,1306.132161,1306.1322,1307.139986,1307.14,ACCC+5P
0,1,1,2,0,0,5,_H2O,4.0,ACGG+4P-H2O,1306.178124,1306.1781,1307.185949,1307.1859,ACGG+4P
0,1,2,0,0,1,6,_H2O,4.0,ACCU+5P-H2O,1307.116177,1307.1162,1308.124002,1308.124,ACCU+5P
0,2,0,1,1,0,5,_H2O,4.0,AAGS+4P-H2O,1307.144382,1307.1444,1308.1522069999999,1308.1522,AAGS+4P
0,1,0,2,0,1,5,_H2O,4.0,AGGU+4P-H2O,1307.16214,1307.1621,1308.1699649999998,1308.17,AGGU+4P
0,1,1,0,0,2,6,_H2O,4.0,ACUU+5P-H2O,1308.100193,1308.1002,1309.108018,1309.108,ACUU+5P
0,2,1,1,0,0,5,,4.0,AACG+4P,1308.193774,1308.1938,1309.201599,1309.2016,AACG+4P
0,1,0,0,0,3,6,_H2O,4.0,AUUU+5P-H2O,1309.084209,1309.0842,1310.092034,1310.092,AUUU+5P
0,3,0,0,1,0,5,,4.0,AAAS+4P,1309.160032,1309.16,1310.167857,1310.1679,AAAS+4P
0,2,0,1,0,1,5,,4.0,AAGU+4P,1309.17779,1309.1778,1310.1856149999999,1310.1856,AAGU+4P
0,0,0,1,3,0,5,,4.0,GSSS+4P,1311.054827,1311.0548,1312.0626519999998,1312.0627,GSSS+4P
0,3,0,1,0,0,5,_H2O,4.0,AAAG+4P-H2O,1314.194442,1314.1944,1315.202267,1315.2023,AAAG+4P
0,0,2,0,2,0,6,_H2O,4.0,CCSS+5P-H2O,1316.043274,1316.0433,1317.051099,1317.0511,CCSS+5P
0,0,0,2,2,0,5,_H2O,4.0,GGSS+4P-H2O,1316.089237,1316.0892,1317.0970619999998,1317.0971,GGSS+4P
0,4,0,0,0,0,5,,4.0,AAAA+4P,1316.210092,1316.2101,1317.217917,1317.2179,AAAA+4P
0,0,1,0,2,1,6,_H2O,4.0,CSSU+5P-H2O,1317.02729,1317.0273,1318.035115,1318.0351,CSSU+5P
0,0,3,0,1,0,6,,4.0,CCCS+5P,1317.092666,1317.0927,1318.100491,1318.1005,CCCS+5P
0,0,1,2,1,0,5,,4.0,CGGS+4P,1317.138629,1317.1386,1318.146454,1318.1465,CGGS+4P
0,0,0,0,2,2,6,_H2O,4.0,SSUU+5P-H2O,1318.011306,1318.0113,1319.019131,1319.0191,SSUU+5P
0,0,2,0,1,1,6,,4.0,CCSU+5P,1318.076682,1318.0767,1319.0845069999998,1319.0845,CCSU+5P
0,1,0,1,2,0,5,,4.0,AGSS+4P,1318.104887,1318.1049,1319.1127119999999,1319.1127,AGSS+4P
0,0,0,2,1,1,5,,4.0,GGSU+4P,1318.122645,1318.1226,1319.1304699999998,1319.1305,GGSU+4P
0,0,1,0,1,2,6,,4.0,CSUU+5P,1319.060698,1319.0607,1320.068523,1320.0685,CSUU+5P
0,0,0,0,1,3,6,,4.0,SUUU+5P,1320.044714,1320.0447,1321.052539,1321.0525,SUUU+5P
0,0,3,1,0,0,6,_H2O,4.0,CCCG+5P-H2O,1322.127076,1322.1271,1323.134901,1323.1349,CCCG+5P
0,0,1,3,0,0,5,_H2O,4.0,CGGG+4P-H2O,1322.173039,1322.173,1323.180864,1323.1809,CGGG+4P
0,1,2,0,1,0,6,_H2O,4.0,ACCS+5P-H2O,1323.093334,1323.0933,1324.1011589999998,1324.1012,ACCS+5P
0,0,2,1,0,1,6,_H2O,4.0,CCGU+5P-H2O,1323.111092,1323.1111,1324.118917,1324.1189,CCGU+5P
0,1,0,2,1,0,5,_H2O,4.0,AGGS+4P-H2O,1323.139297,1323.1393,1324.1471219999999,1324.1471,AGGS+4P
0,0,0,3,0,1,5,_H2O,4.0,GGGU+4P-H2O,1323.157055,1323.1571,1324.1648799999998,1324.1649,GGGU+4P
0,1,1,0,1,1,6,_H2O,4.0,ACSU+5P-H2O,1324.07735,1324.0774,1325.085175,1325.0852,ACSU+5P
0,0,1,1,0,2,6,_H2O,4.0,CGUU+5P-H2O,1324.095108,1324.0951,1325.102933,1325.1029,CGUU+5P
0,1,3,0,0,0,6,,4.0,ACCC+5P,1324.142726,1324.1427,1325.150551,1325.1506,ACCC+5P
0,1,1,2,0,0,5,,4.0,ACGG+4P,1324.188689,1324.1887,1325.196514,1325.1965,ACGG+4P
0,1,0,0,1,2,6,_H2O,4.0,ASUU+5P-H2O,1325.061366,1325.0614,1326.0691909999998,1326.0692,ASUU+5P
0,0,0,1,0,3,6,_H2O,4.0,GUUU+5P-H2O,1325.079124,1325.0791,1326.086949,1326.0869,GUUU+5P
0,1,2,0,0,1,6,,4.0,ACCU+5P,1325.126742,1325.1267,1326.1345669999998,1326.1346,ACCU+5P
0,2,0,1,1,0,5,,4.0,AAGS+4P,1325.154947,1325.1549,1326.162772,1326.1628,AAGS+4P
0,1,0,2,0,1,5,,4.0,AGGU+4P,1325.172705,1325.1727,1326.1805299999999,1326.1805,AGGU+4P
0,1,1,0,0,2,6,,4.0,ACUU+5P,1326.110758,1326.1108,1327.118583,1327.1186,ACUU+5P
0,1,0,0,0,3,6,,4.0,AUUU+5P,1327.094774,1327.0948,1328.1025989999998,1328.1026,AUUU+5P
0,2,2,0,0,0,6,_H2O,4.0,AACC+5P-H2O,1330.143394,1330.1434,1331.1512189999999,1331.1512,AACC+5P
0,2,0,2,0,0,5,_H2O,4.0,AAGG+4P-H2O,1330.189357,1330.1894,1331.1971819999999,1331.1972,AAGG+4P
0,2,1,0,0,1,6,_H2O,4.0,AACU+5P-H2O,1331.12741,1331.1274,1332.135235,1332.1352,AACU+5P
0,2,0,0,0,2,6,_H2O,4.0,AAUU+5P-H2O,1332.111426,1332.1114,1333.1192509999998,1333.1193,AAUU+5P
0,3,0,1,0,0,5,,4.0,AAAG+4P,1332.205007,1332.205,1333.212832,1333.2128,AAAG+4P
0,0,1,0,3,0,6,_H2O,4.0,CSSS+5P-H2O,1333.004447,1333.0044,1334.012272,1334.0123,CSSS+5P
0,0,0,0,3,1,6,_H2O,4.0,SSSU+5P-H2O,1333.988463,1333.9885,1334.9962879999998,1334.9963,SSSU+5P
0,0,2,0,2,0,6,,4.0,CCSS+5P,1334.053839,1334.0538,1335.0616639999998,1335.0617,CCSS+5P
0,0,0,2,2,0,5,,4.0,GGSS+4P,1334.099802,1334.0998,1335.1076269999999,1335.1076,GGSS+4P
0,0,1,0,2,1,6,,4.0,CSSU+5P,1335.037855,1335.0379,1336.04568,1336.0457,CSSU+5P
0,0,0,0,2,2,6,,4.0,SSUU+5P,1336.021871,1336.0219,1337.0296959999998,1337.0297,SSUU+5P
0,0,2,1,1,0,6,_H2O,4.0,CCGS+5P-H2O,1339.088249,1339.0882,1340.0960739999998,1340.0961,CCGS+5P
0,0,0,3,1,0,5,_H2O,4.0,GGGS+4P-H2O,1339.134212,1339.1342,1340.1420369999998,1340.142,GGGS+4P
0,1,1,0,2,0,6,_H2O,4.0,ACSS+5P-H2O,1340.054507,1340.0545,1341.062332,1341.0623,ACSS+5P
0,0,1,1,1,1,6,_H2O,4.0,CGSU+5P-H2O,1340.072265,1340.0723,1341.08009,1341.0801,CGSU+5P
0,0,3,1,0,0,6,,4.0,CCCG+5P,1340.137641,1340.1376,1341.145466,1341.1455,CCCG+5P
0,0,1,3,0,0,5,,4.0,CGGG+4P,1340.183604,1340.1836,1341.191429,1341.1914,CGGG+4P
0,1,0,0,2,1,6,_H2O,4.0,ASSU+5P-H2O,1341.038523,1341.0385,1342.0463479999999,1342.0463,ASSU+5P
0,0,0,1,1,2,6,_H2O,4.0,GSUU+5P-H2O,1341.056281,1341.0563,1342.0641059999998,1342.0641,GSUU+5P
0,1,2,0,1,0,6,,4.0,ACCS+5P,1341.103899,1341.1039,1342.1117239999999,1342.1117,ACCS+5P
0,0,2,1,0,1,6,,4.0,CCGU+5P,1341.121657,1341.1217,1342.1294819999998,1342.1295,CCGU+5P
0,1,0,2,1,0,5,,4.0,AGGS+4P,1341.149862,1341.1499,1342.157687,1342.1577,AGGS+4P
0,0,0,3,0,1,5,,4.0,GGGU+4P,1341.16762,1341.1676,1342.1754449999999,1342.1754,GGGU+4P
0,1,1,0,1,1,6,,4.0,ACSU+5P,1342.087915,1342.0879,1343.09574,1343.0957,ACSU+5P
0,0,1,1,0,2,6,,4.0,CGUU+5P,1342.105673,1342.1057,1343.113498,1343.1135,CGUU+5P
0,1,0,0,1,2,6,,4.0,ASUU+5P,1343.071931,1343.0719,1344.0797559999999,1344.0798,ASUU+5P
0,0,0,1,0,3,6,,4.0,GUUU+5P,1343.089689,1343.0897,1344.0975139999998,1344.0975,GUUU+5P
0,1,2,1,0,0,6,_H2O,4.0,ACCG+5P-H2O,1346.138309,1346.1383,1347.1461339999998,1347.1461,ACCG+5P
0,1,0,3,0,0,5,_H2O,4.0,AGGG+4P-H2O,1346.184272,1346.1843,1347.1920969999999,1347.1921,AGGG+4P
0,2,1,0,1,0,6,_H2O,4.0,AACS+5P-H2O,1347.104567,1347.1046,1348.112392,1348.1124,AACS+5P
0,1,1,1,0,1,6,_H2O,4.0,ACGU+5P-H2O,1347.122325,1347.1223,1348.13015,1348.1302,ACGU+5P
0,2,0,0,1,1,6,_H2O,4.0,AASU+5P-H2O,1348.088583,1348.0886,1349.0964079999999,1349.0964,AASU+5P
0,1,0,1,0,2,6,_H2O,4.0,AGUU+5P-H2O,1348.106341,1348.1063,1349.1141659999998,1349.1142,AGUU+5P
0,2,2,0,0,0,6,,4.0,AACC+5P,1348.153959,1348.154,1349.161784,1349.1618,AACC+5P
0,2,0,2,0,0,5,,4.0,AAGG+4P,1348.199922,1348.1999,1349.207747,1349.2077,AAGG+4P
0,2,1,0,0,1,6,,4.0,AACU+5P,1349.137975,1349.138,1350.1458,1350.1458,AACU+5P
0,0,0,0,4,0,6,_H2O,4.0,SSSS+5P-H2O,1349.96562,1349.9656,1350.9734449999999,1350.9734,SSSS+5P
0,2,0,0,0,2,6,,4.0,AAUU+5P,1350.121991,1350.122,1351.129816,1351.1298,AAUU+5P
0,0,1,0,3,0,6,,4.0,CSSS+5P,1351.015012,1351.015,1352.022837,1352.0228,CSSS+5P
0,0,0,0,3,1,6,,4.0,SSSU+5P,1351.999028,1351.999,1353.0068529999999,1353.0069,SSSU+5P
0,3,1,0,0,0,6,_H2O,4.0,AAAC+5P-H2O,1354.154627,1354.1546,1355.1624519999998,1355.1625,AAAC+5P
0,3,0,0,0,1,6,_H2O,4.0,AAAU+5P-H2O,1355.138643,1355.1386,1356.146468,1356.1465,AAAU+5P
0,0,1,1,2,0,6,_H2O,4.0,CGSS+5P-H2O,1356.049422,1356.0494,1357.057247,1357.0572,CGSS+5P
0,1,0,0,3,0,6,_H2O,4.0,ASSS+5P-H2O,1357.01568,1357.0157,1358.023505,1358.0235,ASSS+5P
0,0,0,1,2,1,6,_H2O,4.0,GSSU+5P-H2O,1357.033438,1357.0334,1358.0412629999998,1358.0413,GSSU+5P
0,0,2,1,1,0,6,,4.0,CCGS+5P,1357.098814,1357.0988,1358.1066389999999,1358.1066,CCGS+5P
0,0,0,3,1,0,5,,4.0,GGGS+4P,1357.144777,1357.1448,1358.152602,1358.1526,GGGS+4P
0,1,1,0,2,0,6,,4.0,ACSS+5P,1358.065072,1358.0651,1359.072897,1359.0729,ACSS+5P
0,0,1,1,1,1,6,,4.0,CGSU+5P,1358.08283,1358.0828,1359.090655,1359.0907,CGSU+5P
0,1,0,0,2,1,6,,4.0,ASSU+5P,1359.049088,1359.0491,1360.056913,1360.0569,ASSU+5P
0,0,0,1,1,2,6,,4.0,GSUU+5P,1359.066846,1359.0668,1360.0746709999999,1360.0747,GSUU+5P
0,0,2,2,0,0,6,_H2O,4.0,CCGG+5P-H2O,1362.133224,1362.1332,1363.1410489999998,1363.141,CCGG+5P
0,0,0,4,0,0,5,_H2O,4.0,GGGG+4P-H2O,1362.179187,1362.1792,1363.1870119999999,1363.187,GGGG+4P
0,1,1,1,1,0,6,_H2O,4.0,ACGS+5P-H2O,1363.099482,1363.0995,1364.107307,1364.1073,ACGS+5P
0,0,1,2,0,1,6,_H2O,4.0,CGGU+5P-H2O,1363.11724,1363.1172,1364.125065,1364.1251,CGGU+5P
0,2,0,0,2,0,6,_H2O,4.0,AASS+5P-H2O,1364.06574,1364.0657,1365.073565,1365.0736,AASS+5P
0,1,0,1,1,1,6,_H2O,4.0,AGSU+5P-H2O,1364.083498,1364.0835,1365.0913229999999,1365.0913,AGSU+5P
0,0,0,2,0,2,6,_H2O,4.0,GGUU+5P-H2O,1364.101256,1364.1013,1365.1090809999998,1365.1091,GGUU+5P
0,1,2,1,0,0,6,,4.0,ACCG+5P,1364.148874,1364.1489,1365.156699,1365.1567,ACCG+5P
0,1,0,3,0,0,5,,4.0,AGGG+4P,1364.194837,1364.1948,1365.202662,1365.2027,AGGG+4P
0,2,1,0,1,0,6,,4.0,AACS+5P,1365.115132,1365.1151,1366.1229569999998,1366.123,AACS+5P
0,1,1,1,0,1,6,,4.0,ACGU+5P,1365.13289,1365.1329,1366.140715,1366.1407,ACGU+5P
0,2,0,0,1,1,6,,4.0,AASU+5P,1366.099148,1366.0991,1367.106973,1367.107,AASU+5P
0,1,0,1,0,2,6,,4.0,AGUU+5P,1366.116906,1366.1169,1367.1247309999999,1367.1247,AGUU+5P
0,0,0,0,4,0,6,,4.0,SSSS+5P,1367.976185,1367.9762,1368.98401,1368.984,SSSS+5P
0,2,1,1,0,0,6,_H2O,4.0,AACG+5P-H2O,1370.149542,1370.1495,1371.157367,1371.1574,AACG+5P
0,3,0,0,1,0,6,_H2O,4.0,AAAS+5P-H2O,1371.1158,1371.1158,1372.123625,1372.1236,AAAS+5P
0,2,0,1,0,1,6,_H2O,4.0,AAGU+5P-H2O,1371.133558,1371.1336,1372.141383,1372.1414,AAGU+5P
0,3,1,0,0,0,6,,4.0,AAAC+5P,1372.165192,1372.1652,1373.1730169999998,1373.173,AAAC+5P
0,0,0,1,3,0,6,_H2O,4.0,GSSS+5P-H2O,1373.010595,1373.0106,1374.0184199999999,1374.0184,GSSS+5P
0,3,0,0,0,1,6,,4.0,AAAU+5P,1373.149208,1373.1492,1374.157033,1374.157,AAAU+5P
0,0,1,1,2,0,6,,4.0,CGSS+5P,1374.059987,1374.06,1375.067812,1375.0678,CGSS+5P
0,1,0,0,3,0,6,,4.0,ASSS+5P,1375.026245,1375.0262,1376.03407,1376.0341,ASSS+5P
0,0,0,1,2,1,6,,4.0,GSSU+5P,1375.044003,1375.044,1376.051828,1376.0518,GSSU+5P
0,4,0,0,0,0,6,_H2O,4.0,AAAA+5P-H2O,1378.16586,1378.1659,1379.173685,1379.1737,AAAA+5P
0,0,1,2,1,0,6,_H2O,4.0,CGGS+5P-H2O,1379.094397,1379.0944,1380.102222,1380.1022,CGGS+5P
0,1,0,1,2,0,6,_H2O,4.0,AGSS+5P-H2O,1380.060655,1380.0607,1381.06848,1381.0685,AGSS+5P
0,0,0,2,1,1,6,_H2O,4.0,GGSU+5P-H2O,1380.078413,1380.0784,1381.0862379999999,1381.0862,GGSU+5P
0,0,2,2,0,0,6,,4.0,CCGG+5P,1380.143789,1380.1438,1381.1516139999999,1381.1516,CCGG+5P
0,0,0,4,0,0,5,,4.0,GGGG+4P,1380.189752,1380.1898,1381.197577,1381.1976,GGGG+4P
0,1,1,1,1,0,6,,4.0,ACGS+5P,1381.110047,1381.11,1382.1178719999998,1382.1179,ACGS+5P
0,0,1,2,0,1,6,,4.0,CGGU+5P,1381.127805,1381.1278,1382.13563,1382.1356,CGGU+5P
0,2,0,0,2,0,6,,4.0,AASS+5P,1382.076305,1382.0763,1383.08413,1383.0841,AASS+5P
0,1,0,1,1,1,6,,4.0,AGSU+5P,1382.094063,1382.0941,1383.101888,1383.1019,AGSU+5P
0,0,0,2,0,2,6,,4.0,GGUU+5P,1382.111821,1382.1118,1383.1196459999999,1383.1196,GGUU+5P
0,1,1,2,0,0,6,_H2O,4.0,ACGG+5P-H2O,1386.144457,1386.1445,1387.152282,1387.1523,ACGG+5P
0,2,0,1,1,0,6,_H2O,4.0,AAGS+5P-H2O,1387.110715,1387.1107,1388.11854,1388.1185,AAGS+5P
0,1,0,2,0,1,6,_H2O,4.0,AGGU+5P-H2O,1387.128473,1387.1285,1388.136298,1388.1363,AGGU+5P
0,2,1,1,0,0,6,,4.0,AACG+5P,1388.160107,1388.1601,1389.1679319999998,1389.1679,AACG+5P
0,3,0,0,1,0,6,,4.0,AAAS+5P,1389.126365,1389.1264,1390.13419,1390.1342,AAAS+5P
0,2,0,1,0,1,6,,4.0,AAGU+5P,1389.144123,1389.1441,1390.151948,1390.1519,AAGU+5P
0,0,0,1,3,0,6,,4.0,GSSS+5P,1391.02116,1391.0212,1392.028985,1392.029,GSSS+5P
0,3,0,1,0,0,6,_H2O,4.0,AAAG+5P-H2O,1394.160775,1394.1608,1395.1686,1395.1686,AAAG+5P
0,0,0,2,2,0,6,_H2O,4.0,GGSS+5P-H2O,1396.05557,1396.0556,1397.063395,1397.0634,GGSS+5P
0,4,0,0,0,0,6,,4.0,AAAA+5P,1396.176425,1396.1764,1397.18425,1397.1842,AAAA+5P
0,0,1,2,1,0,6,,4.0,CGGS+5P,1397.104962,1397.105,1398.1127869999998,1398.1128,CGGS+5P
0,1,0,1,2,0,6,,4.0,AGSS+5P,1398.07122,1398.0712,1399.079045,1399.079,AGSS+5P
0,0,0,2,1,1,6,,4.0,GGSU+5P,1398.088978,1398.089,1399.096803,1399.0968,GGSU+5P
0,0,1,3,0,0,6,_H2O,4.0,CGGG+5P-H2O,1402.139372,1402.1394,1403.147197,1403.1472,CGGG+5P
0,1,0,2,1,0,6,_H2O,4.0,AGGS+5P-H2O,1403.10563,1403.1056,1404.113455,1404.1135,AGGS+5P
0,0,0,3,0,1,6,_H2O,4.0,GGGU+5P-H2O,1403.123388,1403.1234,1404.131213,1404.1312,GGGU+5P
0,1,1,2,0,0,6,,4.0,ACGG+5P,1404.155022,1404.155,1405.1628469999998,1405.1628,ACGG+5P
0,2,0,1,1,0,6,,4.0,AAGS+5P,1405.12128,1405.1213,1406.129105,1406.1291,AAGS+5P
0,1,0,2,0,1,6,,4.0,AGGU+5P,1405.139038,1405.139,1406.146863,1406.1469,AGGU+5P
0,2,0,2,0,0,6,_H2O,4.0,AAGG+5P-H2O,1410.15569,1410.1557,1411.163515,1411.1635,AAGG+5P
0,3,0,1,0,0,6,,4.0,AAAG+5P,1412.17134,1412.1713,1413.179165,1413.1792,AAAG+5P
0,0,0,2,2,0,6,,4.0,GGSS+5P,1414.066135,1414.0661,1415.07396,1415.074,GGSS+5P
0,0,0,3,1,0,6,_H2O,4.0,GGGS+5P-H2O,1419.100545,1419.1005,1420.10837,1420.1084,GGGS+5P
0,0,1,3,0,0,6,,4.0,CGGG+5P,1420.149937,1420.1499,1421.1577619999998,1421.1578,CGGG+5P
0,1,0,2,1,0,6,,4.0,AGGS+5P,1421.116195,1421.1162,1422.12402,1422.124,AGGS+5P
0,0,0,3,0,1,6,,4.0,GGGU+5P,1421.133953,1421.134,1422.141778,1422.1418,GGGU+5P
0,1,0,3,0,0,6,_H2O,4.0,AGGG+5P-H2O,1426.150605,1426.1506,1427.15843,1427.1584,AGGG+5P
0,2,0,2,0,0,6,,4.0,AAGG+5P,1428.166255,1428.1663,1429.17408,1429.1741,AAGG+5P
0,0,0,3,1,0,6,,4.0,GGGS+5P,1437.11111,1437.1111,1438.118935,1438.1189,GGGS+5P
0,0,0,4,0,0,6,_H2O,4.0,GGGG+5P-H2O,1442.14552,1442.1455,1443.153345,1443.1533,GGGG+5P
0,1,0,3,0,0,6,,4.0,AGGG+5P,1444.16117,1444.1612,1445.168995,1445.169,AGGG+5P
0,0,0,4,0,0,6,,4.0,GGGG+5P,1460.156085,1460.1561,1461.16391,1461.1639,GGGG+5P
0,0,1,0,0,0,1,H2O,1.0,C+H2O,243.08552200000003,243.0855,244.09334700000002,244.0933,C
0,0,0,0,0,1,1,H2O,1.0,U+H2O,244.06953800000002,244.0695,245.07736300000002,245.0774,U
0,0,0,0,1,0,1,H2O,1.0,S+H2O,260.04669499999994,260.0467,261.05451999999997,261.0545,S
0,1,0,0,0,0,1,H2O,1.0,A+H2O,267.096755,267.0968,268.10458,268.1046,A
0,0,0,1,0,0,1,H2O,1.0,G+H2O,283.09166999999997,283.0917,284.099495,284.0995,G
0,0,1,0,0,0,2,H2O,1.0,C+P+H2O,323.051855,323.0519,324.05968,324.0597,C+P
0,0,0,0,0,1,2,H2O,1.0,U+P+H2O,324.035871,324.0359,325.043696,325.0437,U+P
0,0,0,0,1,0,2,H2O,1.0,S+P+H2O,340.013028,340.013,341.02085300000005,341.0209,S+P
0,1,0,0,0,0,2,H2O,1.0,A+P+H2O,347.06308799999994,347.0631,348.07091299999996,348.0709,A+P
0,0,0,1,0,0,2,H2O,1.0,G+P+H2O,363.0580029999999,363.058,364.06582799999995,364.0658,G+P
0,0,1,0,0,0,3,H2O,1.0,C+2P+H2O,403.01818799999995,403.0182,404.026013,404.026,C+2P
0,0,0,0,0,1,3,H2O,1.0,U+2P+H2O,404.00220399999995,404.0022,405.010029,405.01,U+2P
0,0,0,0,1,0,3,H2O,1.0,S+2P+H2O,419.979361,419.9794,420.987186,420.9872,S+2P
0,1,0,0,0,0,3,H2O,1.0,A+2P+H2O,427.029421,427.0294,428.03724600000004,428.0372,A+2P
0,0,0,1,0,0,3,H2O,1.0,G+2P+H2O,443.024336,443.0243,444.03216100000003,444.0322,G+2P
0,0,2,0,0,0,2,H2O,2.0,CC+P+H2O,548.1268120000001,548.1268,549.1346370000001,549.1346,CC+P
0,0,1,0,0,1,2,H2O,2.0,CU+P+H2O,549.1108280000001,549.1108,550.1186530000001,550.1187,CU+P
0,0,0,0,0,2,2,H2O,2.0,UU+P+H2O,550.0948440000001,550.0948,551.1026690000001,551.1027,UU+P
0,0,1,0,1,0,2,H2O,2.0,CS+P+H2O,565.087985,565.088,566.09581,566.0958,CS+P
0,0,0,0,1,1,2,H2O,2.0,SU+P+H2O,566.072001,566.072,567.079826,567.0798,SU+P
0,1,1,0,0,0,2,H2O,2.0,AC+P+H2O,572.138045,572.138,573.1458700000001,573.1459,AC+P
0,1,0,0,0,1,2,H2O,2.0,AU+P+H2O,573.122061,573.1221,574.129886,574.1299,AU+P
0,0,0,0,2,0,2,H2O,2.0,SS+P+H2O,582.049158,582.0492,583.0569830000001,583.057,SS+P
0,0,1,1,0,0,2,H2O,2.0,CG+P+H2O,588.13296,588.133,589.140785,589.1408,CG+P
0,1,0,0,1,0,2,H2O,2.0,AS+P+H2O,589.0992180000001,589.0992,590.1070430000001,590.107,AS+P
0,0,0,1,0,1,2,H2O,2.0,GU+P+H2O,589.116976,589.117,590.124801,590.1248,GU+P
0,2,0,0,0,0,2,H2O,2.0,AA+P+H2O,596.1492780000001,596.1493,597.1571030000001,597.1571,AA+P
0,0,0,1,1,0,2,H2O,2.0,GS+P+H2O,605.094133,605.0941,606.1019580000001,606.102,GS+P
0,1,0,1,0,0,2,H2O,2.0,AG+P+H2O,612.1441930000001,612.1442,613.1520180000001,613.152,AG+P
0,0,2,0,0,0,3,H2O,2.0,CC+2P+H2O,628.093145,628.0931,629.1009700000001,629.101,CC+2P
0,0,0,2,0,0,2,H2O,2.0,GG+P+H2O,628.1391080000001,628.1391,629.1469330000001,629.1469,GG+P
0,0,1,0,0,1,3,H2O,2.0,CU+2P+H2O,629.077161,629.0772,630.0849860000001,630.085,CU+2P
0,0,0,0,0,2,3,H2O,2.0,UU+2P+H2O,630.061177,630.0612,631.0690020000001,631.069,UU+2P
0,0,1,0,1,0,3,H2O,2.0,CS+2P+H2O,645.0543180000001,645.0543,646.0621430000001,646.0621,CS+2P
0,0,0,0,1,1,3,H2O,2.0,SU+2P+H2O,646.0383340000001,646.0383,647.0461590000001,647.0462,SU+2P
0,1,1,0,0,0,3,H2O,2.0,AC+2P+H2O,652.104378,652.1044,653.112203,653.1122,AC+2P
0,1,0,0,0,1,3,H2O,2.0,AU+2P+H2O,653.088394,653.0884,654.096219,654.0962,AU+2P
0,0,0,0,2,0,3,H2O,2.0,SS+2P+H2O,662.015491,662.0155,663.023316,663.0233,SS+2P
0,0,1,1,0,0,3,H2O,2.0,CG+2P+H2O,668.099293,668.0993,669.107118,669.1071,CG+2P
0,1,0,0,1,0,3,H2O,2.0,AS+2P+H2O,669.065551,669.0656,670.073376,670.0734,AS+2P
0,0,0,1,0,1,3,H2O,2.0,GU+2P+H2O,669.083309,669.0833,670.091134,670.0911,GU+2P
0,2,0,0,0,0,3,H2O,2.0,AA+2P+H2O,676.1156110000001,676.1156,677.1234360000001,677.1234,AA+2P
0,0,0,1,1,0,3,H2O,2.0,GS+2P+H2O,685.060466,685.0605,686.068291,686.0683,GS+2P
0,1,0,1,0,0,3,H2O,2.0,AG+2P+H2O,692.110526,692.1105,693.1183510000001,693.1184,AG+2P
0,0,2,0,0,0,4,H2O,2.0,CC+3P+H2O,708.059478,708.0595,709.067303,709.0673,CC+3P
0,0,0,2,0,0,3,H2O,2.0,GG+2P+H2O,708.105441,708.1054,709.1132660000001,709.1133,GG+2P
0,0,1,0,0,1,4,H2O,2.0,CU+3P+H2O,709.043494,709.0435,710.051319,710.0513,CU+3P
0,0,0,0,0,2,4,H2O,2.0,UU+3P+H2O,710.02751,710.0275,711.035335,711.0353,UU+3P
0,0,1,0,1,0,4,H2O,2.0,CS+3P+H2O,725.020651,725.0207,726.0284760000001,726.0285,CS+3P
0,0,0,0,1,1,4,H2O,2.0,SU+3P+H2O,726.004667,726.0047,727.0124920000001,727.0125,SU+3P
0,1,1,0,0,0,4,H2O,2.0,AC+3P+H2O,732.0707110000001,732.0707,733.0785360000001,733.0785,AC+3P
0,1,0,0,0,1,4,H2O,2.0,AU+3P+H2O,733.0547270000001,733.0547,734.0625520000001,734.0626,AU+3P
0,0,0,0,2,0,4,H2O,2.0,SS+3P+H2O,741.981824,741.9818,742.989649,742.9896,SS+3P
0,0,1,1,0,0,4,H2O,2.0,CG+3P+H2O,748.0656260000001,748.0656,749.0734510000001,749.0735,CG+3P
0,1,0,0,1,0,4,H2O,2.0,AS+3P+H2O,749.031884,749.0319,750.039709,750.0397,AS+3P
0,0,0,1,0,1,4,H2O,2.0,GU+3P+H2O,749.049642,749.0496,750.057467,750.0575,GU+3P
0,2,0,0,0,0,4,H2O,2.0,AA+3P+H2O,756.081944,756.0819,757.089769,757.0898,AA+3P
0,0,0,1,1,0,4,H2O,2.0,GS+3P+H2O,765.026799,765.0268,766.034624,766.0346,GS+3P
0,1,0,1,0,0,4,H2O,2.0,AG+3P+H2O,772.076859,772.0769,773.084684,773.0847,AG+3P
0,0,0,2,0,0,4,H2O,2.0,GG+3P+H2O,788.071774,788.0718,789.079599,789.0796,GG+3P
0,0,3,0,0,0,3,H2O,3.0,CCC+2P+H2O,853.1681020000001,853.1681,854.1759270000001,854.1759,CCC+2P
0,0,2,0,0,1,3,H2O,3.0,CCU+2P+H2O,854.152118,854.1521,855.159943,855.1599,CCU+2P
0,0,1,0,0,2,3,H2O,3.0,CUU+2P+H2O,855.1361340000001,855.1361,856.1439590000001,856.144,CUU+2P
0,0,0,0,0,3,3,H2O,3.0,UUU+2P+H2O,856.12015,856.1202,857.127975,857.128,UUU+2P
0,0,2,0,1,0,3,H2O,3.0,CCS+2P+H2O,870.129275,870.1293,871.1371,871.1371,CCS+2P
0,0,1,0,1,1,3,H2O,3.0,CSU+2P+H2O,871.1132910000001,871.1133,872.1211160000001,872.1211,CSU+2P
0,0,0,0,1,2,3,H2O,3.0,SUU+2P+H2O,872.097307,872.0973,873.105132,873.1051,SUU+2P
0,1,2,0,0,0,3,H2O,3.0,ACC+2P+H2O,877.179335,877.1793,878.1871600000001,878.1872,ACC+2P
0,1,1,0,0,1,3,H2O,3.0,ACU+2P+H2O,878.1633510000001,878.1634,879.1711760000002,879.1712,ACU+2P
0,1,0,0,0,2,3,H2O,3.0,AUU+2P+H2O,879.147367,879.1474,880.155192,880.1552,AUU+2P
0,0,1,0,2,0,3,H2O,3.0,CSS+2P+H2O,887.0904480000002,887.0904,888.0982730000002,888.0983,CSS+2P
0,0,0,0,2,1,3,H2O,3.0,SSU+2P+H2O,888.074464,888.0745,889.0822890000001,889.0823,SSU+2P
0,0,2,1,0,0,3,H2O,3.0,CCG+2P+H2O,893.17425,893.1742,894.182075,894.1821,CCG+2P
0,1,1,0,1,0,3,H2O,3.0,ACS+2P+H2O,894.140508,894.1405,895.148333,895.1483,ACS+2P
0,0,1,1,0,1,3,H2O,3.0,CGU+2P+H2O,894.1582660000001,894.1583,895.1660910000002,895.1661,CGU+2P
0,1,0,0,1,1,3,H2O,3.0,ASU+2P+H2O,895.1245240000001,895.1245,896.1323490000001,896.1323,ASU+2P
0,0,0,1,0,2,3,H2O,3.0,GUU+2P+H2O,895.142282,895.1423,896.150107,896.1501,GUU+2P
0,2,1,0,0,0,3,H2O,3.0,AAC+2P+H2O,901.190568,901.1906,902.198393,902.1984,AAC+2P
0,2,0,0,0,1,3,H2O,3.0,AAU+2P+H2O,902.1745840000001,902.1746,903.1824090000001,903.1824,AAU+2P
0,0,0,0,3,0,3,H2O,3.0,SSS+2P+H2O,904.0516210000001,904.0516,905.0594460000001,905.0594,SSS+2P
0,0,1,1,1,0,3,H2O,3.0,CGS+2P+H2O,910.135423,910.1354,911.143248,911.1432,CGS+2P
0,1,0,0,2,0,3,H2O,3.0,ASS+2P+H2O,911.1016810000001,911.1017,912.1095060000001,912.1095,ASS+2P
0,0,0,1,1,1,3,H2O,3.0,GSU+2P+H2O,911.119439,911.1194,912.1272640000001,912.1273,GSU+2P
0,1,1,1,0,0,3,H2O,3.0,ACG+2P+H2O,917.185483,917.1855,918.193308,918.1933,ACG+2P
0,2,0,0,1,0,3,H2O,3.0,AAS+2P+H2O,918.1517410000001,918.1517,919.1595660000002,919.1596,AAS+2P
0,1,0,1,0,1,3,H2O,3.0,AGU+2P+H2O,918.1694990000001,918.1695,919.1773240000001,919.1773,AGU+2P
0,3,0,0,0,0,3,H2O,3.0,AAA+2P+H2O,925.2018009999999,925.2018,926.209626,926.2096,AAA+2P
0,0,0,1,2,0,3,H2O,3.0,GSS+2P+H2O,927.0965960000001,927.0966,928.1044210000001,928.1044,GSS+2P
0,0,3,0,0,0,4,H2O,3.0,CCC+3P+H2O,933.1344349999999,933.1344,934.14226,934.1423,CCC+3P
0,0,1,2,0,0,3,H2O,3.0,CGG+2P+H2O,933.180398,933.1804,934.188223,934.1882,CGG+2P
0,0,2,0,0,1,4,H2O,3.0,CCU+3P+H2O,934.118451,934.1185,935.1262760000001,935.1263,CCU+3P
0,1,0,1,1,0,3,H2O,3.0,AGS+2P+H2O,934.1466560000001,934.1467,935.1544810000001,935.1545,AGS+2P
0,0,0,2,0,1,3,H2O,3.0,GGU+2P+H2O,934.1644140000001,934.1644,935.1722390000001,935.1722,GGU+2P
0,0,1,0,0,2,4,H2O,3.0,CUU+3P+H2O,935.1024669999999,935.1025,936.110292,936.1103,CUU+3P
0,0,0,0,0,3,4,H2O,3.0,UUU+3P+H2O,936.086483,936.0865,937.0943080000001,937.0943,UUU+3P
0,2,0,1,0,0,3,H2O,3.0,AAG+2P+H2O,941.1967160000002,941.1967,942.2045410000002,942.2045,AAG+2P
0,0,2,0,1,0,4,H2O,3.0,CCS+3P+H2O,950.0956080000001,950.0956,951.1034330000001,951.1034,CCS+3P
0,0,0,2,1,0,3,H2O,3.0,GGS+2P+H2O,950.1415710000001,950.1416,951.1493960000001,951.1494,GGS+2P
0,0,1,0,1,1,4,H2O,3.0,CSU+3P+H2O,951.079624,951.0796,952.087449,952.0874,CSU+3P
0,0,0,0,1,2,4,H2O,3.0,SUU+3P+H2O,952.0636400000001,952.0636,953.0714650000001,953.0715,SUU+3P
0,1,2,0,0,0,4,H2O,3.0,ACC+3P+H2O,957.1456680000001,957.1457,958.1534930000001,958.1535,ACC+3P
0,1,0,2,0,0,3,H2O,3.0,AGG+2P+H2O,957.1916310000001,957.1916,958.1994560000002,958.1995,AGG+2P
0,1,1,0,0,1,4,H2O,3.0,ACU+3P+H2O,958.129684,958.1297,959.137509,959.1375,ACU+3P
0,1,0,0,0,2,4,H2O,3.0,AUU+3P+H2O,959.1137000000001,959.1137,960.1215250000001,960.1215,AUU+3P
0,0,1,0,2,0,4,H2O,3.0,CSS+3P+H2O,967.056781,967.0568,968.064606,968.0646,CSS+3P
0,0,0,0,2,1,4,H2O,3.0,SSU+3P+H2O,968.0407970000001,968.0408,969.0486220000001,969.0486,SSU+3P
0,0,2,1,0,0,4,H2O,3.0,CCG+3P+H2O,973.1405830000001,973.1406,974.1484080000001,974.1484,CCG+3P
0,0,0,3,0,0,3,H2O,3.0,GGG+2P+H2O,973.1865460000001,973.1865,974.1943710000002,974.1944,GGG+2P
0,1,1,0,1,0,4,H2O,3.0,ACS+3P+H2O,974.106841,974.1068,975.114666,975.1147,ACS+3P
0,0,1,1,0,1,4,H2O,3.0,CGU+3P+H2O,974.124599,974.1246,975.132424,975.1324,CGU+3P
0,1,0,0,1,1,4,H2O,3.0,ASU+3P+H2O,975.0908570000001,975.0909,976.0986820000002,976.0987,ASU+3P
0,0,0,1,0,2,4,H2O,3.0,GUU+3P+H2O,975.1086150000001,975.1086,976.1164400000001,976.1164,GUU+3P
0,2,1,0,0,0,4,H2O,3.0,AAC+3P+H2O,981.1569010000001,981.1569,982.1647260000001,982.1647,AAC+3P
0,2,0,0,0,1,4,H2O,3.0,AAU+3P+H2O,982.140917,982.1409,983.148742,983.1487,AAU+3P
0,0,0,0,3,0,4,H2O,3.0,SSS+3P+H2O,984.0179540000001,984.018,985.0257790000002,985.0258,SSS+3P
0,0,1,1,1,0,4,H2O,3.0,CGS+3P+H2O,990.101756,990.1018,991.109581,991.1096,CGS+3P
0,1,0,0,2,0,4,H2O,3.0,ASS+3P+H2O,991.068014,991.068,992.075839,992.0758,ASS+3P
0,0,0,1,1,1,4,H2O,3.0,GSU+3P+H2O,991.0857720000001,991.0858,992.0935970000002,992.0936,GSU+3P
0,1,1,1,0,0,4,H2O,3.0,ACG+3P+H2O,997.151816,997.1518,998.1596410000001,998.1596,ACG+3P
0,2,0,0,1,0,4,H2O,3.0,AAS+3P+H2O,998.118074,998.1181,999.125899,999.1259,AAS+3P
0,1,0,1,0,1,4,H2O,3.0,AGU+3P+H2O,998.1358319999999,998.1358,999.143657,999.1437,AGU+3P
0,3,0,0,0,0,4,H2O,3.0,AAA+3P+H2O,1005.168134,1005.1681,1006.175959,1006.176,AAA+3P
0,0,0,1,2,0,4,H2O,3.0,GSS+3P+H2O,1007.0629289999999,1007.0629,1008.070754,1008.0708,GSS+3P
0,0,3,0,0,0,5,H2O,3.0,CCC+4P+H2O,1013.100768,1013.1008,1014.108593,1014.1086,CCC+4P
0,0,1,2,0,0,4,H2O,3.0,CGG+3P+H2O,1013.146731,1013.1467,1014.1545560000001,1014.1546,CGG+3P
0,0,2,0,0,1,5,H2O,3.0,CCU+4P+H2O,1014.0847840000001,1014.0848,1015.0926090000002,1015.0926,CCU+4P
0,1,0,1,1,0,4,H2O,3.0,AGS+3P+H2O,1014.112989,1014.113,1015.120814,1015.1208,AGS+3P
0,0,0,2,0,1,4,H2O,3.0,GGU+3P+H2O,1014.1307469999999,1014.1307,1015.138572,1015.1386,GGU+3P
0,0,1,0,0,2,5,H2O,3.0,CUU+4P+H2O,1015.0688,1015.0688,1016.076625,1016.0766,CUU+4P
0,0,0,0,0,3,5,H2O,3.0,UUU+4P+H2O,1016.0528160000001,1016.0528,1017.0606410000001,1017.0606,UUU+4P
0,2,0,1,0,0,4,H2O,3.0,AAG+3P+H2O,1021.163049,1021.163,1022.170874,1022.1709,AAG+3P
0,0,2,0,1,0,5,H2O,3.0,CCS+4P+H2O,1030.061941,1030.0619,1031.0697659999998,1031.0698,CCS+4P
0,0,0,2,1,0,4,H2O,3.0,GGS+3P+H2O,1030.107904,1030.1079,1031.1157289999999,1031.1157,GGS+3P
0,0,1,0,1,1,5,H2O,3.0,CSU+4P+H2O,1031.045957,1031.046,1032.053782,1032.0538,CSU+4P
0,0,0,0,1,2,5,H2O,3.0,SUU+4P+H2O,1032.0299730000002,1032.03,1033.037798,1033.0378,SUU+4P
0,1,2,0,0,0,5,H2O,3.0,ACC+4P+H2O,1037.112001,1037.112,1038.1198259999999,1038.1198,ACC+4P
0,1,0,2,0,0,4,H2O,3.0,AGG+3P+H2O,1037.157964,1037.158,1038.165789,1038.1658,AGG+3P
0,1,1,0,0,1,5,H2O,3.0,ACU+4P+H2O,1038.096017,1038.096,1039.103842,1039.1038,ACU+4P
0,1,0,0,0,2,5,H2O,3.0,AUU+4P+H2O,1039.080033,1039.08,1040.0878579999999,1040.0879,AUU+4P
0,0,1,0,2,0,5,H2O,3.0,CSS+4P+H2O,1047.023114,1047.0231,1048.030939,1048.0309,CSS+4P
0,0,0,0,2,1,5,H2O,3.0,SSU+4P+H2O,1048.00713,1048.0071,1049.0149549999999,1049.015,SSU+4P
0,0,2,1,0,0,5,H2O,3.0,CCG+4P+H2O,1053.106916,1053.1069,1054.1147409999999,1054.1147,CCG+4P
0,0,0,3,0,0,4,H2O,3.0,GGG+3P+H2O,1053.152879,1053.1529,1054.160704,1054.1607,GGG+3P
0,1,1,0,1,0,5,H2O,3.0,ACS+4P+H2O,1054.073174,1054.0732,1055.080999,1055.081,ACS+4P
0,0,1,1,0,1,5,H2O,3.0,CGU+4P+H2O,1054.090932,1054.0909,1055.098757,1055.0988,CGU+4P
0,1,0,0,1,1,5,H2O,3.0,ASU+4P+H2O,1055.05719,1055.0572,1056.065015,1056.065,ASU+4P
0,0,0,1,0,2,5,H2O,3.0,GUU+4P+H2O,1055.074948,1055.0749,1056.0827729999999,1056.0828,GUU+4P
0,2,1,0,0,0,5,H2O,3.0,AAC+4P+H2O,1061.1232340000001,1061.1232,1062.131059,1062.1311,AAC+4P
0,2,0,0,0,1,5,H2O,3.0,AAU+4P+H2O,1062.10725,1062.1072,1063.115075,1063.1151,AAU+4P
0,0,0,0,3,0,5,H2O,3.0,SSS+4P+H2O,1063.984287,1063.9843,1064.992112,1064.9921,SSS+4P
0,0,1,1,1,0,5,H2O,3.0,CGS+4P+H2O,1070.068089,1070.0681,1071.075914,1071.0759,CGS+4P
0,1,0,0,2,0,5,H2O,3.0,ASS+4P+H2O,1071.034347,1071.0343,1072.042172,1072.0422,ASS+4P
0,0,0,1,1,1,5,H2O,3.0,GSU+4P+H2O,1071.052105,1071.0521,1072.05993,1072.0599,GSU+4P
0,1,1,1,0,0,5,H2O,3.0,ACG+4P+H2O,1077.1181490000001,1077.1181,1078.125974,1078.126,ACG+4P
0,2,0,0,1,0,5,H2O,3.0,AAS+4P+H2O,1078.084407,1078.0844,1079.092232,1079.0922,AAS+4P
0,1,0,1,0,1,5,H2O,3.0,AGU+4P+H2O,1078.102165,1078.1022,1079.10999,1079.11,AGU+4P
0,3,0,0,0,0,5,H2O,3.0,AAA+4P+H2O,1085.134467,1085.1345,1086.142292,1086.1423,AAA+4P
0,0,0,1,2,0,5,H2O,3.0,GSS+4P+H2O,1087.029262,1087.0293,1088.037087,1088.0371,GSS+4P
0,0,1,2,0,0,5,H2O,3.0,CGG+4P+H2O,1093.1130640000001,1093.1131,1094.120889,1094.1209,CGG+4P
0,1,0,1,1,0,5,H2O,3.0,AGS+4P+H2O,1094.079322,1094.0793,1095.087147,1095.0871,AGS+4P
0,0,0,2,0,1,5,H2O,3.0,GGU+4P+H2O,1094.09708,1094.0971,1095.104905,1095.1049,GGU+4P
0,2,0,1,0,0,5,H2O,3.0,AAG+4P+H2O,1101.129382,1101.1294,1102.137207,1102.1372,AAG+4P
0,0,0,2,1,0,5,H2O,3.0,GGS+4P+H2O,1110.074237,1110.0742,1111.082062,1111.0821,GGS+4P
0,1,0,2,0,0,5,H2O,3.0,AGG+4P+H2O,1117.124297,1117.1243,1118.132122,1118.1321,AGG+4P
0,0,0,3,0,0,5,H2O,3.0,GGG+4P+H2O,1133.119212,1133.1192,1134.127037,1134.127,GGG+4P
0,0,4,0,0,0,4,H2O,4.0,CCCC+3P+H2O,1158.209392,1158.2094,1159.217217,1159.2172,CCCC+3P
0,0,3,0,0,1,4,H2O,4.0,CCCU+3P+H2O,1159.193408,1159.1934,1160.201233,1160.2012,CCCU+3P
0,0,2,0,0,2,4,H2O,4.0,CCUU+3P+H2O,1160.177424,1160.1774,1161.1852489999999,1161.1852,CCUU+3P
0,0,1,0,0,3,4,H2O,4.0,CUUU+3P+H2O,1161.16144,1161.1614,1162.169265,1162.1693,CUUU+3P
0,0,0,0,0,4,4,H2O,4.0,UUUU+3P+H2O,1162.145456,1162.1455,1163.1532809999999,1163.1533,UUUU+3P
0,0,3,0,1,0,4,H2O,4.0,CCCS+3P+H2O,1175.1705650000001,1175.1706,1176.17839,1176.1784,CCCS+3P
0,0,2,0,1,1,4,H2O,4.0,CCSU+3P+H2O,1176.154581,1176.1546,1177.162406,1177.1624,CCSU+3P
0,0,1,0,1,2,4,H2O,4.0,CSUU+3P+H2O,1177.1385970000001,1177.1386,1178.146422,1178.1464,CSUU+3P
0,0,0,0,1,3,4,H2O,4.0,SUUU+3P+H2O,1178.122613,1178.1226,1179.130438,1179.1304,SUUU+3P
0,1,3,0,0,0,4,H2O,4.0,ACCC+3P+H2O,1182.2206250000002,1182.2206,1183.22845,1183.2284,ACCC+3P
0,1,2,0,0,1,4,H2O,4.0,ACCU+3P+H2O,1183.204641,1183.2046,1184.212466,1184.2125,ACCU+3P
0,1,1,0,0,2,4,H2O,4.0,ACUU+3P+H2O,1184.1886570000001,1184.1887,1185.196482,1185.1965,ACUU+3P
0,1,0,0,0,3,4,H2O,4.0,AUUU+3P+H2O,1185.172673,1185.1727,1186.180498,1186.1805,AUUU+3P
0,0,2,0,2,0,4,H2O,4.0,CCSS+3P+H2O,1192.131738,1192.1317,1193.139563,1193.1396,CCSS+3P
0,0,1,0,2,1,4,H2O,4.0,CSSU+3P+H2O,1193.1157540000002,1193.1158,1194.123579,1194.1236,CSSU+3P
0,0,0,0,2,2,4,H2O,4.0,SSUU+3P+H2O,1194.09977,1194.0998,1195.107595,1195.1076,SSUU+3P
0,0,3,1,0,0,4,H2O,4.0,CCCG+3P+H2O,1198.2155400000001,1198.2155,1199.223365,1199.2234,CCCG+3P
0,1,2,0,1,0,4,H2O,4.0,ACCS+3P+H2O,1199.181798,1199.1818,1200.189623,1200.1896,ACCS+3P
0,0,2,1,0,1,4,H2O,4.0,CCGU+3P+H2O,1199.199556,1199.1996,1200.207381,1200.2074,CCGU+3P
0,1,1,0,1,1,4,H2O,4.0,ACSU+3P+H2O,1200.165814,1200.1658,1201.1736389999999,1201.1736,ACSU+3P
0,0,1,1,0,2,4,H2O,4.0,CGUU+3P+H2O,1200.1835720000001,1200.1836,1201.191397,1201.1914,CGUU+3P
0,1,0,0,1,2,4,H2O,4.0,ASUU+3P+H2O,1201.14983,1201.1498,1202.157655,1202.1577,ASUU+3P
0,0,0,1,0,3,4,H2O,4.0,GUUU+3P+H2O,1201.167588,1201.1676,1202.175413,1202.1754,GUUU+3P
0,2,2,0,0,0,4,H2O,4.0,AACC+3P+H2O,1206.231858,1206.2319,1207.239683,1207.2397,AACC+3P
0,2,1,0,0,1,4,H2O,4.0,AACU+3P+H2O,1207.215874,1207.2159,1208.223699,1208.2237,AACU+3P
0,2,0,0,0,2,4,H2O,4.0,AAUU+3P+H2O,1208.19989,1208.1999,1209.207715,1209.2077,AAUU+3P
0,0,1,0,3,0,4,H2O,4.0,CSSS+3P+H2O,1209.092911,1209.0929,1210.1007359999999,1210.1007,CSSS+3P
0,0,0,0,3,1,4,H2O,4.0,SSSU+3P+H2O,1210.076927,1210.0769,1211.084752,1211.0848,SSSU+3P
0,0,2,1,1,0,4,H2O,4.0,CCGS+3P+H2O,1215.176713,1215.1767,1216.184538,1216.1845,CCGS+3P
0,1,1,0,2,0,4,H2O,4.0,ACSS+3P+H2O,1216.142971,1216.143,1217.150796,1217.1508,ACSS+3P
0,0,1,1,1,1,4,H2O,4.0,CGSU+3P+H2O,1216.160729,1216.1607,1217.1685539999999,1217.1686,CGSU+3P
0,1,0,0,2,1,4,H2O,4.0,ASSU+3P+H2O,1217.126987,1217.127,1218.134812,1218.1348,ASSU+3P
0,0,0,1,1,2,4,H2O,4.0,GSUU+3P+H2O,1217.144745,1217.1447,1218.15257,1218.1526,GSUU+3P
0,1,2,1,0,0,4,H2O,4.0,ACCG+3P+H2O,1222.226773,1222.2268,1223.234598,1223.2346,ACCG+3P
0,2,1,0,1,0,4,H2O,4.0,AACS+3P+H2O,1223.193031,1223.193,1224.200856,1224.2009,AACS+3P
0,1,1,1,0,1,4,H2O,4.0,ACGU+3P+H2O,1223.210789,1223.2108,1224.218614,1224.2186,ACGU+3P
0,2,0,0,1,1,4,H2O,4.0,AASU+3P+H2O,1224.1770470000001,1224.177,1225.184872,1225.1849,AASU+3P
0,1,0,1,0,2,4,H2O,4.0,AGUU+3P+H2O,1224.194805,1224.1948,1225.20263,1225.2026,AGUU+3P
0,0,0,0,4,0,4,H2O,4.0,SSSS+3P+H2O,1226.054084,1226.0541,1227.061909,1227.0619,SSSS+3P
0,3,1,0,0,0,4,H2O,4.0,AAAC+3P+H2O,1230.243091,1230.2431,1231.250916,1231.2509,AAAC+3P
0,3,0,0,0,1,4,H2O,4.0,AAAU+3P+H2O,1231.227107,1231.2271,1232.2349319999998,1232.2349,AAAU+3P
0,0,1,1,2,0,4,H2O,4.0,CGSS+3P+H2O,1232.137886,1232.1379,1233.145711,1233.1457,CGSS+3P
0,1,0,0,3,0,4,H2O,4.0,ASSS+3P+H2O,1233.1041440000001,1233.1041,1234.111969,1234.112,ASSS+3P
0,0,0,1,2,1,4,H2O,4.0,GSSU+3P+H2O,1233.121902,1233.1219,1234.129727,1234.1297,GSSU+3P
0,0,4,0,0,0,5,H2O,4.0,CCCC+4P+H2O,1238.175725,1238.1757,1239.18355,1239.1836,CCCC+4P
0,0,2,2,0,0,4,H2O,4.0,CCGG+3P+H2O,1238.221688,1238.2217,1239.229513,1239.2295,CCGG+3P
0,0,3,0,0,1,5,H2O,4.0,CCCU+4P+H2O,1239.159741,1239.1597,1240.1675659999999,1240.1676,CCCU+4P
0,1,1,1,1,0,4,H2O,4.0,ACGS+3P+H2O,1239.187946,1239.1879,1240.195771,1240.1958,ACGS+3P
0,0,1,2,0,1,4,H2O,4.0,CGGU+3P+H2O,1239.205704,1239.2057,1240.2135289999999,1240.2135,CGGU+3P
0,0,2,0,0,2,5,H2O,4.0,CCUU+4P+H2O,1240.143757,1240.1438,1241.151582,1241.1516,CCUU+4P
0,2,0,0,2,0,4,H2O,4.0,AASS+3P+H2O,1240.154204,1240.1542,1241.1620289999998,1241.162,AASS+3P
0,1,0,1,1,1,4,H2O,4.0,AGSU+3P+H2O,1240.1719620000001,1240.172,1241.179787,1241.1798,AGSU+3P
0,0,0,2,0,2,4,H2O,4.0,GGUU+3P+H2O,1240.18972,1240.1897,1241.197545,1241.1975,GGUU+3P
0,0,1,0,0,3,5,H2O,4.0,CUUU+4P+H2O,1241.127773,1241.1278,1242.1355979999998,1242.1356,CUUU+4P
0,0,0,0,0,4,5,H2O,4.0,UUUU+4P+H2O,1242.111789,1242.1118,1243.119614,1243.1196,UUUU+4P
0,2,1,1,0,0,4,H2O,4.0,AACG+3P+H2O,1246.238006,1246.238,1247.245831,1247.2458,AACG+3P
0,3,0,0,1,0,4,H2O,4.0,AAAS+3P+H2O,1247.204264,1247.2043,1248.2120889999999,1248.2121,AAAS+3P
0,2,0,1,0,1,4,H2O,4.0,AAGU+3P+H2O,1247.2220220000002,1247.222,1248.229847,1248.2298,AAGU+3P
0,0,0,1,3,0,4,H2O,4.0,GSSS+3P+H2O,1249.0990590000001,1249.0991,1250.106884,1250.1069,GSSS+3P
0,4,0,0,0,0,4,H2O,4.0,AAAA+3P+H2O,1254.254324,1254.2543,1255.262149,1255.2621,AAAA+3P
0,0,3,0,1,0,5,H2O,4.0,CCCS+4P+H2O,1255.136898,1255.1369,1256.1447229999999,1256.1447,CCCS+4P
0,0,1,2,1,0,4,H2O,4.0,CGGS+3P+H2O,1255.182861,1255.1829,1256.190686,1256.1907,CGGS+3P
0,0,2,0,1,1,5,H2O,4.0,CCSU+4P+H2O,1256.120914,1256.1209,1257.128739,1257.1287,CCSU+4P
0,1,0,1,2,0,4,H2O,4.0,AGSS+3P+H2O,1256.1491190000002,1256.1491,1257.156944,1257.1569,AGSS+3P
0,0,0,2,1,1,4,H2O,4.0,GGSU+3P+H2O,1256.166877,1256.1669,1257.174702,1257.1747,GGSU+3P
0,0,1,0,1,2,5,H2O,4.0,CSUU+4P+H2O,1257.10493,1257.1049,1258.1127549999999,1258.1128,CSUU+4P
0,0,0,0,1,3,5,H2O,4.0,SUUU+4P+H2O,1258.088946,1258.0889,1259.096771,1259.0968,SUUU+4P
0,1,3,0,0,0,5,H2O,4.0,ACCC+4P+H2O,1262.186958,1262.187,1263.194783,1263.1948,ACCC+4P
0,1,1,2,0,0,4,H2O,4.0,ACGG+3P+H2O,1262.232921,1262.2329,1263.240746,1263.2407,ACGG+3P
0,1,2,0,0,1,5,H2O,4.0,ACCU+4P+H2O,1263.1709740000001,1263.171,1264.178799,1264.1788,ACCU+4P
0,2,0,1,1,0,4,H2O,4.0,AAGS+3P+H2O,1263.199179,1263.1992,1264.2070039999999,1264.207,AAGS+3P
0,1,0,2,0,1,4,H2O,4.0,AGGU+3P+H2O,1263.2169370000001,1263.2169,1264.224762,1264.2248,AGGU+3P
0,1,1,0,0,2,5,H2O,4.0,ACUU+4P+H2O,1264.15499,1264.155,1265.162815,1265.1628,ACUU+4P
0,1,0,0,0,3,5,H2O,4.0,AUUU+4P+H2O,1265.139006,1265.139,1266.146831,1266.1468,AUUU+4P
0,3,0,1,0,0,4,H2O,4.0,AAAG+3P+H2O,1270.249239,1270.2492,1271.257064,1271.2571,AAAG+3P
0,0,2,0,2,0,5,H2O,4.0,CCSS+4P+H2O,1272.0980710000001,1272.0981,1273.105896,1273.1059,CCSS+4P
0,0,0,2,2,0,4,H2O,4.0,GGSS+3P+H2O,1272.1440340000001,1272.144,1273.151859,1273.1519,GGSS+3P
0,0,1,0,2,1,5,H2O,4.0,CSSU+4P+H2O,1273.082087,1273.0821,1274.089912,1274.0899,CSSU+4P
0,0,0,0,2,2,5,H2O,4.0,SSUU+4P+H2O,1274.066103,1274.0661,1275.073928,1275.0739,SSUU+4P
0,0,3,1,0,0,5,H2O,4.0,CCCG+4P+H2O,1278.181873,1278.1819,1279.189698,1279.1897,CCCG+4P
0,0,1,3,0,0,4,H2O,4.0,CGGG+3P+H2O,1278.227836,1278.2278,1279.235661,1279.2357,CGGG+3P
0,1,2,0,1,0,5,H2O,4.0,ACCS+4P+H2O,1279.1481310000001,1279.1481,1280.155956,1280.156,ACCS+4P
0,0,2,1,0,1,5,H2O,4.0,CCGU+4P+H2O,1279.165889,1279.1659,1280.173714,1280.1737,CCGU+4P
0,1,0,2,1,0,4,H2O,4.0,AGGS+3P+H2O,1279.194094,1279.1941,1280.2019189999999,1280.2019,AGGS+3P
0,0,0,3,0,1,4,H2O,4.0,GGGU+3P+H2O,1279.2118520000001,1279.2119,1280.219677,1280.2197,GGGU+3P
0,1,1,0,1,1,5,H2O,4.0,ACSU+4P+H2O,1280.132147,1280.1321,1281.139972,1281.14,ACSU+4P
0,0,1,1,0,2,5,H2O,4.0,CGUU+4P+H2O,1280.149905,1280.1499,1281.15773,1281.1577,CGUU+4P
0,1,0,0,1,2,5,H2O,4.0,ASUU+4P+H2O,1281.1161630000001,1281.1162,1282.123988,1282.124,ASUU+4P
0,0,0,1,0,3,5,H2O,4.0,GUUU+4P+H2O,1281.133921,1281.1339,1282.141746,1282.1417,GUUU+4P
0,2,2,0,0,0,5,H2O,4.0,AACC+4P+H2O,1286.198191,1286.1982,1287.2060159999999,1287.206,AACC+4P
0,2,0,2,0,0,4,H2O,4.0,AAGG+3P+H2O,1286.244154,1286.2442,1287.251979,1287.252,AAGG+3P
0,2,1,0,0,1,5,H2O,4.0,AACU+4P+H2O,1287.182207,1287.1822,1288.190032,1288.19,AACU+4P
0,2,0,0,0,2,5,H2O,4.0,AAUU+4P+H2O,1288.166223,1288.1662,1289.1740479999999,1289.174,AAUU+4P
0,0,1,0,3,0,5,H2O,4.0,CSSS+4P+H2O,1289.059244,1289.0592,1290.067069,1290.0671,CSSS+4P
0,0,0,0,3,1,5,H2O,4.0,SSSU+4P+H2O,1290.0432600000001,1290.0433,1291.051085,1291.0511,SSSU+4P
0,0,2,1,1,0,5,H2O,4.0,CCGS+4P+H2O,1295.1430460000001,1295.143,1296.150871,1296.1509,CCGS+4P
0,0,0,3,1,0,4,H2O,4.0,GGGS+3P+H2O,1295.189009,1295.189,1296.1968339999999,1296.1968,GGGS+3P
0,1,1,0,2,0,5,H2O,4.0,ACSS+4P+H2O,1296.109304,1296.1093,1297.117129,1297.1171,ACSS+4P
0,0,1,1,1,1,5,H2O,4.0,CGSU+4P+H2O,1296.127062,1296.1271,1297.134887,1297.1349,CGSU+4P
0,1,0,0,2,1,5,H2O,4.0,ASSU+4P+H2O,1297.09332,1297.0933,1298.1011449999999,1298.1011,ASSU+4P
0,0,0,1,1,2,5,H2O,4.0,GSUU+4P+H2O,1297.1110780000001,1297.1111,1298.118903,1298.1189,GSUU+4P
0,1,2,1,0,0,5,H2O,4.0,ACCG+4P+H2O,1302.193106,1302.1931,1303.2009309999999,1303.2009,ACCG+4P
0,1,0,3,0,0,4,H2O,4.0,AGGG+3P+H2O,1302.239069,1302.2391,1303.2468939999999,1303.2469,AGGG+3P
0,2,1,0,1,0,5,H2O,4.0,AACS+4P+H2O,1303.159364,1303.1594,1304.167189,1304.1672,AACS+4P
0,1,1,1,0,1,5,H2O,4.0,ACGU+4P+H2O,1303.177122,1303.1771,1304.184947,1304.1849,ACGU+4P
0,2,0,0,1,1,5,H2O,4.0,AASU+4P+H2O,1304.14338,1304.1434,1305.151205,1305.1512,AASU+4P
0,1,0,1,0,2,5,H2O,4.0,AGUU+4P+H2O,1304.161138,1304.1611,1305.1689629999998,1305.169,AGUU+4P
0,0,0,0,4,0,5,H2O,4.0,SSSS+4P+H2O,1306.020417,1306.0204,1307.0282419999999,1307.0282,SSSS+4P
0,3,1,0,0,0,5,H2O,4.0,AAAC+4P+H2O,1310.2094240000001,1310.2094,1311.217249,1311.2172,AAAC+4P
0,3,0,0,0,1,5,H2O,4.0,AAAU+4P+H2O,1311.19344,1311.1934,1312.201265,1312.2013,AAAU+4P
0,0,1,1,2,0,5,H2O,4.0,CGSS+4P+H2O,1312.104219,1312.1042,1313.112044,1313.112,CGSS+4P
0,1,0,0,3,0,5,H2O,4.0,ASSS+4P+H2O,1313.070477,1313.0705,1314.078302,1314.0783,ASSS+4P
0,0,0,1,2,1,5,H2O,4.0,GSSU+4P+H2O,1313.088235,1313.0882,1314.0960599999999,1314.0961,GSSU+4P
0,0,4,0,0,0,6,H2O,4.0,CCCC+5P+H2O,1318.1420580000001,1318.1421,1319.149883,1319.1499,CCCC+5P
0,0,2,2,0,0,5,H2O,4.0,CCGG+4P+H2O,1318.188021,1318.188,1319.1958459999998,1319.1958,CCGG+4P
0,0,0,4,0,0,4,H2O,4.0,GGGG+3P+H2O,1318.233984,1318.234,1319.2418089999999,1319.2418,GGGG+3P
0,0,3,0,0,1,6,H2O,4.0,CCCU+5P+H2O,1319.126074,1319.1261,1320.133899,1320.1339,CCCU+5P
0,1,1,1,1,0,5,H2O,4.0,ACGS+4P+H2O,1319.154279,1319.1543,1320.162104,1320.1621,ACGS+4P
0,0,1,2,0,1,5,H2O,4.0,CGGU+4P+H2O,1319.172037,1319.172,1320.179862,1320.1799,CGGU+4P
0,0,2,0,0,2,6,H2O,4.0,CCUU+5P+H2O,1320.1100900000001,1320.1101,1321.117915,1321.1179,CCUU+5P
0,2,0,0,2,0,5,H2O,4.0,AASS+4P+H2O,1320.120537,1320.1205,1321.128362,1321.1284,AASS+4P
0,1,0,1,1,1,5,H2O,4.0,AGSU+4P+H2O,1320.138295,1320.1383,1321.1461199999999,1321.1461,AGSU+4P
0,0,0,2,0,2,5,H2O,4.0,GGUU+4P+H2O,1320.156053,1320.1561,1321.1638779999998,1321.1639,GGUU+4P
0,0,1,0,0,3,6,H2O,4.0,CUUU+5P+H2O,1321.094106,1321.0941,1322.101931,1322.1019,CUUU+5P
0,0,0,0,0,4,6,H2O,4.0,UUUU+5P+H2O,1322.0781220000001,1322.0781,1323.085947,1323.0859,UUUU+5P
0,2,1,1,0,0,5,H2O,4.0,AACG+4P+H2O,1326.2043390000001,1326.2043,1327.212164,1327.2122,AACG+4P
0,3,0,0,1,0,5,H2O,4.0,AAAS+4P+H2O,1327.170597,1327.1706,1328.178422,1328.1784,AAAS+4P
0,2,0,1,0,1,5,H2O,4.0,AAGU+4P+H2O,1327.188355,1327.1884,1328.19618,1328.1962,AAGU+4P
0,0,0,1,3,0,5,H2O,4.0,GSSS+4P+H2O,1329.065392,1329.0654,1330.0732169999999,1330.0732,GSSS+4P
0,4,0,0,0,0,5,H2O,4.0,AAAA+4P+H2O,1334.220657,1334.2207,1335.228482,1335.2285,AAAA+4P
0,0,3,0,1,0,6,H2O,4.0,CCCS+5P+H2O,1335.103231,1335.1032,1336.111056,1336.1111,CCCS+5P
0,0,1,2,1,0,5,H2O,4.0,CGGS+4P+H2O,1335.149194,1335.1492,1336.157019,1336.157,CGGS+4P
0,0,2,0,1,1,6,H2O,4.0,CCSU+5P+H2O,1336.087247,1336.0872,1337.0950719999998,1337.0951,CCSU+5P
0,1,0,1,2,0,5,H2O,4.0,AGSS+4P+H2O,1336.115452,1336.1155,1337.123277,1337.1233,AGSS+4P
0,0,0,2,1,1,5,H2O,4.0,GGSU+4P+H2O,1336.13321,1336.1332,1337.1410349999999,1337.141,GGSU+4P
0,0,1,0,1,2,6,H2O,4.0,CSUU+5P+H2O,1337.071263,1337.0713,1338.079088,1338.0791,CSUU+5P
0,0,0,0,1,3,6,H2O,4.0,SUUU+5P+H2O,1338.0552790000002,1338.0553,1339.063104,1339.0631,SUUU+5P
0,1,3,0,0,0,6,H2O,4.0,ACCC+5P+H2O,1342.153291,1342.1533,1343.161116,1343.1611,ACCC+5P
0,1,1,2,0,0,5,H2O,4.0,ACGG+4P+H2O,1342.199254,1342.1993,1343.207079,1343.2071,ACGG+4P
0,1,2,0,0,1,6,H2O,4.0,ACCU+5P+H2O,1343.137307,1343.1373,1344.1451319999999,1344.1451,ACCU+5P
0,2,0,1,1,0,5,H2O,4.0,AAGS+4P+H2O,1343.165512,1343.1655,1344.173337,1344.1733,AAGS+4P
0,1,0,2,0,1,5,H2O,4.0,AGGU+4P+H2O,1343.18327,1343.1833,1344.191095,1344.1911,AGGU+4P
0,1,1,0,0,2,6,H2O,4.0,ACUU+5P+H2O,1344.121323,1344.1213,1345.129148,1345.1291,ACUU+5P
0,1,0,0,0,3,6,H2O,4.0,AUUU+5P+H2O,1345.105339,1345.1053,1346.1131639999999,1346.1132,AUUU+5P
0,3,0,1,0,0,5,H2O,4.0,AAAG+4P+H2O,1350.215572,1350.2156,1351.223397,1351.2234,AAAG+4P
0,0,2,0,2,0,6,H2O,4.0,CCSS+5P+H2O,1352.064404,1352.0644,1353.0722289999999,1353.0722,CCSS+5P
0,0,0,2,2,0,5,H2O,4.0,GGSS+4P+H2O,1352.110367,1352.1104,1353.118192,1353.1182,GGSS+4P
0,0,1,0,2,1,6,H2O,4.0,CSSU+5P+H2O,1353.04842,1353.0484,1354.056245,1354.0562,CSSU+5P
0,0,0,0,2,2,6,H2O,4.0,SSUU+5P+H2O,1354.032436,1354.0324,1355.0402609999999,1355.0403,SSUU+5P
0,0,3,1,0,0,6,H2O,4.0,CCCG+5P+H2O,1358.148206,1358.1482,1359.156031,1359.156,CCCG+5P
0,0,1,3,0,0,5,H2O,4.0,CGGG+4P+H2O,1358.194169,1358.1942,1359.201994,1359.202,CGGG+4P
0,1,2,0,1,0,6,H2O,4.0,ACCS+5P+H2O,1359.114464,1359.1145,1360.122289,1360.1223,ACCS+5P
0,0,2,1,0,1,6,H2O,4.0,CCGU+5P+H2O,1359.132222,1359.1322,1360.1400469999999,1360.14,CCGU+5P
0,1,0,2,1,0,5,H2O,4.0,AGGS+4P+H2O,1359.160427,1359.1604,1360.168252,1360.1683,AGGS+4P
0,0,0,3,0,1,5,H2O,4.0,GGGU+4P+H2O,1359.178185,1359.1782,1360.18601,1360.186,GGGU+4P
0,1,1,0,1,1,6,H2O,4.0,ACSU+5P+H2O,1360.09848,1360.0985,1361.106305,1361.1063,ACSU+5P
0,0,1,1,0,2,6,H2O,4.0,CGUU+5P+H2O,1360.116238,1360.1162,1361.124063,1361.1241,CGUU+5P
0,1,0,0,1,2,6,H2O,4.0,ASUU+5P+H2O,1361.082496,1361.0825,1362.090321,1362.0903,ASUU+5P
0,0,0,1,0,3,6,H2O,4.0,GUUU+5P+H2O,1361.100254,1361.1003,1362.1080789999999,1362.1081,GUUU+5P
0,2,2,0,0,0,6,H2O,4.0,AACC+5P+H2O,1366.164524,1366.1645,1367.172349,1367.1723,AACC+5P
0,2,0,2,0,0,5,H2O,4.0,AAGG+4P+H2O,1366.210487,1366.2105,1367.218312,1367.2183,AAGG+4P
0,2,1,0,0,1,6,H2O,4.0,AACU+5P+H2O,1367.1485400000001,1367.1485,1368.156365,1368.1564,AACU+5P
0,2,0,0,0,2,6,H2O,4.0,AAUU+5P+H2O,1368.132556,1368.1326,1369.140381,1369.1404,AAUU+5P
0,0,1,0,3,0,6,H2O,4.0,CSSS+5P+H2O,1369.025577,1369.0256,1370.033402,1370.0334,CSSS+5P
0,0,0,0,3,1,6,H2O,4.0,SSSU+5P+H2O,1370.009593,1370.0096,1371.017418,1371.0174,SSSU+5P
0,0,2,1,1,0,6,H2O,4.0,CCGS+5P+H2O,1375.109379,1375.1094,1376.117204,1376.1172,CCGS+5P
0,0,0,3,1,0,5,H2O,4.0,GGGS+4P+H2O,1375.155342,1375.1553,1376.163167,1376.1632,GGGS+4P
0,1,1,0,2,0,6,H2O,4.0,ACSS+5P+H2O,1376.0756370000001,1376.0756,1377.083462,1377.0835,ACSS+5P
0,0,1,1,1,1,6,H2O,4.0,CGSU+5P+H2O,1376.093395,1376.0934,1377.10122,1377.1012,CGSU+5P
0,1,0,0,2,1,6,H2O,4.0,ASSU+5P+H2O,1377.059653,1377.0597,1378.067478,1378.0675,ASSU+5P
0,0,0,1,1,2,6,H2O,4.0,GSUU+5P+H2O,1377.077411,1377.0774,1378.085236,1378.0852,GSUU+5P
0,1,2,1,0,0,6,H2O,4.0,ACCG+5P+H2O,1382.159439,1382.1594,1383.167264,1383.1673,ACCG+5P
0,1,0,3,0,0,5,H2O,4.0,AGGG+4P+H2O,1382.205402,1382.2054,1383.213227,1383.2132,AGGG+4P
0,2,1,0,1,0,6,H2O,4.0,AACS+5P+H2O,1383.125697,1383.1257,1384.1335219999999,1384.1335,AACS+5P
0,1,1,1,0,1,6,H2O,4.0,ACGU+5P+H2O,1383.1434550000001,1383.1435,1384.15128,1384.1513,ACGU+5P
0,2,0,0,1,1,6,H2O,4.0,AASU+5P+H2O,1384.109713,1384.1097,1385.117538,1385.1175,AASU+5P
0,1,0,1,0,2,6,H2O,4.0,AGUU+5P+H2O,1384.127471,1384.1275,1385.135296,1385.1353,AGUU+5P
0,0,0,0,4,0,6,H2O,4.0,SSSS+5P+H2O,1385.98675,1385.9868,1386.994575,1386.9946,SSSS+5P
0,3,1,0,0,0,6,H2O,4.0,AAAC+5P+H2O,1390.175757,1390.1758,1391.183582,1391.1836,AAAC+5P
0,3,0,0,0,1,6,H2O,4.0,AAAU+5P+H2O,1391.159773,1391.1598,1392.167598,1392.1676,AAAU+5P
0,0,1,1,2,0,6,H2O,4.0,CGSS+5P+H2O,1392.0705520000001,1392.0706,1393.078377,1393.0784,CGSS+5P
0,1,0,0,3,0,6,H2O,4.0,ASSS+5P+H2O,1393.03681,1393.0368,1394.044635,1394.0446,ASSS+5P
0,0,0,1,2,1,6,H2O,4.0,GSSU+5P+H2O,1393.054568,1393.0546,1394.062393,1394.0624,GSSU+5P
0,0,2,2,0,0,6,H2O,4.0,CCGG+5P+H2O,1398.154354,1398.1544,1399.162179,1399.1622,CCGG+5P
0,0,0,4,0,0,5,H2O,4.0,GGGG+4P+H2O,1398.200317,1398.2003,1399.208142,1399.2081,GGGG+4P
0,1,1,1,1,0,6,H2O,4.0,ACGS+5P+H2O,1399.120612,1399.1206,1400.1284369999998,1400.1284,ACGS+5P
0,0,1,2,0,1,6,H2O,4.0,CGGU+5P+H2O,1399.1383700000001,1399.1384,1400.146195,1400.1462,CGGU+5P
0,2,0,0,2,0,6,H2O,4.0,AASS+5P+H2O,1400.08687,1400.0869,1401.094695,1401.0947,AASS+5P
0,1,0,1,1,1,6,H2O,4.0,AGSU+5P+H2O,1400.104628,1400.1046,1401.112453,1401.1125,AGSU+5P
0,0,0,2,0,2,6,H2O,4.0,GGUU+5P+H2O,1400.122386,1400.1224,1401.130211,1401.1302,GGUU+5P
0,2,1,1,0,0,6,H2O,4.0,AACG+5P+H2O,1406.170672,1406.1707,1407.1784969999999,1407.1785,AACG+5P
0,3,0,0,1,0,6,H2O,4.0,AAAS+5P+H2O,1407.1369300000001,1407.1369,1408.144755,1408.1448,AAAS+5P
0,2,0,1,0,1,6,H2O,4.0,AAGU+5P+H2O,1407.154688,1407.1547,1408.162513,1408.1625,AAGU+5P
0,0,0,1,3,0,6,H2O,4.0,GSSS+5P+H2O,1409.031725,1409.0317,1410.03955,1410.0396,GSSS+5P
0,4,0,0,0,0,6,H2O,4.0,AAAA+5P+H2O,1414.1869900000002,1414.187,1415.194815,1415.1948,AAAA+5P
0,0,1,2,1,0,6,H2O,4.0,CGGS+5P+H2O,1415.115527,1415.1155,1416.1233519999998,1416.1234,CGGS+5P
0,1,0,1,2,0,6,H2O,4.0,AGSS+5P+H2O,1416.081785,1416.0818,1417.08961,1417.0896,AGSS+5P
0,0,0,2,1,1,6,H2O,4.0,GGSU+5P+H2O,1416.099543,1416.0995,1417.107368,1417.1074,GGSU+5P
0,1,1,2,0,0,6,H2O,4.0,ACGG+5P+H2O,1422.165587,1422.1656,1423.1734119999999,1423.1734,ACGG+5P
0,2,0,1,1,0,6,H2O,4.0,AAGS+5P+H2O,1423.131845,1423.1318,1424.13967,1424.1397,AAGS+5P
0,1,0,2,0,1,6,H2O,4.0,AGGU+5P+H2O,1423.149603,1423.1496,1424.157428,1424.1574,AGGU+5P
0,3,0,1,0,0,6,H2O,4.0,AAAG+5P+H2O,1430.1819050000001,1430.1819,1431.18973,1431.1897,AAAG+5P
0,0,0,2,2,0,6,H2O,4.0,GGSS+5P+H2O,1432.0767,1432.0767,1433.084525,1433.0845,GGSS+5P
0,0,1,3,0,0,6,H2O,4.0,CGGG+5P+H2O,1438.160502,1438.1605,1439.1683269999999,1439.1683,CGGG+5P
0,1,0,2,1,0,6,H2O,4.0,AGGS+5P+H2O,1439.12676,1439.1268,1440.134585,1440.1346,AGGS+5P
0,0,0,3,0,1,6,H2O,4.0,GGGU+5P+H2O,1439.144518,1439.1445,1440.152343,1440.1523,GGGU+5P
0,2,0,2,0,0,6,H2O,4.0,AAGG+5P+H2O,1446.1768200000001,1446.1768,1447.184645,1447.1846,AAGG+5P
0,0,0,3,1,0,6,H2O,4.0,GGGS+5P+H2O,1455.121675,1455.1217,1456.1295,1456.1295,GGGS+5P
0,1,0,3,0,0,6,H2O,4.0,AGGG+5P+H2O,1462.1717350000001,1462.1717,1463.17956,1463.1796,AGGG+5P
0,0,0,4,0,0,6,H2O,4.0,GGGG+5P+H2O,1478.1666500000001,1478.1667,1479.174475,1479.1745,GGGG+5P
