XL,A,C,G,S,U,P,loss,nt,label,mass,round_4digits,1+,round_1+,simp_label,methyl_1+,fluoro_1+,azido_1+
S',0,0,0,0,0,0,_H2S,0.5,S'-H2S,94.016713,94.0167,95.024538,95.0245,X',,,
S,0,0,0,0,0,0,_H2S,1.0,S-H2S,226.058973,226.059,227.066798,227.0668,X,241.082448,245.057376,268.068195
S,0,0,0,0,0,1,_H2S_H2O,1.0,S+P-H2S-H2O,288.014741,288.0147,289.02256600000004,289.0226,X+P,303.03821600000003,307.013144,330.02396300000004
S,0,0,0,0,0,1,_H2S,1.0,S+P-H2S,306.025306,306.0253,307.033131,307.0331,X+P,321.048781,325.02370900000005,348.034528
S,0,0,0,0,0,2,_H2S_H2O,1.0,S+2P-H2S-H2O,367.981074,367.9811,368.988899,368.9889,X+2P,383.004549,386.979477,409.990296
S,0,0,0,0,0,2,_H2S,1.0,S+2P-H2S,385.991639,385.9916,386.9994640000001,386.9995,X+2P,401.0151140000001,404.99004200000013,428.0008610000001
S,0,1,0,0,0,1,_H2S_H2O,2.0,SC+P-H2S-H2O,513.089698,513.0897,514.097523,514.0975,XC+P,542.128823,550.078679,596.100317
S,0,0,0,0,1,1,_H2S_H2O,2.0,SU+P-H2S-H2O,514.073714,514.0737,515.081539,515.0815,XU+P,543.112839,551.0626950000001,597.084333
S,0,0,0,1,0,1,_H2S_H2O,2.0,SS+P-H2S-H2O,530.050871,530.0509,531.058696,531.0587,XS+P,559.089996,567.0398520000001,613.06149
S,0,1,0,0,0,1,_H2S,2.0,SC+P-H2S,531.100263,531.1003,532.1080880000001,532.1081,XC+P,560.139388,568.089244,614.1108820000001
S,0,0,0,0,1,1,_H2S,2.0,SU+P-H2S,532.084279,532.0843,533.0921040000001,533.0921,XU+P,561.123404,569.0732600000001,615.0948980000001
S,1,0,0,0,0,1,_H2S_H2O,2.0,SA+P-H2S-H2O,537.100931,537.1009,538.108756,538.1088,XA+P,566.140056,574.0899119999999,620.11155
S,0,0,0,1,0,1,_H2S,2.0,SS+P-H2S,548.061436,548.0614,549.069261,549.0693,XS+P,577.100561,585.0504169999999,631.072055
S,0,0,1,0,0,1,_H2S_H2O,2.0,SG+P-H2S-H2O,553.095846,553.0958,554.1036710000001,554.1037,XG+P,582.1349710000001,590.0848270000001,636.1064650000001
S,1,0,0,0,0,1,_H2S,2.0,SA+P-H2S,555.111496,555.1115,556.119321,556.1193,XA+P,584.150621,592.100477,638.122115
S,0,0,1,0,0,1,_H2S,2.0,SG+P-H2S,571.106411,571.1064,572.114236,572.1142,XG+P,600.145536,608.095392,654.11703
S,0,1,0,0,0,2,_H2S_H2O,2.0,SC+2P-H2S-H2O,593.056031,593.056,594.063856,594.0639,XC+2P,622.095156,630.045012,676.06665
S,0,0,0,0,1,2,_H2S_H2O,2.0,SU+2P-H2S-H2O,594.040047,594.04,595.047872,595.0479,XU+2P,623.079172,631.0290279999999,677.050666
S,0,0,0,1,0,2,_H2S_H2O,2.0,SS+2P-H2S-H2O,610.017204,610.0172,611.025029,611.025,XS+2P,639.056329,647.006185,693.027823
S,0,1,0,0,0,2,_H2S,2.0,SC+2P-H2S,611.066596,611.0666,612.074421,612.0744,XC+2P,640.105721,648.0555770000001,694.077215
S,0,0,0,0,1,2,_H2S,2.0,SU+2P-H2S,612.050612,612.0506,613.058437,613.0584,XU+2P,641.089737,649.039593,695.061231
S,1,0,0,0,0,2,_H2S_H2O,2.0,SA+2P-H2S-H2O,617.067264,617.0673,618.075089,618.0751,XA+2P,646.106389,654.056245,700.077883
S,0,0,0,1,0,2,_H2S,2.0,SS+2P-H2S,628.027769,628.0278,629.0355940000001,629.0356,XS+2P,657.066894,665.01675,711.038388
S,0,0,1,0,0,2,_H2S_H2O,2.0,SG+2P-H2S-H2O,633.062179,633.0622,634.070004,634.07,XG+2P,662.101304,670.05116,716.072798
S,1,0,0,0,0,2,_H2S,2.0,SA+2P-H2S,635.077829,635.0778,636.085654,636.0857,XA+2P,664.116954,672.06681,718.088448
S,0,0,1,0,0,2,_H2S,2.0,SG+2P-H2S,651.072744,651.0727,652.080569,652.0806,XG+2P,680.111869,688.061725,734.083363
S,0,1,0,0,0,3,_H2S_H2O,2.0,SC+3P-H2S-H2O,673.022364,673.0224,674.0301890000001,674.0302,XC+3P,702.061489,710.0113450000001,756.0329830000001
S,0,0,0,0,1,3,_H2S_H2O,2.0,SU+3P-H2S-H2O,674.00638,674.0064,675.0142050000001,675.0142,XU+3P,703.045505,710.995361,757.016999
S,0,0,0,1,0,3,_H2S_H2O,2.0,SS+3P-H2S-H2O,689.983537,689.9835,690.991362,690.9914,XS+3P,719.022662,726.972518,772.994156
S,0,1,0,0,0,3,_H2S,2.0,SC+3P-H2S,691.032929,691.0329,692.040754,692.0408,XC+3P,720.072054,728.0219099999999,774.043548
S,0,0,0,0,1,3,_H2S,2.0,SU+3P-H2S,692.016945,692.0169,693.02477,693.0248,XU+3P,721.05607,729.005926,775.027564
S,1,0,0,0,0,3,_H2S_H2O,2.0,SA+3P-H2S-H2O,697.033597,697.0336,698.041422,698.0414,XA+3P,726.072722,734.0225780000001,780.044216
S,0,0,0,1,0,3,_H2S,2.0,SS+3P-H2S,707.994102,707.9941,709.001927,709.0019,XS+3P,737.033227,744.9830830000001,791.004721
S,0,0,1,0,0,3,_H2S_H2O,2.0,SG+3P-H2S-H2O,713.028512,713.0285,714.036337,714.0363,XG+3P,742.067637,750.0174930000001,796.039131
S,1,0,0,0,0,3,_H2S,2.0,SA+3P-H2S,715.044162,715.0442,716.051987,716.052,XA+3P,744.083287,752.0331430000001,798.054781
S,0,0,1,0,0,3,_H2S,2.0,SG+3P-H2S,731.039077,731.0391,732.046902,732.0469,XG+3P,760.078202,768.0280580000001,814.049696
S,0,2,0,0,0,2,_H2S_H2O,3.0,SCC+2P-H2S-H2O,818.130988,818.131,819.138813,819.1388,XCC+2P,861.1857630000001,873.110547,942.143004
S,0,1,0,0,1,2,_H2S_H2O,3.0,SCU+2P-H2S-H2O,819.115004,819.115,820.122829,820.1228,XCU+2P,862.1697790000001,874.094563,943.12702
S,0,0,0,0,2,2,_H2S_H2O,3.0,SUU+2P-H2S-H2O,820.09902,820.099,821.106845,821.1068,XUU+2P,863.1537950000001,875.078579,944.111036
S,0,1,0,1,0,2,_H2S_H2O,3.0,SCS+2P-H2S-H2O,835.092161,835.0922,836.0999860000001,836.1,XCS+2P,878.1469360000001,890.07172,959.104177
S,0,0,0,1,1,2,_H2S_H2O,3.0,SSU+2P-H2S-H2O,836.076177,836.0762,837.084002,837.084,XSU+2P,879.1309520000001,891.055736,960.088193
S,0,2,0,0,0,2,_H2S,3.0,SCC+2P-H2S,836.141553,836.1416,837.1493780000001,837.1494,XCC+2P,879.1963280000001,891.121112,960.1535690000001
S,0,1,0,0,1,2,_H2S,3.0,SCU+2P-H2S,837.125569,837.1256,838.1333940000001,838.1334,XCU+2P,880.1803440000001,892.105128,961.1375850000001
S,0,0,0,0,2,2,_H2S,3.0,SUU+2P-H2S,838.109585,838.1096,839.1174100000001,839.1174,XUU+2P,881.1643600000001,893.089144,962.121601
S,1,1,0,0,0,2,_H2S_H2O,3.0,SAC+2P-H2S-H2O,842.142221,842.1422,843.150046,843.15,XAC+2P,885.196996,897.12178,966.154237
S,1,0,0,0,1,2,_H2S_H2O,3.0,SAU+2P-H2S-H2O,843.126237,843.1262,844.134062,844.1341,XAU+2P,886.181012,898.1057959999999,967.138253
S,0,0,0,2,0,2,_H2S_H2O,3.0,SSS+2P-H2S-H2O,852.053334,852.0533,853.061159,853.0612,XSS+2P,895.108109,907.032893,976.06535
S,0,1,0,1,0,2,_H2S,3.0,SCS+2P-H2S,853.102726,853.1027,854.110551,854.1106,XCS+2P,896.157501,908.082285,977.114742
S,0,0,0,1,1,2,_H2S,3.0,SSU+2P-H2S,854.086742,854.0867,855.094567,855.0946,XSU+2P,897.141517,909.066301,978.098758
S,0,1,1,0,0,2,_H2S_H2O,3.0,SCG+2P-H2S-H2O,858.137136,858.1371,859.1449610000001,859.145,XCG+2P,901.1919110000001,913.116695,982.1491520000001
S,1,0,0,1,0,2,_H2S_H2O,3.0,SAS+2P-H2S-H2O,859.103394,859.1034,860.111219,860.1112,XAS+2P,902.158169,914.082953,983.11541
S,0,0,1,0,1,2,_H2S_H2O,3.0,SGU+2P-H2S-H2O,859.121152,859.1212,860.1289770000001,860.129,XGU+2P,902.1759270000001,914.100711,983.1331680000001
S,1,1,0,0,0,2,_H2S,3.0,SAC+2P-H2S,860.152786,860.1528,861.160611,861.1606,XAC+2P,903.207561,915.132345,984.164802
S,1,0,0,0,1,2,_H2S,3.0,SAU+2P-H2S,861.136802,861.1368,862.144627,862.1446,XAU+2P,904.191577,916.116361,985.148818
S,2,0,0,0,0,2,_H2S_H2O,3.0,SAA+2P-H2S-H2O,866.153454,866.1535,867.161279,867.1613,XAA+2P,909.2082290000001,921.133013,990.16547
S,0,0,0,2,0,2,_H2S,3.0,SSS+2P-H2S,870.063899,870.0639,871.071724,871.0717,XSS+2P,913.118674,925.043458,994.075915
S,0,0,1,1,0,2,_H2S_H2O,3.0,SGS+2P-H2S-H2O,875.098309,875.0983,876.106134,876.1061,XGS+2P,918.153084,930.077868,999.110325
S,0,1,1,0,0,2,_H2S,3.0,SCG+2P-H2S,876.147701,876.1477,877.155526,877.1555,XCG+2P,919.202476,931.12726,1000.159717
S,1,0,0,1,0,2,_H2S,3.0,SAS+2P-H2S,877.113959,877.114,878.121784,878.1218,XAS+2P,920.1687340000001,932.093518,1001.125975
S,0,0,1,0,1,2,_H2S,3.0,SGU+2P-H2S,877.131717,877.1317,878.139542,878.1395,XGU+2P,920.186492,932.111276,1001.143733
S,1,0,1,0,0,2,_H2S_H2O,3.0,SAG+2P-H2S-H2O,882.148369,882.1484,883.156194,883.1562,XAG+2P,925.2031440000001,937.127928,1006.160385
S,2,0,0,0,0,2,_H2S,3.0,SAA+2P-H2S,884.164019,884.164,885.1718440000001,885.1718,XAA+2P,927.2187940000001,939.143578,1008.1760350000001
S,0,0,1,1,0,2,_H2S,3.0,SGS+2P-H2S,893.108874,893.1089,894.116699,894.1167,XGS+2P,936.1636490000001,948.088433,1017.12089
S,0,2,0,0,0,3,_H2S_H2O,3.0,SCC+3P-H2S-H2O,898.097321,898.0973,899.105146,899.1051,XCC+3P,941.152096,953.07688,1022.109337
S,0,0,2,0,0,2,_H2S_H2O,3.0,SGG+2P-H2S-H2O,898.143284,898.1433,899.151109,899.1511,XGG+2P,941.1980590000001,953.122843,1022.1553
S,0,1,0,0,1,3,_H2S_H2O,3.0,SCU+3P-H2S-H2O,899.081337,899.0813,900.089162,900.0892,XCU+3P,942.136112,954.060896,1023.093353
S,0,0,0,0,2,3,_H2S_H2O,3.0,SUU+3P-H2S-H2O,900.065353,900.0654,901.073178,901.0732,XUU+3P,943.120128,955.044912,1024.077369
S,1,0,1,0,0,2,_H2S,3.0,SAG+2P-H2S,900.158934,900.1589,901.166759,901.1668,XAG+2P,943.213709,955.1384929999999,1024.17095
S,0,1,0,1,0,3,_H2S_H2O,3.0,SCS+3P-H2S-H2O,915.058494,915.0585,916.066319,916.0663,XCS+3P,958.1132690000001,970.038053,1039.07051
S,0,0,0,1,1,3,_H2S_H2O,3.0,SSU+3P-H2S-H2O,916.04251,916.0425,917.050335,917.0503,XSU+3P,959.097285,971.022069,1040.054526
S,0,2,0,0,0,3,_H2S,3.0,SCC+3P-H2S,916.107886,916.1079,917.115711,917.1157,XCC+3P,959.1626610000001,971.087445,1040.119902
S,0,0,2,0,0,2,_H2S,3.0,SGG+2P-H2S,916.153849,916.1538,917.161674,917.1617,XGG+2P,959.208624,971.1334079999999,1040.165865
S,0,1,0,0,1,3,_H2S,3.0,SCU+3P-H2S,917.091902,917.0919,918.099727,918.0997,XCU+3P,960.1466770000001,972.071461,1041.103918
S,0,0,0,0,2,3,_H2S,3.0,SUU+3P-H2S,918.075918,918.0759,919.083743,919.0837,XUU+3P,961.1306930000001,973.055477,1042.0879340000001
S,1,1,0,0,0,3,_H2S_H2O,3.0,SAC+3P-H2S-H2O,922.108554,922.1086,923.116379,923.1164,XAC+3P,965.1633290000001,977.088113,1046.12057
S,1,0,0,0,1,3,_H2S_H2O,3.0,SAU+3P-H2S-H2O,923.09257,923.0926,924.100395,924.1004,XAU+3P,966.1473450000001,978.072129,1047.104586
S,0,0,0,2,0,3,_H2S_H2O,3.0,SSS+3P-H2S-H2O,932.019667,932.0197,933.027492,933.0275,XSS+3P,975.0744420000001,986.999226,1056.0316830000002
S,0,1,0,1,0,3,_H2S,3.0,SCS+3P-H2S,933.069059,933.0691,934.076884,934.0769,XCS+3P,976.123834,988.0486179999999,1057.081075
S,0,0,0,1,1,3,_H2S,3.0,SSU+3P-H2S,934.053075,934.0531,935.0609,935.0609,XSU+3P,977.10785,989.0326339999999,1058.065091
S,0,1,1,0,0,3,_H2S_H2O,3.0,SCG+3P-H2S-H2O,938.103469,938.1035,939.111294,939.1113,XCG+3P,981.1582440000001,993.083028,1062.115485
S,1,0,0,1,0,3,_H2S_H2O,3.0,SAS+3P-H2S-H2O,939.069727,939.0697,940.077552,940.0776,XAS+3P,982.124502,994.0492859999999,1063.081743
S,0,0,1,0,1,3,_H2S_H2O,3.0,SGU+3P-H2S-H2O,939.087485,939.0875,940.09531,940.0953,XGU+3P,982.1422600000001,994.067044,1063.0995010000001
S,1,1,0,0,0,3,_H2S,3.0,SAC+3P-H2S,940.119119,940.1191,941.126944,941.1269,XAC+3P,983.173894,995.098678,1064.131135
S,1,0,0,0,1,3,_H2S,3.0,SAU+3P-H2S,941.103135,941.1031,942.11096,942.111,XAU+3P,984.15791,996.082694,1065.115151
S,2,0,0,0,0,3,_H2S_H2O,3.0,SAA+3P-H2S-H2O,946.119787,946.1198,947.127612,947.1276,XAA+3P,989.174562,1001.099346,1070.131803
S,0,0,0,2,0,3,_H2S,3.0,SSS+3P-H2S,950.030232,950.0302,951.038057,951.0381,XSS+3P,993.085007,1005.009791,1074.042248
S,0,0,1,1,0,3,_H2S_H2O,3.0,SGS+3P-H2S-H2O,955.064642,955.0646,956.072467,956.0725,XGS+3P,998.119417,1010.0442009999999,1079.076658
S,0,1,1,0,0,3,_H2S,3.0,SCG+3P-H2S,956.114034,956.114,957.121859,957.1219,XCG+3P,999.168809,1011.0935929999999,1080.1260499999999
S,1,0,0,1,0,3,_H2S,3.0,SAS+3P-H2S,957.080292,957.0803,958.088117,958.0881,XAS+3P,1000.135067,1012.059851,1081.092308
S,0,0,1,0,1,3,_H2S,3.0,SGU+3P-H2S,957.09805,957.0981,958.105875,958.1059,XGU+3P,1000.152825,1012.0776089999999,1081.110066
S,1,0,1,0,0,3,_H2S_H2O,3.0,SAG+3P-H2S-H2O,962.114702,962.1147,963.122527,963.1225,XAG+3P,1005.169477,1017.094261,1086.126718
S,2,0,0,0,0,3,_H2S,3.0,SAA+3P-H2S,964.130352,964.1304,965.138177,965.1382,XAA+3P,1007.1851270000001,1019.109911,1088.142368
S,0,0,1,1,0,3,_H2S,3.0,SGS+3P-H2S,973.075207,973.0752,974.083032,974.083,XGS+3P,1016.129982,1028.054766,1097.087223
S,0,2,0,0,0,4,_H2S_H2O,3.0,SCC+4P-H2S-H2O,978.063654,978.0637,979.071479,979.0715,XCC+4P,1021.118429,1033.043213,1102.07567
S,0,0,2,0,0,3,_H2S_H2O,3.0,SGG+3P-H2S-H2O,978.109617,978.1096,979.117442,979.1174,XGG+3P,1021.164392,1033.089176,1102.121633
S,0,1,0,0,1,4,_H2S_H2O,3.0,SCU+4P-H2S-H2O,979.04767,979.0477,980.055495,980.0555,XCU+4P,1022.102445,1034.027229,1103.059686
S,0,0,0,0,2,4,_H2S_H2O,3.0,SUU+4P-H2S-H2O,980.031686,980.0317,981.039511,981.0395,XUU+4P,1023.086461,1035.011245,1104.043702
S,1,0,1,0,0,3,_H2S,3.0,SAG+3P-H2S,980.125267,980.1253,981.133092,981.1331,XAG+3P,1023.1800420000001,1035.104826,1104.137283
S,0,1,0,1,0,4,_H2S_H2O,3.0,SCS+4P-H2S-H2O,995.024827,995.0248,996.032652,996.0327,XCS+4P,1038.079602,1050.004386,1119.0368429999999
S,0,0,0,1,1,4,_H2S_H2O,3.0,SSU+4P-H2S-H2O,996.008843,996.0088,997.016668,997.0167,XSU+4P,1039.063618,1050.988402,1120.020859
S,0,2,0,0,0,4,_H2S,3.0,SCC+4P-H2S,996.074219,996.0742,997.082044,997.082,XCC+4P,1039.128994,1051.053778,1120.086235
S,0,0,2,0,0,3,_H2S,3.0,SGG+3P-H2S,996.120182,996.1202,997.128007,997.128,XGG+3P,1039.174957,1051.099741,1120.132198
S,0,1,0,0,1,4,_H2S,3.0,SCU+4P-H2S,997.058235,997.0582,998.06606,998.0661,XCU+4P,1040.11301,1052.037794,1121.070251
S,0,0,0,0,2,4,_H2S,3.0,SUU+4P-H2S,998.042251,998.0423,999.050076,999.0501,XUU+4P,1041.097026,1053.02181,1122.054267
S,1,1,0,0,0,4,_H2S_H2O,3.0,SAC+4P-H2S-H2O,1002.074887,1002.0749,1003.082712,1003.0827,XAC+4P,1045.129662,1057.054446,1126.086903
S,1,0,0,0,1,4,_H2S_H2O,3.0,SAU+4P-H2S-H2O,1003.058903,1003.0589,1004.066728,1004.0667,XAU+4P,1046.113678,1058.038462,1127.070919
S,0,0,0,2,0,4,_H2S_H2O,3.0,SSS+4P-H2S-H2O,1011.986,1011.986,1012.993825,1012.9938,XSS+4P,1055.040775,1066.965559,1135.998016
S,0,1,0,1,0,4,_H2S,3.0,SCS+4P-H2S,1013.035392,1013.0354,1014.043217,1014.0432,XCS+4P,1056.090167,1068.014951,1137.047408
S,0,0,0,1,1,4,_H2S,3.0,SSU+4P-H2S,1014.019408,1014.0194,1015.027233,1015.0272,XSU+4P,1057.074183,1068.998967,1138.031424
S,0,1,1,0,0,4,_H2S_H2O,3.0,SCG+4P-H2S-H2O,1018.069802,1018.0698,1019.077627,1019.0776,XCG+4P,1061.124577,1073.049361,1142.081818
S,1,0,0,1,0,4,_H2S_H2O,3.0,SAS+4P-H2S-H2O,1019.03606,1019.0361,1020.043885,1020.0439,XAS+4P,1062.090835,1074.015619,1143.048076
S,0,0,1,0,1,4,_H2S_H2O,3.0,SGU+4P-H2S-H2O,1019.053818,1019.0538,1020.061643,1020.0616,XGU+4P,1062.108593,1074.033377,1143.065834
S,1,1,0,0,0,4,_H2S,3.0,SAC+4P-H2S,1020.085452,1020.0855,1021.093277,1021.0933,XAC+4P,1063.1402269999999,1075.065011,1144.097468
S,1,0,0,0,1,4,_H2S,3.0,SAU+4P-H2S,1021.069468,1021.0695,1022.077293,1022.0773,XAU+4P,1064.124243,1076.049027,1145.081484
S,2,0,0,0,0,4,_H2S_H2O,3.0,SAA+4P-H2S-H2O,1026.08612,1026.0861,1027.0939449999998,1027.0939,XAA+4P,1069.1408949999998,1081.0656789999998,1150.0981359999998
S,0,0,0,2,0,4,_H2S,3.0,SSS+4P-H2S,1029.996565,1029.9966,1031.0043899999998,1031.0044,XSS+4P,1073.0513399999998,1084.9761239999998,1154.0085809999998
S,0,0,1,1,0,4,_H2S_H2O,3.0,SGS+4P-H2S-H2O,1035.030975,1035.031,1036.0387999999998,1036.0388,XGS+4P,1078.0857499999997,1090.0105339999998,1159.0429909999998
S,0,1,1,0,0,4,_H2S,3.0,SCG+4P-H2S,1036.080367,1036.0804,1037.088192,1037.0882,XCG+4P,1079.1351419999999,1091.059926,1160.092383
S,1,0,0,1,0,4,_H2S,3.0,SAS+4P-H2S,1037.046625,1037.0466,1038.05445,1038.0544,XAS+4P,1080.1014,1092.026184,1161.058641
S,0,0,1,0,1,4,_H2S,3.0,SGU+4P-H2S,1037.064383,1037.0644,1038.0722079999998,1038.0722,XGU+4P,1080.1191579999997,1092.0439419999998,1161.0763989999998
S,1,0,1,0,0,4,_H2S_H2O,3.0,SAG+4P-H2S-H2O,1042.081035,1042.081,1043.0888599999998,1043.0889,XAG+4P,1085.1358099999998,1097.0605939999998,1166.0930509999998
S,2,0,0,0,0,4,_H2S,3.0,SAA+4P-H2S,1044.096685,1044.0967,1045.10451,1045.1045,XAA+4P,1087.1514599999998,1099.0762439999999,1168.1087009999999
S,0,0,1,1,0,4,_H2S,3.0,SGS+4P-H2S,1053.04154,1053.0415,1054.049365,1054.0494,XGS+4P,1096.096315,1108.021099,1177.053556
S,0,0,2,0,0,4,_H2S_H2O,3.0,SGG+4P-H2S-H2O,1058.07595,1058.076,1059.0837749999998,1059.0838,XGG+4P,1101.1307249999998,1113.0555089999998,1182.0879659999998
S,1,0,1,0,0,4,_H2S,3.0,SAG+4P-H2S,1060.0916,1060.0916,1061.099425,1061.0994,XAG+4P,1103.146375,1115.071159,1184.103616
S,0,0,2,0,0,4,_H2S,3.0,SGG+4P-H2S,1076.086515,1076.0865,1077.09434,1077.0943,XGG+4P,1119.14129,1131.066074,1200.098531
S,0,3,0,0,0,3,_H2S_H2O,4.0,SCCC+3P-H2S-H2O,1123.172278,1123.1723,1124.180103,1124.1801,XCCC+3P,1180.242703,1196.1424149999998,1288.185691
S,0,2,0,0,1,3,_H2S_H2O,4.0,SCCU+3P-H2S-H2O,1124.156294,1124.1563,1125.1641189999998,1125.1641,XCCU+3P,1181.2267189999998,1197.1264309999997,1289.1697069999998
S,0,1,0,0,2,3,_H2S_H2O,4.0,SCUU+3P-H2S-H2O,1125.14031,1125.1403,1126.148135,1126.1481,XCUU+3P,1182.2107349999999,1198.110447,1290.153723
S,0,0,0,0,3,3,_H2S_H2O,4.0,SUUU+3P-H2S-H2O,1126.124326,1126.1243,1127.132151,1127.1322,XUUU+3P,1183.194751,1199.094463,1291.137739
S,0,2,0,1,0,3,_H2S_H2O,4.0,SCCS+3P-H2S-H2O,1140.133451,1140.1335,1141.1412759999998,1141.1413,XCCS+3P,1197.2038759999998,1213.103588,1305.1468639999998
S,0,1,0,1,1,3,_H2S_H2O,4.0,SCSU+3P-H2S-H2O,1141.117467,1141.1175,1142.125292,1142.1253,XCSU+3P,1198.187892,1214.0876039999998,1306.13088
S,0,3,0,0,0,3,_H2S,4.0,SCCC+3P-H2S,1141.182843,1141.1828,1142.190668,1142.1907,XCCC+3P,1198.253268,1214.1529799999998,1306.196256
S,0,0,0,1,2,3,_H2S_H2O,4.0,SSUU+3P-H2S-H2O,1142.101483,1142.1015,1143.1093079999998,1143.1093,XSUU+3P,1199.1719079999998,1215.0716199999997,1307.1148959999998
S,0,2,0,0,1,3,_H2S,4.0,SCCU+3P-H2S,1142.166859,1142.1669,1143.1746839999998,1143.1747,XCCU+3P,1199.2372839999998,1215.1369959999997,1307.1802719999998
S,0,1,0,0,2,3,_H2S,4.0,SCUU+3P-H2S,1143.150875,1143.1509,1144.1587,1144.1587,XCUU+3P,1200.2213,1216.121012,1308.164288
S,0,0,0,0,3,3,_H2S,4.0,SUUU+3P-H2S,1144.134891,1144.1349,1145.1427159999998,1145.1427,XUUU+3P,1201.2053159999998,1217.105028,1309.1483039999998
S,1,2,0,0,0,3,_H2S_H2O,4.0,SACC+3P-H2S-H2O,1147.183511,1147.1835,1148.191336,1148.1913,XACC+3P,1204.253936,1220.153648,1312.196924
S,1,1,0,0,1,3,_H2S_H2O,4.0,SACU+3P-H2S-H2O,1148.167527,1148.1675,1149.175352,1149.1754,XACU+3P,1205.237952,1221.1376639999999,1313.18094
S,1,0,0,0,2,3,_H2S_H2O,4.0,SAUU+3P-H2S-H2O,1149.151543,1149.1515,1150.159368,1150.1594,XAUU+3P,1206.221968,1222.1216800000002,1314.164956
S,0,1,0,2,0,3,_H2S_H2O,4.0,SCSS+3P-H2S-H2O,1157.094624,1157.0946,1158.102449,1158.1024,XCSS+3P,1214.165049,1230.064761,1322.108037
S,0,0,0,2,1,3,_H2S_H2O,4.0,SSSU+3P-H2S-H2O,1158.07864,1158.0786,1159.086465,1159.0865,XSSU+3P,1215.149065,1231.048777,1323.092053
S,0,2,0,1,0,3,_H2S,4.0,SCCS+3P-H2S,1158.144016,1158.144,1159.151841,1159.1518,XCCS+3P,1215.214441,1231.114153,1323.157429
S,0,1,0,1,1,3,_H2S,4.0,SCSU+3P-H2S,1159.128032,1159.128,1160.135857,1160.1359,XCSU+3P,1216.198457,1232.0981689999999,1324.141445
S,0,0,0,1,2,3,_H2S,4.0,SSUU+3P-H2S,1160.112048,1160.112,1161.119873,1161.1199,XSUU+3P,1217.182473,1233.0821850000002,1325.125461
S,0,2,1,0,0,3,_H2S_H2O,4.0,SCCG+3P-H2S-H2O,1163.178426,1163.1784,1164.186251,1164.1863,XCCG+3P,1220.248851,1236.1485630000002,1328.191839
S,1,1,0,1,0,3,_H2S_H2O,4.0,SACS+3P-H2S-H2O,1164.144684,1164.1447,1165.152509,1165.1525,XACS+3P,1221.215109,1237.1148210000001,1329.158097
S,0,1,1,0,1,3,_H2S_H2O,4.0,SCGU+3P-H2S-H2O,1164.162442,1164.1624,1165.170267,1165.1703,XCGU+3P,1221.232867,1237.132579,1329.175855
S,1,0,0,1,1,3,_H2S_H2O,4.0,SASU+3P-H2S-H2O,1165.1287,1165.1287,1166.136525,1166.1365,XASU+3P,1222.1991249999999,1238.098837,1330.1421129999999
S,0,0,1,0,2,3,_H2S_H2O,4.0,SGUU+3P-H2S-H2O,1165.146458,1165.1465,1166.154283,1166.1543,XGUU+3P,1222.216883,1238.116595,1330.159871
S,1,2,0,0,0,3,_H2S,4.0,SACC+3P-H2S,1165.194076,1165.1941,1166.201901,1166.2019,XACC+3P,1222.2645009999999,1238.164213,1330.207489
S,1,1,0,0,1,3,_H2S,4.0,SACU+3P-H2S,1166.178092,1166.1781,1167.185917,1167.1859,XACU+3P,1223.248517,1239.148229,1331.191505
S,1,0,0,0,2,3,_H2S,4.0,SAUU+3P-H2S,1167.162108,1167.1621,1168.169933,1168.1699,XAUU+3P,1224.2325329999999,1240.1322449999998,1332.175521
S,2,1,0,0,0,3,_H2S_H2O,4.0,SAAC+3P-H2S-H2O,1171.194744,1171.1947,1172.2025689999998,1172.2026,XAAC+3P,1228.2651689999998,1244.1648809999997,1336.2081569999998
S,2,0,0,0,1,3,_H2S_H2O,4.0,SAAU+3P-H2S-H2O,1172.17876,1172.1788,1173.186585,1173.1866,XAAU+3P,1229.249185,1245.148897,1337.192173
S,0,0,0,3,0,3,_H2S_H2O,4.0,SSSS+3P-H2S-H2O,1174.055797,1174.0558,1175.063622,1175.0636,XSSS+3P,1231.1262219999999,1247.0259339999998,1339.0692099999999
S,0,1,0,2,0,3,_H2S,4.0,SCSS+3P-H2S,1175.105189,1175.1052,1176.113014,1176.113,XCSS+3P,1232.175614,1248.0753260000001,1340.118602
S,0,0,0,2,1,3,_H2S,4.0,SSSU+3P-H2S,1176.089205,1176.0892,1177.09703,1177.097,XSSU+3P,1233.1596299999999,1249.059342,1341.102618
S,0,1,1,1,0,3,_H2S_H2O,4.0,SCGS+3P-H2S-H2O,1180.139599,1180.1396,1181.147424,1181.1474,XCGS+3P,1237.210024,1253.1097359999999,1345.153012
S,1,0,0,2,0,3,_H2S_H2O,4.0,SASS+3P-H2S-H2O,1181.105857,1181.1059,1182.113682,1182.1137,XASS+3P,1238.176282,1254.0759939999998,1346.11927
S,0,0,1,1,1,3,_H2S_H2O,4.0,SGSU+3P-H2S-H2O,1181.123615,1181.1236,1182.13144,1182.1314,XGSU+3P,1238.19404,1254.0937520000002,1346.137028
S,0,2,1,0,0,3,_H2S,4.0,SCCG+3P-H2S,1181.188991,1181.189,1182.196816,1182.1968,XCCG+3P,1238.2594159999999,1254.1591279999998,1346.202404
S,1,1,0,1,0,3,_H2S,4.0,SACS+3P-H2S,1182.155249,1182.1552,1183.1630739999998,1183.1631,XACS+3P,1239.2256739999998,1255.1253859999997,1347.1686619999998
S,0,1,1,0,1,3,_H2S,4.0,SCGU+3P-H2S,1182.173007,1182.173,1183.180832,1183.1808,XCGU+3P,1239.243432,1255.1431440000001,1347.18642
S,1,0,0,1,1,3,_H2S,4.0,SASU+3P-H2S,1183.139265,1183.1393,1184.14709,1184.1471,XASU+3P,1240.20969,1256.109402,1348.152678
S,0,0,1,0,2,3,_H2S,4.0,SGUU+3P-H2S,1183.157023,1183.157,1184.164848,1184.1648,XGUU+3P,1240.2274479999999,1256.12716,1348.1704359999999
S,1,1,1,0,0,3,_H2S_H2O,4.0,SACG+3P-H2S-H2O,1187.189659,1187.1897,1188.1974839999998,1188.1975,XACG+3P,1244.2600839999998,1260.159796,1352.2030719999998
S,2,0,0,1,0,3,_H2S_H2O,4.0,SAAS+3P-H2S-H2O,1188.155917,1188.1559,1189.163742,1189.1637,XAAS+3P,1245.226342,1261.1260539999998,1353.16933
S,1,0,1,0,1,3,_H2S_H2O,4.0,SAGU+3P-H2S-H2O,1188.173675,1188.1737,1189.1815,1189.1815,XAGU+3P,1245.2441,1261.1438119999998,1353.187088
S,2,1,0,0,0,3,_H2S,4.0,SAAC+3P-H2S,1189.205309,1189.2053,1190.213134,1190.2131,XAAC+3P,1246.275734,1262.1754460000002,1354.218722
S,2,0,0,0,1,3,_H2S,4.0,SAAU+3P-H2S,1190.189325,1190.1893,1191.19715,1191.1972,XAAU+3P,1247.25975,1263.159462,1355.202738
S,0,0,0,3,0,3,_H2S,4.0,SSSS+3P-H2S,1192.066362,1192.0664,1193.074187,1193.0742,XSSS+3P,1249.136787,1265.0364989999998,1357.079775
S,3,0,0,0,0,3,_H2S_H2O,4.0,SAAA+3P-H2S-H2O,1195.205977,1195.206,1196.213802,1196.2138,XAAA+3P,1252.276402,1268.1761139999999,1360.21939
S,0,0,1,2,0,3,_H2S_H2O,4.0,SGSS+3P-H2S-H2O,1197.100772,1197.1008,1198.108597,1198.1086,XGSS+3P,1254.171197,1270.070909,1362.114185
S,0,1,1,1,0,3,_H2S,4.0,SCGS+3P-H2S,1198.150164,1198.1502,1199.1579889999998,1199.158,XCGS+3P,1255.2205889999998,1271.120301,1363.1635769999998
S,1,0,0,2,0,3,_H2S,4.0,SASS+3P-H2S,1199.116422,1199.1164,1200.124247,1200.1242,XASS+3P,1256.186847,1272.0865589999999,1364.129835
S,0,0,1,1,1,3,_H2S,4.0,SGSU+3P-H2S,1199.13418,1199.1342,1200.142005,1200.142,XGSU+3P,1256.204605,1272.1043169999998,1364.147593
S,0,3,0,0,0,4,_H2S_H2O,4.0,SCCC+4P-H2S-H2O,1203.138611,1203.1386,1204.146436,1204.1464,XCCC+4P,1260.209036,1276.108748,1368.152024
S,0,1,2,0,0,3,_H2S_H2O,4.0,SCGG+3P-H2S-H2O,1203.184574,1203.1846,1204.192399,1204.1924,XCGG+3P,1260.254999,1276.1547110000001,1368.197987
S,0,2,0,0,1,4,_H2S_H2O,4.0,SCCU+4P-H2S-H2O,1204.122627,1204.1226,1205.130452,1205.1305,XCCU+4P,1261.193052,1277.092764,1369.13604
S,1,0,1,1,0,3,_H2S_H2O,4.0,SAGS+3P-H2S-H2O,1204.150832,1204.1508,1205.158657,1205.1587,XAGS+3P,1261.221257,1277.120969,1369.164245
S,0,0,2,0,1,3,_H2S_H2O,4.0,SGGU+3P-H2S-H2O,1204.16859,1204.1686,1205.176415,1205.1764,XGGU+3P,1261.2390149999999,1277.138727,1369.182003
S,0,1,0,0,2,4,_H2S_H2O,4.0,SCUU+4P-H2S-H2O,1205.106643,1205.1066,1206.114468,1206.1145,XCUU+4P,1262.177068,1278.0767799999999,1370.120056
S,1,1,1,0,0,3,_H2S,4.0,SACG+3P-H2S,1205.200224,1205.2002,1206.2080489999998,1206.208,XACG+3P,1262.2706489999998,1278.170361,1370.2136369999998
S,0,0,0,0,3,4,_H2S_H2O,4.0,SUUU+4P-H2S-H2O,1206.090659,1206.0907,1207.098484,1207.0985,XUUU+4P,1263.161084,1279.0607960000002,1371.104072
S,2,0,0,1,0,3,_H2S,4.0,SAAS+3P-H2S,1206.166482,1206.1665,1207.174307,1207.1743,XAAS+3P,1263.236907,1279.1366189999999,1371.179895
S,1,0,1,0,1,3,_H2S,4.0,SAGU+3P-H2S,1206.18424,1206.1842,1207.192065,1207.1921,XAGU+3P,1263.254665,1279.1543769999998,1371.197653
S,2,0,1,0,0,3,_H2S_H2O,4.0,SAAG+3P-H2S-H2O,1211.200892,1211.2009,1212.208717,1212.2087,XAAG+3P,1268.271317,1284.171029,1376.214305
S,3,0,0,0,0,3,_H2S,4.0,SAAA+3P-H2S,1213.216542,1213.2165,1214.2243669999998,1214.2244,XAAA+3P,1270.2869669999998,1286.186679,1378.2299549999998
S,0,0,1,2,0,3,_H2S,4.0,SGSS+3P-H2S,1215.111337,1215.1113,1216.119162,1216.1192,XGSS+3P,1272.181762,1288.081474,1380.12475
S,0,2,0,1,0,4,_H2S_H2O,4.0,SCCS+4P-H2S-H2O,1220.099784,1220.0998,1221.107609,1221.1076,XCCS+4P,1277.1702089999999,1293.0699209999998,1385.113197
S,0,0,2,1,0,3,_H2S_H2O,4.0,SGGS+3P-H2S-H2O,1220.145747,1220.1457,1221.153572,1221.1536,XGGS+3P,1277.216172,1293.1158839999998,1385.15916
S,0,1,0,1,1,4,_H2S_H2O,4.0,SCSU+4P-H2S-H2O,1221.0838,1221.0838,1222.091625,1222.0916,XCSU+4P,1278.154225,1294.0539370000001,1386.097213
S,0,3,0,0,0,4,_H2S,4.0,SCCC+4P-H2S,1221.149176,1221.1492,1222.1570009999998,1222.157,XCCC+4P,1278.2196009999998,1294.1193129999997,1386.1625889999998
S,0,1,2,0,0,3,_H2S,4.0,SCGG+3P-H2S,1221.195139,1221.1951,1222.2029639999998,1222.203,XCGG+3P,1278.2655639999998,1294.1652759999997,1386.2085519999998
S,0,0,0,1,2,4,_H2S_H2O,4.0,SSUU+4P-H2S-H2O,1222.067816,1222.0678,1223.075641,1223.0756,XSUU+4P,1279.1382409999999,1295.037953,1387.081229
S,0,2,0,0,1,4,_H2S,4.0,SCCU+4P-H2S,1222.133192,1222.1332,1223.141017,1223.141,XCCU+4P,1279.203617,1295.103329,1387.146605
S,1,0,1,1,0,3,_H2S,4.0,SAGS+3P-H2S,1222.161397,1222.1614,1223.169222,1223.1692,XAGS+3P,1279.231822,1295.131534,1387.17481
S,0,0,2,0,1,3,_H2S,4.0,SGGU+3P-H2S,1222.179155,1222.1792,1223.18698,1223.187,XGGU+3P,1279.24958,1295.149292,1387.192568
S,0,1,0,0,2,4,_H2S,4.0,SCUU+4P-H2S,1223.117208,1223.1172,1224.1250329999998,1224.125,XCUU+4P,1280.1876329999998,1296.087345,1388.1306209999998
S,0,0,0,0,3,4,_H2S,4.0,SUUU+4P-H2S,1224.101224,1224.1012,1225.109049,1225.109,XUUU+4P,1281.171649,1297.0713609999998,1389.114637
S,1,2,0,0,0,4,_H2S_H2O,4.0,SACC+4P-H2S-H2O,1227.149844,1227.1498,1228.157669,1228.1577,XACC+4P,1284.220269,1300.1199809999998,1392.163257
S,1,0,2,0,0,3,_H2S_H2O,4.0,SAGG+3P-H2S-H2O,1227.195807,1227.1958,1228.203632,1228.2036,XAGG+3P,1284.266232,1300.1659439999999,1392.20922
S,1,1,0,0,1,4,_H2S_H2O,4.0,SACU+4P-H2S-H2O,1228.13386,1228.1339,1229.1416849999998,1229.1417,XACU+4P,1285.2042849999998,1301.1039969999997,1393.1472729999998
S,1,0,0,0,2,4,_H2S_H2O,4.0,SAUU+4P-H2S-H2O,1229.117876,1229.1179,1230.125701,1230.1257,XAUU+4P,1286.188301,1302.088013,1394.131289
S,2,0,1,0,0,3,_H2S,4.0,SAAG+3P-H2S,1229.211457,1229.2115,1230.219282,1230.2193,XAAG+3P,1286.281882,1302.1815940000001,1394.22487
S,0,1,0,2,0,4,_H2S_H2O,4.0,SCSS+4P-H2S-H2O,1237.060957,1237.061,1238.0687819999998,1238.0688,XCSS+4P,1294.1313819999998,1310.031094,1402.0743699999998
S,0,0,0,2,1,4,_H2S_H2O,4.0,SSSU+4P-H2S-H2O,1238.044973,1238.045,1239.052798,1239.0528,XSSU+4P,1295.115398,1311.0151099999998,1403.058386
S,0,2,0,1,0,4,_H2S,4.0,SCCS+4P-H2S,1238.110349,1238.1103,1239.118174,1239.1182,XCCS+4P,1295.180774,1311.0804859999998,1403.123762
S,0,0,2,1,0,3,_H2S,4.0,SGGS+3P-H2S,1238.156312,1238.1563,1239.164137,1239.1641,XGGS+3P,1295.226737,1311.1264489999999,1403.169725
S,0,1,0,1,1,4,_H2S,4.0,SCSU+4P-H2S,1239.094365,1239.0944,1240.1021899999998,1240.1022,XCSU+4P,1296.1647899999998,1312.0645019999997,1404.1077779999998
S,0,0,0,1,2,4,_H2S,4.0,SSUU+4P-H2S,1240.078381,1240.0784,1241.086206,1241.0862,XSUU+4P,1297.148806,1313.048518,1405.091794
S,0,2,1,0,0,4,_H2S_H2O,4.0,SCCG+4P-H2S-H2O,1243.144759,1243.1448,1244.152584,1244.1526,XCCG+4P,1300.215184,1316.114896,1408.158172
S,0,0,3,0,0,3,_H2S_H2O,4.0,SGGG+3P-H2S-H2O,1243.190722,1243.1907,1244.198547,1244.1985,XGGG+3P,1300.261147,1316.160859,1408.204135
S,1,1,0,1,0,4,_H2S_H2O,4.0,SACS+4P-H2S-H2O,1244.111017,1244.111,1245.118842,1245.1188,XACS+4P,1301.181442,1317.081154,1409.12443
S,0,1,1,0,1,4,_H2S_H2O,4.0,SCGU+4P-H2S-H2O,1244.128775,1244.1288,1245.1365999999998,1245.1366,XCGU+4P,1301.1991999999998,1317.098912,1409.1421879999998
S,1,0,0,1,1,4,_H2S_H2O,4.0,SASU+4P-H2S-H2O,1245.095033,1245.095,1246.102858,1246.1029,XASU+4P,1302.165458,1318.0651699999999,1410.108446
S,0,0,1,0,2,4,_H2S_H2O,4.0,SGUU+4P-H2S-H2O,1245.112791,1245.1128,1246.120616,1246.1206,XGUU+4P,1302.183216,1318.0829279999998,1410.126204
S,1,2,0,0,0,4,_H2S,4.0,SACC+4P-H2S,1245.160409,1245.1604,1246.168234,1246.1682,XACC+4P,1302.230834,1318.1305459999999,1410.173822
S,1,0,2,0,0,3,_H2S,4.0,SAGG+3P-H2S,1245.206372,1245.2064,1246.214197,1246.2142,XAGG+3P,1302.276797,1318.176509,1410.219785
S,1,1,0,0,1,4,_H2S,4.0,SACU+4P-H2S,1246.144425,1246.1444,1247.15225,1247.1522,XACU+4P,1303.21485,1319.1145620000002,1411.157838
S,1,0,0,0,2,4,_H2S,4.0,SAUU+4P-H2S,1247.128441,1247.1284,1248.136266,1248.1363,XAUU+4P,1304.198866,1320.098578,1412.141854
S,2,1,0,0,0,4,_H2S_H2O,4.0,SAAC+4P-H2S-H2O,1251.161077,1251.1611,1252.168902,1252.1689,XAAC+4P,1308.2315019999999,1324.131214,1416.1744899999999
S,2,0,0,0,1,4,_H2S_H2O,4.0,SAAU+4P-H2S-H2O,1252.145093,1252.1451,1253.152918,1253.1529,XAAU+4P,1309.215518,1325.1152299999999,1417.158506
S,0,0,0,3,0,4,_H2S_H2O,4.0,SSSS+4P-H2S-H2O,1254.02213,1254.0221,1255.029955,1255.03,XSSS+4P,1311.092555,1326.992267,1419.035543
S,0,1,0,2,0,4,_H2S,4.0,SCSS+4P-H2S,1255.071522,1255.0715,1256.079347,1256.0793,XCSS+4P,1312.141947,1328.041659,1420.084935
S,0,0,0,2,1,4,_H2S,4.0,SSSU+4P-H2S,1256.055538,1256.0555,1257.063363,1257.0634,XSSU+4P,1313.125963,1329.0256749999999,1421.068951
S,0,1,1,1,0,4,_H2S_H2O,4.0,SCGS+4P-H2S-H2O,1260.105932,1260.1059,1261.113757,1261.1138,XCGS+4P,1317.176357,1333.0760690000002,1425.119345
S,1,0,0,2,0,4,_H2S_H2O,4.0,SASS+4P-H2S-H2O,1261.07219,1261.0722,1262.080015,1262.08,XASS+4P,1318.142615,1334.0423270000001,1426.085603
S,0,0,1,1,1,4,_H2S_H2O,4.0,SGSU+4P-H2S-H2O,1261.089948,1261.0899,1262.097773,1262.0978,XGSU+4P,1318.160373,1334.060085,1426.103361
S,0,2,1,0,0,4,_H2S,4.0,SCCG+4P-H2S,1261.155324,1261.1553,1262.163149,1262.1631,XCCG+4P,1318.225749,1334.125461,1426.168737
S,0,0,3,0,0,3,_H2S,4.0,SGGG+3P-H2S,1261.201287,1261.2013,1262.209112,1262.2091,XGGG+3P,1318.271712,1334.1714240000001,1426.2147
S,1,1,0,1,0,4,_H2S,4.0,SACS+4P-H2S,1262.121582,1262.1216,1263.129407,1263.1294,XACS+4P,1319.1920069999999,1335.091719,1427.134995
S,0,1,1,0,1,4,_H2S,4.0,SCGU+4P-H2S,1262.13934,1262.1393,1263.147165,1263.1472,XCGU+4P,1319.209765,1335.109477,1427.152753
S,1,0,0,1,1,4,_H2S,4.0,SASU+4P-H2S,1263.105598,1263.1056,1264.113423,1264.1134,XASU+4P,1320.176023,1336.075735,1428.119011
S,0,0,1,0,2,4,_H2S,4.0,SGUU+4P-H2S,1263.123356,1263.1234,1264.131181,1264.1312,XGUU+4P,1320.193781,1336.0934929999999,1428.136769
S,1,1,1,0,0,4,_H2S_H2O,4.0,SACG+4P-H2S-H2O,1267.155992,1267.156,1268.163817,1268.1638,XACG+4P,1324.226417,1340.1261290000002,1432.169405
S,2,0,0,1,0,4,_H2S_H2O,4.0,SAAS+4P-H2S-H2O,1268.12225,1268.1222,1269.1300749999998,1269.1301,XAAS+4P,1325.1926749999998,1341.0923869999997,1433.1356629999998
S,1,0,1,0,1,4,_H2S_H2O,4.0,SAGU+4P-H2S-H2O,1268.140008,1268.14,1269.147833,1269.1478,XAGU+4P,1325.210433,1341.110145,1433.153421
S,2,1,0,0,0,4,_H2S,4.0,SAAC+4P-H2S,1269.171642,1269.1716,1270.179467,1270.1795,XAAC+4P,1326.242067,1342.141779,1434.185055
S,2,0,0,0,1,4,_H2S,4.0,SAAU+4P-H2S,1270.155658,1270.1557,1271.1634829999998,1271.1635,XAAU+4P,1327.2260829999998,1343.125795,1435.1690709999998
S,0,0,0,3,0,4,_H2S,4.0,SSSS+4P-H2S,1272.032695,1272.0327,1273.04052,1273.0405,XSSS+4P,1329.10312,1345.0028320000001,1437.046108
S,3,0,0,0,0,4,_H2S_H2O,4.0,SAAA+4P-H2S-H2O,1275.17231,1275.1723,1276.1801349999998,1276.1801,XAAA+4P,1332.2427349999998,1348.1424469999997,1440.1857229999998
S,0,0,1,2,0,4,_H2S_H2O,4.0,SGSS+4P-H2S-H2O,1277.067105,1277.0671,1278.07493,1278.0749,XGSS+4P,1334.13753,1350.0372419999999,1442.080518
S,0,1,1,1,0,4,_H2S,4.0,SCGS+4P-H2S,1278.116497,1278.1165,1279.124322,1279.1243,XCGS+4P,1335.1869219999999,1351.0866339999998,1443.1299099999999
S,1,0,0,2,0,4,_H2S,4.0,SASS+4P-H2S,1279.082755,1279.0828,1280.0905799999998,1280.0906,XASS+4P,1336.1531799999998,1352.0528919999997,1444.0961679999998
S,0,0,1,1,1,4,_H2S,4.0,SGSU+4P-H2S,1279.100513,1279.1005,1280.108338,1280.1083,XGSU+4P,1336.170938,1352.0706500000001,1444.113926
S,0,3,0,0,0,5,_H2S_H2O,4.0,SCCC+5P-H2S-H2O,1283.104944,1283.1049,1284.1127689999998,1284.1128,XCCC+5P,1340.1753689999998,1356.075081,1448.1183569999998
S,0,1,2,0,0,4,_H2S_H2O,4.0,SCGG+4P-H2S-H2O,1283.150907,1283.1509,1284.158732,1284.1587,XCGG+4P,1340.221332,1356.121044,1448.16432
S,0,2,0,0,1,5,_H2S_H2O,4.0,SCCU+5P-H2S-H2O,1284.08896,1284.089,1285.096785,1285.0968,XCCU+5P,1341.159385,1357.0590969999998,1449.102373
S,1,0,1,1,0,4,_H2S_H2O,4.0,SAGS+4P-H2S-H2O,1284.117165,1284.1172,1285.12499,1285.125,XAGS+4P,1341.18759,1357.087302,1449.130578
S,0,0,2,0,1,4,_H2S_H2O,4.0,SGGU+4P-H2S-H2O,1284.134923,1284.1349,1285.142748,1285.1427,XGGU+4P,1341.205348,1357.1050599999999,1449.148336
S,0,1,0,0,2,5,_H2S_H2O,4.0,SCUU+5P-H2S-H2O,1285.072976,1285.073,1286.0808009999998,1286.0808,XCUU+5P,1342.1434009999998,1358.0431129999997,1450.0863889999998
S,1,1,1,0,0,4,_H2S,4.0,SACG+4P-H2S,1285.166557,1285.1666,1286.174382,1286.1744,XACG+4P,1342.236982,1358.1366939999998,1450.17997
S,0,0,0,0,3,5,_H2S_H2O,4.0,SUUU+5P-H2S-H2O,1286.056992,1286.057,1287.064817,1287.0648,XUUU+5P,1343.127417,1359.027129,1451.070405
S,2,0,0,1,0,4,_H2S,4.0,SAAS+4P-H2S,1286.132815,1286.1328,1287.1406399999998,1287.1406,XAAS+4P,1343.2032399999998,1359.1029519999997,1451.1462279999998
S,1,0,1,0,1,4,_H2S,4.0,SAGU+4P-H2S,1286.150573,1286.1506,1287.1583979999998,1287.1584,XAGU+4P,1343.2209979999998,1359.1207099999997,1451.1639859999998
S,2,0,1,0,0,4,_H2S_H2O,4.0,SAAG+4P-H2S-H2O,1291.167225,1291.1672,1292.1750499999998,1292.175,XAAG+4P,1348.2376499999998,1364.137362,1456.1806379999998
S,3,0,0,0,0,4,_H2S,4.0,SAAA+4P-H2S,1293.182875,1293.1829,1294.1907,1294.1907,XAAA+4P,1350.2533,1366.1530120000002,1458.196288
S,0,0,1,2,0,4,_H2S,4.0,SGSS+4P-H2S,1295.07767,1295.0777,1296.0854949999998,1296.0855,XGSS+4P,1352.1480949999998,1368.047807,1460.0910829999998
S,0,2,0,1,0,5,_H2S_H2O,4.0,SCCS+5P-H2S-H2O,1300.066117,1300.0661,1301.073942,1301.0739,XCCS+5P,1357.136542,1373.036254,1465.07953
S,0,0,2,1,0,4,_H2S_H2O,4.0,SGGS+4P-H2S-H2O,1300.11208,1300.1121,1301.119905,1301.1199,XGGS+4P,1357.182505,1373.0822170000001,1465.125493
S,0,1,0,1,1,5,_H2S_H2O,4.0,SCSU+5P-H2S-H2O,1301.050133,1301.0501,1302.057958,1302.058,XCSU+5P,1358.120558,1374.02027,1466.063546
S,0,3,0,0,0,5,_H2S,4.0,SCCC+5P-H2S,1301.115509,1301.1155,1302.123334,1302.1233,XCCC+5P,1358.185934,1374.085646,1466.128922
S,0,1,2,0,0,4,_H2S,4.0,SCGG+4P-H2S,1301.161472,1301.1615,1302.169297,1302.1693,XCGG+4P,1358.231897,1374.131609,1466.174885
S,0,0,0,1,2,5,_H2S_H2O,4.0,SSUU+5P-H2S-H2O,1302.034149,1302.0341,1303.041974,1303.042,XSUU+5P,1359.104574,1375.0042859999999,1467.047562
S,0,2,0,0,1,5,_H2S,4.0,SCCU+5P-H2S,1302.099525,1302.0995,1303.10735,1303.1074,XCCU+5P,1359.16995,1375.0696619999999,1467.112938
S,1,0,1,1,0,4,_H2S,4.0,SAGS+4P-H2S,1302.12773,1302.1277,1303.1355549999998,1303.1356,XAGS+4P,1359.1981549999998,1375.097867,1467.1411429999998
S,0,0,2,0,1,4,_H2S,4.0,SGGU+4P-H2S,1302.145488,1302.1455,1303.1533129999998,1303.1533,XGGU+4P,1359.2159129999998,1375.115625,1467.1589009999998
S,0,1,0,0,2,5,_H2S,4.0,SCUU+5P-H2S,1303.083541,1303.0835,1304.091366,1304.0914,XCUU+5P,1360.153966,1376.0536780000002,1468.096954
S,0,0,0,0,3,5,_H2S,4.0,SUUU+5P-H2S,1304.067557,1304.0676,1305.075382,1305.0754,XUUU+5P,1361.137982,1377.037694,1469.08097
S,1,2,0,0,0,5,_H2S_H2O,4.0,SACC+5P-H2S-H2O,1307.116177,1307.1162,1308.124002,1308.124,XACC+5P,1364.186602,1380.0863140000001,1472.12959
S,1,0,2,0,0,4,_H2S_H2O,4.0,SAGG+4P-H2S-H2O,1307.16214,1307.1621,1308.1699649999998,1308.17,XAGG+4P,1364.2325649999998,1380.1322769999997,1472.1755529999998
S,1,1,0,0,1,5,_H2S_H2O,4.0,SACU+5P-H2S-H2O,1308.100193,1308.1002,1309.108018,1309.108,XACU+5P,1365.1706179999999,1381.07033,1473.113606
S,1,0,0,0,2,5,_H2S_H2O,4.0,SAUU+5P-H2S-H2O,1309.084209,1309.0842,1310.092034,1310.092,XAUU+5P,1366.154634,1382.054346,1474.097622
S,2,0,1,0,0,4,_H2S,4.0,SAAG+4P-H2S,1309.17779,1309.1778,1310.185615,1310.1856,XAAG+4P,1366.248215,1382.147927,1474.191203
S,0,1,0,2,0,5,_H2S_H2O,4.0,SCSS+5P-H2S-H2O,1317.02729,1317.0273,1318.035115,1318.0351,XCSS+5P,1374.0977149999999,1389.9974269999998,1482.040703
S,0,0,0,2,1,5,_H2S_H2O,4.0,SSSU+5P-H2S-H2O,1318.011306,1318.0113,1319.019131,1319.0191,XSSU+5P,1375.081731,1390.9814430000001,1483.024719
S,0,2,0,1,0,5,_H2S,4.0,SCCS+5P-H2S,1318.076682,1318.0767,1319.0845069999998,1319.0845,XCCS+5P,1375.1471069999998,1391.0468189999997,1483.0900949999998
S,0,0,2,1,0,4,_H2S,4.0,SGGS+4P-H2S,1318.122645,1318.1226,1319.1304699999998,1319.1305,XGGS+4P,1375.1930699999998,1391.0927819999997,1483.1360579999998
S,0,1,0,1,1,5,_H2S,4.0,SCSU+5P-H2S,1319.060698,1319.0607,1320.068523,1320.0685,XCSU+5P,1376.131123,1392.030835,1484.074111
S,0,0,0,1,2,5,_H2S,4.0,SSUU+5P-H2S,1320.044714,1320.0447,1321.052539,1321.0525,XSUU+5P,1377.115139,1393.014851,1485.058127
S,0,2,1,0,0,5,_H2S_H2O,4.0,SCCG+5P-H2S-H2O,1323.111092,1323.1111,1324.118917,1324.1189,XCCG+5P,1380.181517,1396.081229,1488.124505
S,0,0,3,0,0,4,_H2S_H2O,4.0,SGGG+4P-H2S-H2O,1323.157055,1323.1571,1324.1648799999998,1324.1649,XGGG+4P,1380.2274799999998,1396.127192,1488.1704679999998
S,1,1,0,1,0,5,_H2S_H2O,4.0,SACS+5P-H2S-H2O,1324.07735,1324.0774,1325.085175,1325.0852,XACS+5P,1381.147775,1397.0474869999998,1489.090763
S,0,1,1,0,1,5,_H2S_H2O,4.0,SCGU+5P-H2S-H2O,1324.095108,1324.0951,1325.102933,1325.1029,XCGU+5P,1381.1655329999999,1397.0652449999998,1489.1085209999999
S,1,0,0,1,1,5,_H2S_H2O,4.0,SASU+5P-H2S-H2O,1325.061366,1325.0614,1326.0691909999998,1326.0692,XASU+5P,1382.1317909999998,1398.0315029999997,1490.0747789999998
S,0,0,1,0,2,5,_H2S_H2O,4.0,SGUU+5P-H2S-H2O,1325.079124,1325.0791,1326.086949,1326.0869,XGUU+5P,1382.149549,1398.0492610000001,1490.092537
S,1,2,0,0,0,5,_H2S,4.0,SACC+5P-H2S,1325.126742,1325.1267,1326.1345669999998,1326.1346,XACC+5P,1382.1971669999998,1398.0968789999997,1490.1401549999998
S,1,0,2,0,0,4,_H2S,4.0,SAGG+4P-H2S,1325.172705,1325.1727,1326.18053,1326.1805,XAGG+4P,1382.24313,1398.1428420000002,1490.186118
S,1,1,0,0,1,5,_H2S,4.0,SACU+5P-H2S,1326.110758,1326.1108,1327.118583,1327.1186,XACU+5P,1383.181183,1399.080895,1491.124171
S,1,0,0,0,2,5,_H2S,4.0,SAUU+5P-H2S,1327.094774,1327.0948,1328.1025989999998,1328.1026,XAUU+5P,1384.1651989999998,1400.064911,1492.1081869999998
S,2,1,0,0,0,5,_H2S_H2O,4.0,SAAC+5P-H2S-H2O,1331.12741,1331.1274,1332.135235,1332.1352,XAAC+5P,1388.197835,1404.0975469999998,1496.140823
S,2,0,0,0,1,5,_H2S_H2O,4.0,SAAU+5P-H2S-H2O,1332.111426,1332.1114,1333.1192509999998,1333.1193,XAAU+5P,1389.1818509999998,1405.0815629999997,1497.1248389999998
S,0,0,0,3,0,5,_H2S_H2O,4.0,SSSS+5P-H2S-H2O,1333.988463,1333.9885,1334.9962879999998,1334.9963,XSSS+5P,1391.0588879999998,1406.9586,1499.0018759999998
S,0,1,0,2,0,5,_H2S,4.0,SCSS+5P-H2S,1335.037855,1335.0379,1336.04568,1336.0457,XCSS+5P,1392.10828,1408.0079919999998,1500.051268
S,0,0,0,2,1,5,_H2S,4.0,SSSU+5P-H2S,1336.021871,1336.0219,1337.0296959999998,1337.0297,XSSU+5P,1393.0922959999998,1408.9920079999997,1501.0352839999998
S,0,1,1,1,0,5,_H2S_H2O,4.0,SCGS+5P-H2S-H2O,1340.072265,1340.0723,1341.08009,1341.0801,XCGS+5P,1397.14269,1413.042402,1505.085678
S,1,0,0,2,0,5,_H2S_H2O,4.0,SASS+5P-H2S-H2O,1341.038523,1341.0385,1342.046348,1342.0463,XASS+5P,1398.108948,1414.00866,1506.051936
S,0,0,1,1,1,5,_H2S_H2O,4.0,SGSU+5P-H2S-H2O,1341.056281,1341.0563,1342.0641059999998,1342.0641,XGSU+5P,1398.1267059999998,1414.026418,1506.0696939999998
S,0,2,1,0,0,5,_H2S,4.0,SCCG+5P-H2S,1341.121657,1341.1217,1342.1294819999998,1342.1295,XCCG+5P,1398.1920819999998,1414.091794,1506.1350699999998
S,0,0,3,0,0,4,_H2S,4.0,SGGG+4P-H2S,1341.16762,1341.1676,1342.175445,1342.1754,XGGG+4P,1398.238045,1414.137757,1506.181033
S,1,1,0,1,0,5,_H2S,4.0,SACS+5P-H2S,1342.087915,1342.0879,1343.09574,1343.0957,XACS+5P,1399.15834,1415.0580519999999,1507.101328
S,0,1,1,0,1,5,_H2S,4.0,SCGU+5P-H2S,1342.105673,1342.1057,1343.113498,1343.1135,XCGU+5P,1399.176098,1415.0758099999998,1507.119086
S,1,0,0,1,1,5,_H2S,4.0,SASU+5P-H2S,1343.071931,1343.0719,1344.079756,1344.0798,XASU+5P,1400.142356,1416.0420680000002,1508.085344
S,0,0,1,0,2,5,_H2S,4.0,SGUU+5P-H2S,1343.089689,1343.0897,1344.0975139999998,1344.0975,XGUU+5P,1400.1601139999998,1416.0598259999997,1508.1031019999998
S,1,1,1,0,0,5,_H2S_H2O,4.0,SACG+5P-H2S-H2O,1347.122325,1347.1223,1348.13015,1348.1302,XACG+5P,1404.19275,1420.092462,1512.135738
S,2,0,0,1,0,5,_H2S_H2O,4.0,SAAS+5P-H2S-H2O,1348.088583,1348.0886,1349.096408,1349.0964,XAAS+5P,1405.159008,1421.05872,1513.101996
S,1,0,1,0,1,5,_H2S_H2O,4.0,SAGU+5P-H2S-H2O,1348.106341,1348.1063,1349.1141659999998,1349.1142,XAGU+5P,1405.1767659999998,1421.076478,1513.1197539999998
S,2,1,0,0,0,5,_H2S,4.0,SAAC+5P-H2S,1349.137975,1349.138,1350.1458,1350.1458,XAAC+5P,1406.2084,1422.108112,1514.151388
S,2,0,0,0,1,5,_H2S,4.0,SAAU+5P-H2S,1350.121991,1350.122,1351.129816,1351.1298,XAAU+5P,1407.1924159999999,1423.0921279999998,1515.1354039999999
S,0,0,0,3,0,5,_H2S,4.0,SSSS+5P-H2S,1351.999028,1351.999,1353.006853,1353.0069,XSSS+5P,1409.069453,1424.969165,1517.012441
S,3,0,0,0,0,5,_H2S_H2O,4.0,SAAA+5P-H2S-H2O,1355.138643,1355.1386,1356.146468,1356.1465,XAAA+5P,1412.209068,1428.10878,1520.152056
S,0,0,1,2,0,5,_H2S_H2O,4.0,SGSS+5P-H2S-H2O,1357.033438,1357.0334,1358.0412629999998,1358.0413,XGSS+5P,1414.1038629999998,1430.0035749999997,1522.0468509999998
S,0,1,1,1,0,5,_H2S,4.0,SCGS+5P-H2S,1358.08283,1358.0828,1359.090655,1359.0907,XCGS+5P,1415.153255,1431.052967,1523.096243
S,1,0,0,2,0,5,_H2S,4.0,SASS+5P-H2S,1359.049088,1359.0491,1360.056913,1360.0569,XASS+5P,1416.1195129999999,1432.019225,1524.0625009999999
S,0,0,1,1,1,5,_H2S,4.0,SGSU+5P-H2S,1359.066846,1359.0668,1360.074671,1360.0747,XGSU+5P,1416.137271,1432.036983,1524.080259
S,0,1,2,0,0,5,_H2S_H2O,4.0,SCGG+5P-H2S-H2O,1363.11724,1363.1172,1364.125065,1364.1251,XCGG+5P,1420.187665,1436.0873769999998,1528.130653
S,1,0,1,1,0,5,_H2S_H2O,4.0,SAGS+5P-H2S-H2O,1364.083498,1364.0835,1365.091323,1365.0913,XAGS+5P,1421.153923,1437.0536350000002,1529.096911
S,0,0,2,0,1,5,_H2S_H2O,4.0,SGGU+5P-H2S-H2O,1364.101256,1364.1013,1365.1090809999998,1365.1091,XGGU+5P,1421.1716809999998,1437.0713929999997,1529.1146689999998
S,1,1,1,0,0,5,_H2S,4.0,SACG+5P-H2S,1365.13289,1365.1329,1366.140715,1366.1407,XACG+5P,1422.203315,1438.103027,1530.146303
S,2,0,0,1,0,5,_H2S,4.0,SAAS+5P-H2S,1366.099148,1366.0991,1367.106973,1367.107,XAAS+5P,1423.169573,1439.069285,1531.112561
S,1,0,1,0,1,5,_H2S,4.0,SAGU+5P-H2S,1366.116906,1366.1169,1367.124731,1367.1247,XAGU+5P,1423.187331,1439.087043,1531.130319
S,2,0,1,0,0,5,_H2S_H2O,4.0,SAAG+5P-H2S-H2O,1371.133558,1371.1336,1372.141383,1372.1414,XAAG+5P,1428.2039829999999,1444.1036949999998,1536.146971
S,3,0,0,0,0,5,_H2S,4.0,SAAA+5P-H2S,1373.149208,1373.1492,1374.157033,1374.157,XAAA+5P,1430.219633,1446.119345,1538.162621
S,0,0,1,2,0,5,_H2S,4.0,SGSS+5P-H2S,1375.044003,1375.044,1376.051828,1376.0518,XGSS+5P,1432.1144279999999,1448.0141399999998,1540.0574159999999
S,0,0,2,1,0,5,_H2S_H2O,4.0,SGGS+5P-H2S-H2O,1380.078413,1380.0784,1381.086238,1381.0862,XGGS+5P,1437.148838,1453.04855,1545.091826
S,0,1,2,0,0,5,_H2S,4.0,SCGG+5P-H2S,1381.127805,1381.1278,1382.13563,1382.1356,XCGG+5P,1438.19823,1454.0979419999999,1546.141218
S,1,0,1,1,0,5,_H2S,4.0,SAGS+5P-H2S,1382.094063,1382.0941,1383.101888,1383.1019,XAGS+5P,1439.164488,1455.0641999999998,1547.107476
S,0,0,2,0,1,5,_H2S,4.0,SGGU+5P-H2S,1382.111821,1382.1118,1383.119646,1383.1196,XGGU+5P,1439.182246,1455.0819580000002,1547.125234
S,1,0,2,0,0,5,_H2S_H2O,4.0,SAGG+5P-H2S-H2O,1387.128473,1387.1285,1388.136298,1388.1363,XAGG+5P,1444.1988979999999,1460.09861,1552.1418859999999
S,2,0,1,0,0,5,_H2S,4.0,SAAG+5P-H2S,1389.144123,1389.1441,1390.151948,1390.1519,XAAG+5P,1446.214548,1462.1142599999998,1554.157536
S,0,0,2,1,0,5,_H2S,4.0,SGGS+5P-H2S,1398.088978,1398.089,1399.096803,1399.0968,XGGS+5P,1455.1594029999999,1471.059115,1563.102391
S,0,0,3,0,0,5,_H2S_H2O,4.0,SGGG+5P-H2S-H2O,1403.123388,1403.1234,1404.131213,1404.1312,XGGG+5P,1460.1938129999999,1476.0935249999998,1568.1368009999999
S,1,0,2,0,0,5,_H2S,4.0,SAGG+5P-H2S,1405.139038,1405.139,1406.146863,1406.1469,XAGG+5P,1462.209463,1478.109175,1570.152451
S,0,0,3,0,0,5,_H2S,4.0,SGGG+5P-H2S,1421.133953,1421.134,1422.141778,1422.1418,XGGG+5P,1478.204378,1494.1040899999998,1586.147366
S,0,4,0,0,0,4,_H2S_H2O,5.0,SCCCC+4P-H2S-H2O,1428.213568,1428.2136,1429.2213929999998,1429.2214,XCCCC+4P,1499.2996429999998,1519.1742829999998,1634.2283779999998
S,0,3,0,0,1,4,_H2S_H2O,5.0,SCCCU+4P-H2S-H2O,1429.197584,1429.1976,1430.205409,1430.2054,XCCCU+4P,1500.283659,1520.158299,1635.212394
S,0,2,0,0,2,4,_H2S_H2O,5.0,SCCUU+4P-H2S-H2O,1430.1816,1430.1816,1431.1894249999998,1431.1894,XCCUU+4P,1501.2676749999998,1521.1423149999998,1636.1964099999998
S,0,1,0,0,3,4,_H2S_H2O,5.0,SCUUU+4P-H2S-H2O,1431.165616,1431.1656,1432.173441,1432.1734,XCUUU+4P,1502.251691,1522.126331,1637.180426
S,0,0,0,0,4,4,_H2S_H2O,5.0,SUUUU+4P-H2S-H2O,1432.149632,1432.1496,1433.157457,1433.1575,XUUUU+4P,1503.235707,1523.110347,1638.164442
S,0,3,0,1,0,4,_H2S_H2O,5.0,SCCCS+4P-H2S-H2O,1445.174741,1445.1747,1446.182566,1446.1826,XCCCS+4P,1516.260816,1536.135456,1651.189551
S,0,2,0,1,1,4,_H2S_H2O,5.0,SCCSU+4P-H2S-H2O,1446.158757,1446.1588,1447.1665819999998,1447.1666,XCCSU+4P,1517.2448319999999,1537.1194719999999,1652.1735669999998
S,0,4,0,0,0,4,_H2S,5.0,SCCCC+4P-H2S,1446.224133,1446.2241,1447.2319579999998,1447.232,XCCCC+4P,1517.3102079999999,1537.1848479999999,1652.2389429999998
S,0,1,0,1,2,4,_H2S_H2O,5.0,SCSUU+4P-H2S-H2O,1447.142773,1447.1428,1448.150598,1448.1506,XCSUU+4P,1518.228848,1538.103488,1653.157583
S,0,3,0,0,1,4,_H2S,5.0,SCCCU+4P-H2S,1447.208149,1447.2081,1448.215974,1448.216,XCCCU+4P,1518.294224,1538.168864,1653.222959
S,0,0,0,1,3,4,_H2S_H2O,5.0,SSUUU+4P-H2S-H2O,1448.126789,1448.1268,1449.1346139999998,1449.1346,XSUUU+4P,1519.2128639999999,1539.0875039999999,1654.1415989999998
S,0,2,0,0,2,4,_H2S,5.0,SCCUU+4P-H2S,1448.192165,1448.1922,1449.1999899999998,1449.2,XCCUU+4P,1519.2782399999999,1539.1528799999999,1654.2069749999998
S,0,1,0,0,3,4,_H2S,5.0,SCUUU+4P-H2S,1449.176181,1449.1762,1450.184006,1450.184,XCUUU+4P,1520.262256,1540.136896,1655.190991
S,0,0,0,0,4,4,_H2S,5.0,SUUUU+4P-H2S,1450.160197,1450.1602,1451.1680219999998,1451.168,XUUUU+4P,1521.2462719999999,1541.1209119999999,1656.1750069999998
S,1,3,0,0,0,4,_H2S_H2O,5.0,SACCC+4P-H2S-H2O,1452.224801,1452.2248,1453.232626,1453.2326,XACCC+4P,1523.310876,1543.185516,1658.239611
S,1,2,0,0,1,4,_H2S_H2O,5.0,SACCU+4P-H2S-H2O,1453.208817,1453.2088,1454.216642,1454.2166,XACCU+4P,1524.2948920000001,1544.1695320000001,1659.223627
S,1,1,0,0,2,4,_H2S_H2O,5.0,SACUU+4P-H2S-H2O,1454.192833,1454.1928,1455.200658,1455.2007,XACUU+4P,1525.278908,1545.153548,1660.207643
S,1,0,0,0,3,4,_H2S_H2O,5.0,SAUUU+4P-H2S-H2O,1455.176849,1455.1768,1456.184674,1456.1847,XAUUU+4P,1526.262924,1546.137564,1661.191659
S,0,2,0,2,0,4,_H2S_H2O,5.0,SCCSS+4P-H2S-H2O,1462.135914,1462.1359,1463.143739,1463.1437,XCCSS+4P,1533.2219890000001,1553.0966290000001,1668.150724
S,0,1,0,2,1,4,_H2S_H2O,5.0,SCSSU+4P-H2S-H2O,1463.11993,1463.1199,1464.127755,1464.1278,XCSSU+4P,1534.206005,1554.080645,1669.13474
S,0,3,0,1,0,4,_H2S,5.0,SCCCS+4P-H2S,1463.185306,1463.1853,1464.193131,1464.1931,XCCCS+4P,1534.271381,1554.146021,1669.200116
S,0,0,0,2,2,4,_H2S_H2O,5.0,SSSUU+4P-H2S-H2O,1464.103946,1464.1039,1465.111771,1465.1118,XSSUU+4P,1535.1900210000001,1555.0646610000001,1670.118756
S,0,2,0,1,1,4,_H2S,5.0,SCCSU+4P-H2S,1464.169322,1464.1693,1465.177147,1465.1771,XCCSU+4P,1535.2553970000001,1555.1300370000001,1670.184132
S,0,1,0,1,2,4,_H2S,5.0,SCSUU+4P-H2S,1465.153338,1465.1533,1466.161163,1466.1612,XCSUU+4P,1536.239413,1556.114053,1671.168148
S,0,0,0,1,3,4,_H2S,5.0,SSUUU+4P-H2S,1466.137354,1466.1374,1467.145179,1467.1452,XSUUU+4P,1537.2234290000001,1557.0980690000001,1672.152164
S,0,3,1,0,0,4,_H2S_H2O,5.0,SCCCG+4P-H2S-H2O,1468.219716,1468.2197,1469.227541,1469.2275,XCCCG+4P,1539.305791,1559.180431,1674.234526
S,1,2,0,1,0,4,_H2S_H2O,5.0,SACCS+4P-H2S-H2O,1469.185974,1469.186,1470.193799,1470.1938,XACCS+4P,1540.272049,1560.146689,1675.2007839999999
S,0,2,1,0,1,4,_H2S_H2O,5.0,SCCGU+4P-H2S-H2O,1469.203732,1469.2037,1470.211557,1470.2116,XCCGU+4P,1540.289807,1560.164447,1675.218542
S,1,1,0,1,1,4,_H2S_H2O,5.0,SACSU+4P-H2S-H2O,1470.16999,1470.17,1471.177815,1471.1778,XACSU+4P,1541.256065,1561.130705,1676.1848
S,0,1,1,0,2,4,_H2S_H2O,5.0,SCGUU+4P-H2S-H2O,1470.187748,1470.1877,1471.195573,1471.1956,XCGUU+4P,1541.273823,1561.148463,1676.202558
S,1,3,0,0,0,4,_H2S,5.0,SACCC+4P-H2S,1470.235366,1470.2354,1471.243191,1471.2432,XACCC+4P,1541.321441,1561.196081,1676.250176
S,1,0,0,1,2,4,_H2S_H2O,5.0,SASUU+4P-H2S-H2O,1471.154006,1471.154,1472.161831,1472.1618,XASUU+4P,1542.240081,1562.114721,1677.1688159999999
S,0,0,1,0,3,4,_H2S_H2O,5.0,SGUUU+4P-H2S-H2O,1471.171764,1471.1718,1472.179589,1472.1796,XGUUU+4P,1542.257839,1562.132479,1677.186574
S,1,2,0,0,1,4,_H2S,5.0,SACCU+4P-H2S,1471.219382,1471.2194,1472.227207,1472.2272,XACCU+4P,1542.305457,1562.180097,1677.234192
S,1,1,0,0,2,4,_H2S,5.0,SACUU+4P-H2S,1472.203398,1472.2034,1473.211223,1473.2112,XACUU+4P,1543.289473,1563.164113,1678.218208
S,1,0,0,0,3,4,_H2S,5.0,SAUUU+4P-H2S,1473.187414,1473.1874,1474.195239,1474.1952,XAUUU+4P,1544.273489,1564.148129,1679.202224
S,2,2,0,0,0,4,_H2S_H2O,5.0,SAACC+4P-H2S-H2O,1476.236034,1476.236,1477.243859,1477.2439,XAACC+4P,1547.322109,1567.196749,1682.250844
S,2,1,0,0,1,4,_H2S_H2O,5.0,SAACU+4P-H2S-H2O,1477.22005,1477.22,1478.2278749999998,1478.2279,XAACU+4P,1548.3061249999998,1568.1807649999998,1683.2348599999998
S,2,0,0,0,2,4,_H2S_H2O,5.0,SAAUU+4P-H2S-H2O,1478.204066,1478.2041,1479.211891,1479.2119,XAAUU+4P,1549.290141,1569.164781,1684.218876
S,0,1,0,3,0,4,_H2S_H2O,5.0,SCSSS+4P-H2S-H2O,1479.097087,1479.0971,1480.104912,1480.1049,XCSSS+4P,1550.183162,1570.057802,1685.111897
S,0,0,0,3,1,4,_H2S_H2O,5.0,SSSSU+4P-H2S-H2O,1480.081103,1480.0811,1481.088928,1481.0889,XSSSU+4P,1551.167178,1571.041818,1686.0959129999999
S,0,2,0,2,0,4,_H2S,5.0,SCCSS+4P-H2S,1480.146479,1480.1465,1481.154304,1481.1543,XCCSS+4P,1551.232554,1571.107194,1686.161289
S,0,1,0,2,1,4,_H2S,5.0,SCSSU+4P-H2S,1481.130495,1481.1305,1482.13832,1482.1383,XCSSU+4P,1552.21657,1572.09121,1687.145305
S,0,0,0,2,2,4,_H2S,5.0,SSSUU+4P-H2S,1482.114511,1482.1145,1483.122336,1483.1223,XSSUU+4P,1553.200586,1573.075226,1688.129321
S,0,2,1,1,0,4,_H2S_H2O,5.0,SCCGS+4P-H2S-H2O,1485.180889,1485.1809,1486.188714,1486.1887,XCCGS+4P,1556.266964,1576.141604,1691.1956989999999
S,1,1,0,2,0,4,_H2S_H2O,5.0,SACSS+4P-H2S-H2O,1486.147147,1486.1471,1487.1549719999998,1487.155,XACSS+4P,1557.2332219999998,1577.1078619999998,1692.1619569999998
S,0,1,1,1,1,4,_H2S_H2O,5.0,SCGSU+4P-H2S-H2O,1486.164905,1486.1649,1487.17273,1487.1727,XCGSU+4P,1557.25098,1577.12562,1692.179715
S,0,3,1,0,0,4,_H2S,5.0,SCCCG+4P-H2S,1486.230281,1486.2303,1487.238106,1487.2381,XCCCG+4P,1557.316356,1577.190996,1692.245091
S,1,0,0,2,1,4,_H2S_H2O,5.0,SASSU+4P-H2S-H2O,1487.131163,1487.1312,1488.138988,1488.139,XASSU+4P,1558.217238,1578.091878,1693.145973
S,0,0,1,1,2,4,_H2S_H2O,5.0,SGSUU+4P-H2S-H2O,1487.148921,1487.1489,1488.156746,1488.1567,XGSUU+4P,1558.2349960000001,1578.1096360000001,1693.163731
S,1,2,0,1,0,4,_H2S,5.0,SACCS+4P-H2S,1487.196539,1487.1965,1488.204364,1488.2044,XACCS+4P,1558.282614,1578.157254,1693.211349
S,0,2,1,0,1,4,_H2S,5.0,SCCGU+4P-H2S,1487.214297,1487.2143,1488.222122,1488.2221,XCCGU+4P,1558.300372,1578.175012,1693.2291069999999
S,1,1,0,1,1,4,_H2S,5.0,SACSU+4P-H2S,1488.180555,1488.1806,1489.1883799999998,1489.1884,XACSU+4P,1559.2666299999999,1579.1412699999998,1694.1953649999998
S,0,1,1,0,2,4,_H2S,5.0,SCGUU+4P-H2S,1488.198313,1488.1983,1489.206138,1489.2061,XCGUU+4P,1559.284388,1579.159028,1694.213123
S,1,0,0,1,2,4,_H2S,5.0,SASUU+4P-H2S,1489.164571,1489.1646,1490.172396,1490.1724,XASUU+4P,1560.250646,1580.125286,1695.179381
S,0,0,1,0,3,4,_H2S,5.0,SGUUU+4P-H2S,1489.182329,1489.1823,1490.190154,1490.1902,XGUUU+4P,1560.268404,1580.143044,1695.1971389999999
S,1,2,1,0,0,4,_H2S_H2O,5.0,SACCG+4P-H2S-H2O,1492.230949,1492.2309,1493.238774,1493.2388,XACCG+4P,1563.317024,1583.191664,1698.245759
S,2,1,0,1,0,4,_H2S_H2O,5.0,SAACS+4P-H2S-H2O,1493.197207,1493.1972,1494.2050319999998,1494.205,XAACS+4P,1564.2832819999999,1584.1579219999999,1699.2120169999998
S,1,1,1,0,1,4,_H2S_H2O,5.0,SACGU+4P-H2S-H2O,1493.214965,1493.215,1494.2227899999998,1494.2228,XACGU+4P,1564.3010399999998,1584.1756799999998,1699.2297749999998
S,2,0,0,1,1,4,_H2S_H2O,5.0,SAASU+4P-H2S-H2O,1494.181223,1494.1812,1495.189048,1495.189,XAASU+4P,1565.267298,1585.141938,1700.196033
S,1,0,1,0,2,4,_H2S_H2O,5.0,SAGUU+4P-H2S-H2O,1494.198981,1494.199,1495.206806,1495.2068,XAGUU+4P,1565.285056,1585.159696,1700.213791
S,2,2,0,0,0,4,_H2S,5.0,SAACC+4P-H2S,1494.246599,1494.2466,1495.254424,1495.2544,XAACC+4P,1565.332674,1585.207314,1700.261409
S,2,1,0,0,1,4,_H2S,5.0,SAACU+4P-H2S,1495.230615,1495.2306,1496.23844,1496.2384,XAACU+4P,1566.31669,1586.19133,1701.245425
S,0,0,0,4,0,4,_H2S_H2O,5.0,SSSSS+4P-H2S-H2O,1496.05826,1496.0583,1497.066085,1497.0661,XSSSS+4P,1567.144335,1587.018975,1702.07307
S,2,0,0,0,2,4,_H2S,5.0,SAAUU+4P-H2S,1496.214631,1496.2146,1497.222456,1497.2225,XAAUU+4P,1567.300706,1587.175346,1702.229441
S,0,1,0,3,0,4,_H2S,5.0,SCSSS+4P-H2S,1497.107652,1497.1077,1498.1154769999998,1498.1155,XCSSS+4P,1568.1937269999999,1588.0683669999999,1703.1224619999998
S,0,0,0,3,1,4,_H2S,5.0,SSSSU+4P-H2S,1498.091668,1498.0917,1499.099493,1499.0995,XSSSU+4P,1569.177743,1589.052383,1704.106478
S,3,1,0,0,0,4,_H2S_H2O,5.0,SAAAC+4P-H2S-H2O,1500.247267,1500.2473,1501.255092,1501.2551,XAAAC+4P,1571.3333420000001,1591.2079820000001,1706.262077
S,3,0,0,0,1,4,_H2S_H2O,5.0,SAAAU+4P-H2S-H2O,1501.231283,1501.2313,1502.239108,1502.2391,XAAAU+4P,1572.317358,1592.191998,1707.246093
S,0,1,1,2,0,4,_H2S_H2O,5.0,SCGSS+4P-H2S-H2O,1502.142062,1502.1421,1503.1498869999998,1503.1499,XCGSS+4P,1573.2281369999998,1593.1027769999998,1708.1568719999998
S,1,0,0,3,0,4,_H2S_H2O,5.0,SASSS+4P-H2S-H2O,1503.10832,1503.1083,1504.116145,1504.1161,XASSS+4P,1574.194395,1594.069035,1709.12313
S,0,0,1,2,1,4,_H2S_H2O,5.0,SGSSU+4P-H2S-H2O,1503.126078,1503.1261,1504.133903,1504.1339,XGSSU+4P,1574.212153,1594.086793,1709.140888
S,0,2,1,1,0,4,_H2S,5.0,SCCGS+4P-H2S,1503.191454,1503.1915,1504.199279,1504.1993,XCCGS+4P,1574.277529,1594.152169,1709.206264
S,1,1,0,2,0,4,_H2S,5.0,SACSS+4P-H2S,1504.157712,1504.1577,1505.165537,1505.1655,XACSS+4P,1575.243787,1595.118427,1710.172522
S,0,1,1,1,1,4,_H2S,5.0,SCGSU+4P-H2S,1504.17547,1504.1755,1505.1832949999998,1505.1833,XCGSU+4P,1575.2615449999998,1595.1361849999998,1710.1902799999998
S,1,0,0,2,1,4,_H2S,5.0,SASSU+4P-H2S,1505.141728,1505.1417,1506.149553,1506.1496,XASSU+4P,1576.227803,1596.102443,1711.156538
S,0,0,1,1,2,4,_H2S,5.0,SGSUU+4P-H2S,1505.159486,1505.1595,1506.167311,1506.1673,XGSUU+4P,1576.245561,1596.120201,1711.174296
S,0,4,0,0,0,5,_H2S_H2O,5.0,SCCCC+5P-H2S-H2O,1508.179901,1508.1799,1509.187726,1509.1877,XCCCC+5P,1579.2659760000001,1599.1406160000001,1714.194711
S,0,2,2,0,0,4,_H2S_H2O,5.0,SCCGG+4P-H2S-H2O,1508.225864,1508.2259,1509.233689,1509.2337,XCCGG+4P,1579.311939,1599.186579,1714.240674
S,0,3,0,0,1,5,_H2S_H2O,5.0,SCCCU+5P-H2S-H2O,1509.163917,1509.1639,1510.171742,1510.1717,XCCCU+5P,1580.249992,1600.124632,1715.178727
S,1,1,1,1,0,4,_H2S_H2O,5.0,SACGS+4P-H2S-H2O,1509.192122,1509.1921,1510.1999469999998,1510.1999,XACGS+4P,1580.2781969999999,1600.1528369999999,1715.2069319999998
S,0,1,2,0,1,4,_H2S_H2O,5.0,SCGGU+4P-H2S-H2O,1509.20988,1509.2099,1510.217705,1510.2177,XCGGU+4P,1580.295955,1600.170595,1715.22469
S,0,2,0,0,2,5,_H2S_H2O,5.0,SCCUU+5P-H2S-H2O,1510.147933,1510.1479,1511.155758,1511.1558,XCCUU+5P,1581.2340080000001,1601.1086480000001,1716.162743
S,2,0,0,2,0,4,_H2S_H2O,5.0,SAASS+4P-H2S-H2O,1510.15838,1510.1584,1511.166205,1511.1662,XAASS+4P,1581.244455,1601.119095,1716.17319
S,1,0,1,1,1,4,_H2S_H2O,5.0,SAGSU+4P-H2S-H2O,1510.176138,1510.1761,1511.183963,1511.184,XAGSU+4P,1581.262213,1601.136853,1716.190948
S,0,0,2,0,2,4,_H2S_H2O,5.0,SGGUU+4P-H2S-H2O,1510.193896,1510.1939,1511.201721,1511.2017,XGGUU+4P,1581.279971,1601.154611,1716.208706
S,1,2,1,0,0,4,_H2S,5.0,SACCG+4P-H2S,1510.241514,1510.2415,1511.249339,1511.2493,XACCG+4P,1581.327589,1601.202229,1716.256324
S,0,1,0,0,3,5,_H2S_H2O,5.0,SCUUU+5P-H2S-H2O,1511.131949,1511.1319,1512.139774,1512.1398,XCUUU+5P,1582.218024,1602.092664,1717.146759
S,2,1,0,1,0,4,_H2S,5.0,SAACS+4P-H2S,1511.207772,1511.2078,1512.215597,1512.2156,XAACS+4P,1582.293847,1602.168487,1717.2225819999999
S,1,1,1,0,1,4,_H2S,5.0,SACGU+4P-H2S,1511.22553,1511.2255,1512.2333549999998,1512.2334,XACGU+4P,1582.3116049999999,1602.1862449999999,1717.2403399999998
S,0,0,0,0,4,5,_H2S_H2O,5.0,SUUUU+5P-H2S-H2O,1512.115965,1512.116,1513.12379,1513.1238,XUUUU+5P,1583.2020400000001,1603.0766800000001,1718.130775
S,2,0,0,1,1,4,_H2S,5.0,SAASU+4P-H2S,1512.191788,1512.1918,1513.199613,1513.1996,XAASU+4P,1583.277863,1603.152503,1718.206598
S,1,0,1,0,2,4,_H2S,5.0,SAGUU+4P-H2S,1512.209546,1512.2095,1513.217371,1513.2174,XAGUU+4P,1583.295621,1603.170261,1718.224356
S,0,0,0,4,0,4,_H2S,5.0,SSSSS+4P-H2S,1514.068825,1514.0688,1515.07665,1515.0766,XSSSS+4P,1585.1549,1605.02954,1720.083635
S,2,1,1,0,0,4,_H2S_H2O,5.0,SAACG+4P-H2S-H2O,1516.242182,1516.2422,1517.250007,1517.25,XAACG+4P,1587.3282570000001,1607.2028970000001,1722.256992
S,3,0,0,1,0,4,_H2S_H2O,5.0,SAAAS+4P-H2S-H2O,1517.20844,1517.2084,1518.216265,1518.2163,XAAAS+4P,1588.294515,1608.169155,1723.22325
S,2,0,1,0,1,4,_H2S_H2O,5.0,SAAGU+4P-H2S-H2O,1517.226198,1517.2262,1518.234023,1518.234,XAAGU+4P,1588.312273,1608.186913,1723.241008
S,3,1,0,0,0,4,_H2S,5.0,SAAAC+4P-H2S,1518.257832,1518.2578,1519.265657,1519.2657,XAAAC+4P,1589.343907,1609.218547,1724.272642
S,0,0,1,3,0,4,_H2S_H2O,5.0,SGSSS+4P-H2S-H2O,1519.103235,1519.1032,1520.11106,1520.1111,XGSSS+4P,1590.18931,1610.06395,1725.118045
S,3,0,0,0,1,4,_H2S,5.0,SAAAU+4P-H2S,1519.241848,1519.2418,1520.2496729999998,1520.2497,XAAAU+4P,1590.3279229999998,1610.2025629999998,1725.2566579999998
S,0,1,1,2,0,4,_H2S,5.0,SCGSS+4P-H2S,1520.152627,1520.1526,1521.160452,1521.1605,XCGSS+4P,1591.238702,1611.113342,1726.167437
S,1,0,0,3,0,4,_H2S,5.0,SASSS+4P-H2S,1521.118885,1521.1189,1522.12671,1522.1267,XASSS+4P,1592.20496,1612.0796,1727.133695
S,0,0,1,2,1,4,_H2S,5.0,SGSSU+4P-H2S,1521.136643,1521.1366,1522.144468,1522.1445,XGSSU+4P,1592.222718,1612.097358,1727.151453
S,4,0,0,0,0,4,_H2S_H2O,5.0,SAAAA+4P-H2S-H2O,1524.2585,1524.2585,1525.2663249999998,1525.2663,XAAAA+4P,1595.3445749999998,1615.2192149999998,1730.2733099999998
S,0,3,0,1,0,5,_H2S_H2O,5.0,SCCCS+5P-H2S-H2O,1525.141074,1525.1411,1526.1488989999998,1526.1489,XCCCS+5P,1596.2271489999998,1616.1017889999998,1731.1558839999998
S,0,1,2,1,0,4,_H2S_H2O,5.0,SCGGS+4P-H2S-H2O,1525.187037,1525.187,1526.1948619999998,1526.1949,XCGGS+4P,1596.2731119999999,1616.1477519999999,1731.2018469999998
S,0,2,0,1,1,5,_H2S_H2O,5.0,SCCSU+5P-H2S-H2O,1526.12509,1526.1251,1527.132915,1527.1329,XCCSU+5P,1597.211165,1617.085805,1732.1399
S,1,0,1,2,0,4,_H2S_H2O,5.0,SAGSS+4P-H2S-H2O,1526.153295,1526.1533,1527.16112,1527.1611,XAGSS+4P,1597.23937,1617.11401,1732.168105
S,0,0,2,1,1,4,_H2S_H2O,5.0,SGGSU+4P-H2S-H2O,1526.171053,1526.1711,1527.178878,1527.1789,XGGSU+4P,1597.257128,1617.131768,1732.185863
S,0,4,0,0,0,5,_H2S,5.0,SCCCC+5P-H2S,1526.190466,1526.1905,1527.198291,1527.1983,XCCCC+5P,1597.276541,1617.151181,1732.205276
S,0,2,2,0,0,4,_H2S,5.0,SCCGG+4P-H2S,1526.236429,1526.2364,1527.244254,1527.2443,XCCGG+4P,1597.322504,1617.197144,1732.251239
S,0,1,0,1,2,5,_H2S_H2O,5.0,SCSUU+5P-H2S-H2O,1527.109106,1527.1091,1528.116931,1528.1169,XCSUU+5P,1598.195181,1618.069821,1733.123916
S,0,3,0,0,1,5,_H2S,5.0,SCCCU+5P-H2S,1527.174482,1527.1745,1528.1823069999998,1528.1823,XCCCU+5P,1598.2605569999998,1618.1351969999998,1733.1892919999998
S,1,1,1,1,0,4,_H2S,5.0,SACGS+4P-H2S,1527.202687,1527.2027,1528.210512,1528.2105,XACGS+4P,1598.2887620000001,1618.1634020000001,1733.217497
S,0,1,2,0,1,4,_H2S,5.0,SCGGU+4P-H2S,1527.220445,1527.2204,1528.2282699999998,1528.2283,XCGGU+4P,1598.3065199999999,1618.1811599999999,1733.2352549999998
S,0,0,0,1,3,5,_H2S_H2O,5.0,SSUUU+5P-H2S-H2O,1528.093122,1528.0931,1529.100947,1529.1009,XSUUU+5P,1599.179197,1619.053837,1734.107932
S,0,2,0,0,2,5,_H2S,5.0,SCCUU+5P-H2S,1528.158498,1528.1585,1529.166323,1529.1663,XCCUU+5P,1599.244573,1619.119213,1734.173308
S,2,0,0,2,0,4,_H2S,5.0,SAASS+4P-H2S,1528.168945,1528.1689,1529.1767699999998,1529.1768,XAASS+4P,1599.2550199999998,1619.1296599999998,1734.1837549999998
S,1,0,1,1,1,4,_H2S,5.0,SAGSU+4P-H2S,1528.186703,1528.1867,1529.194528,1529.1945,XAGSU+4P,1599.272778,1619.147418,1734.201513
S,0,0,2,0,2,4,_H2S,5.0,SGGUU+4P-H2S,1528.204461,1528.2045,1529.212286,1529.2123,XGGUU+4P,1599.290536,1619.165176,1734.219271
S,0,1,0,0,3,5,_H2S,5.0,SCUUU+5P-H2S,1529.142514,1529.1425,1530.1503389999998,1530.1503,XCUUU+5P,1600.2285889999998,1620.1032289999998,1735.1573239999998
S,0,0,0,0,4,5,_H2S,5.0,SUUUU+5P-H2S,1530.12653,1530.1265,1531.134355,1531.1344,XUUUU+5P,1601.212605,1621.087245,1736.14134
S,1,3,0,0,0,5,_H2S_H2O,5.0,SACCC+5P-H2S-H2O,1532.191134,1532.1911,1533.1989589999998,1533.199,XACCC+5P,1603.2772089999999,1623.1518489999999,1738.2059439999998
S,1,1,2,0,0,4,_H2S_H2O,5.0,SACGG+4P-H2S-H2O,1532.237097,1532.2371,1533.244922,1533.2449,XACGG+4P,1603.323172,1623.197812,1738.251907
S,1,2,0,0,1,5,_H2S_H2O,5.0,SACCU+5P-H2S-H2O,1533.17515,1533.1752,1534.182975,1534.183,XACCU+5P,1604.261225,1624.135865,1739.18996
S,2,0,1,1,0,4,_H2S_H2O,5.0,SAAGS+4P-H2S-H2O,1533.203355,1533.2034,1534.21118,1534.2112,XAAGS+4P,1604.28943,1624.16407,1739.218165
S,1,0,2,0,1,4,_H2S_H2O,5.0,SAGGU+4P-H2S-H2O,1533.221113,1533.2211,1534.228938,1534.2289,XAGGU+4P,1604.307188,1624.181828,1739.235923
S,1,1,0,0,2,5,_H2S_H2O,5.0,SACUU+5P-H2S-H2O,1534.159166,1534.1592,1535.1669909999998,1535.167,XACUU+5P,1605.2452409999999,1625.1198809999999,1740.1739759999998
S,2,1,1,0,0,4,_H2S,5.0,SAACG+4P-H2S,1534.252747,1534.2527,1535.260572,1535.2606,XAACG+4P,1605.338822,1625.213462,1740.267557
S,1,0,0,0,3,5,_H2S_H2O,5.0,SAUUU+5P-H2S-H2O,1535.143182,1535.1432,1536.151007,1536.151,XAUUU+5P,1606.229257,1626.103897,1741.157992
S,3,0,0,1,0,4,_H2S,5.0,SAAAS+4P-H2S,1535.219005,1535.219,1536.2268299999998,1536.2268,XAAAS+4P,1606.3050799999999,1626.1797199999999,1741.2338149999998
S,2,0,1,0,1,4,_H2S,5.0,SAAGU+4P-H2S,1535.236763,1535.2368,1536.244588,1536.2446,XAAGU+4P,1606.322838,1626.197478,1741.251573
S,0,0,1,3,0,4,_H2S,5.0,SGSSS+4P-H2S,1537.1138,1537.1138,1538.121625,1538.1216,XGSSS+4P,1608.199875,1628.074515,1743.12861
S,3,0,1,0,0,4,_H2S_H2O,5.0,SAAAG+4P-H2S-H2O,1540.253415,1540.2534,1541.2612399999998,1541.2612,XAAAG+4P,1611.3394899999998,1631.2141299999998,1746.2682249999998
S,0,2,0,2,0,5,_H2S_H2O,5.0,SCCSS+5P-H2S-H2O,1542.102247,1542.1022,1543.110072,1543.1101,XCCSS+5P,1613.188322,1633.062962,1748.117057
S,0,0,2,2,0,4,_H2S_H2O,5.0,SGGSS+4P-H2S-H2O,1542.14821,1542.1482,1543.156035,1543.156,XGGSS+4P,1613.234285,1633.108925,1748.16302
S,4,0,0,0,0,4,_H2S,5.0,SAAAA+4P-H2S,1542.269065,1542.2691,1543.27689,1543.2769,XAAAA+4P,1613.3551400000001,1633.2297800000001,1748.283875
S,0,1,0,2,1,5,_H2S_H2O,5.0,SCSSU+5P-H2S-H2O,1543.086263,1543.0863,1544.0940879999998,1544.0941,XCSSU+5P,1614.1723379999999,1634.0469779999999,1749.1010729999998
S,0,3,0,1,0,5,_H2S,5.0,SCCCS+5P-H2S,1543.151639,1543.1516,1544.1594639999998,1544.1595,XCCCS+5P,1614.2377139999999,1634.1123539999999,1749.1664489999998
S,0,1,2,1,0,4,_H2S,5.0,SCGGS+4P-H2S,1543.197602,1543.1976,1544.205427,1544.2054,XCGGS+4P,1614.2836770000001,1634.1583170000001,1749.212412
S,0,0,0,2,2,5,_H2S_H2O,5.0,SSSUU+5P-H2S-H2O,1544.070279,1544.0703,1545.078104,1545.0781,XSSUU+5P,1615.156354,1635.030994,1750.085089
S,0,2,0,1,1,5,_H2S,5.0,SCCSU+5P-H2S,1544.135655,1544.1357,1545.14348,1545.1435,XCCSU+5P,1615.22173,1635.09637,1750.150465
S,1,0,1,2,0,4,_H2S,5.0,SAGSS+4P-H2S,1544.16386,1544.1639,1545.171685,1545.1717,XAGSS+4P,1615.249935,1635.124575,1750.17867
S,0,0,2,1,1,4,_H2S,5.0,SGGSU+4P-H2S,1544.181618,1544.1816,1545.189443,1545.1894,XGGSU+4P,1615.267693,1635.142333,1750.196428
S,0,1,0,1,2,5,_H2S,5.0,SCSUU+5P-H2S,1545.119671,1545.1197,1546.1274959999998,1546.1275,XCSUU+5P,1616.2057459999999,1636.0803859999999,1751.1344809999998
S,0,0,0,1,3,5,_H2S,5.0,SSUUU+5P-H2S,1546.103687,1546.1037,1547.111512,1547.1115,XSUUU+5P,1617.189762,1637.064402,1752.118497
S,0,3,1,0,0,5,_H2S_H2O,5.0,SCCCG+5P-H2S-H2O,1548.186049,1548.186,1549.1938739999998,1549.1939,XCCCG+5P,1619.2721239999998,1639.1467639999998,1754.2008589999998
S,0,1,3,0,0,4,_H2S_H2O,5.0,SCGGG+4P-H2S-H2O,1548.232012,1548.232,1549.239837,1549.2398,XCGGG+4P,1619.318087,1639.192727,1754.246822
S,1,2,0,1,0,5,_H2S_H2O,5.0,SACCS+5P-H2S-H2O,1549.152307,1549.1523,1550.160132,1550.1601,XACCS+5P,1620.238382,1640.113022,1755.167117
S,0,2,1,0,1,5,_H2S_H2O,5.0,SCCGU+5P-H2S-H2O,1549.170065,1549.1701,1550.17789,1550.1779,XCCGU+5P,1620.25614,1640.13078,1755.184875
S,1,0,2,1,0,4,_H2S_H2O,5.0,SAGGS+4P-H2S-H2O,1549.19827,1549.1983,1550.206095,1550.2061,XAGGS+4P,1620.284345,1640.158985,1755.21308
S,0,0,3,0,1,4,_H2S_H2O,5.0,SGGGU+4P-H2S-H2O,1549.216028,1549.216,1550.223853,1550.2239,XGGGU+4P,1620.302103,1640.176743,1755.230838
S,1,1,0,1,1,5,_H2S_H2O,5.0,SACSU+5P-H2S-H2O,1550.136323,1550.1363,1551.144148,1551.1441,XACSU+5P,1621.222398,1641.097038,1756.151133
S,0,1,1,0,2,5,_H2S_H2O,5.0,SCGUU+5P-H2S-H2O,1550.154081,1550.1541,1551.1619059999998,1551.1619,XCGUU+5P,1621.2401559999998,1641.1147959999998,1756.1688909999998
S,1,3,0,0,0,5,_H2S,5.0,SACCC+5P-H2S,1550.201699,1550.2017,1551.209524,1551.2095,XACCC+5P,1621.2877740000001,1641.1624140000001,1756.216509
S,1,1,2,0,0,4,_H2S,5.0,SACGG+4P-H2S,1550.247662,1550.2477,1551.255487,1551.2555,XACGG+4P,1621.333737,1641.208377,1756.262472
S,1,0,0,1,2,5,_H2S_H2O,5.0,SASUU+5P-H2S-H2O,1551.120339,1551.1203,1552.128164,1552.1282,XASUU+5P,1622.206414,1642.081054,1757.135149
S,0,0,1,0,3,5,_H2S_H2O,5.0,SGUUU+5P-H2S-H2O,1551.138097,1551.1381,1552.145922,1552.1459,XGUUU+5P,1622.224172,1642.098812,1757.152907
S,1,2,0,0,1,5,_H2S,5.0,SACCU+5P-H2S,1551.185715,1551.1857,1552.19354,1552.1935,XACCU+5P,1622.27179,1642.14643,1757.200525
S,2,0,1,1,0,4,_H2S,5.0,SAAGS+4P-H2S,1551.21392,1551.2139,1552.2217449999998,1552.2217,XAAGS+4P,1622.2999949999999,1642.1746349999999,1757.2287299999998
S,1,0,2,0,1,4,_H2S,5.0,SAGGU+4P-H2S,1551.231678,1551.2317,1552.239503,1552.2395,XAGGU+4P,1622.317753,1642.192393,1757.246488
S,1,1,0,0,2,5,_H2S,5.0,SACUU+5P-H2S,1552.169731,1552.1697,1553.177556,1553.1776,XACUU+5P,1623.2558060000001,1643.1304460000001,1758.184541
S,1,0,0,0,3,5,_H2S,5.0,SAUUU+5P-H2S,1553.153747,1553.1537,1554.161572,1554.1616,XAUUU+5P,1624.239822,1644.114462,1759.168557
S,2,2,0,0,0,5,_H2S_H2O,5.0,SAACC+5P-H2S-H2O,1556.202367,1556.2024,1557.210192,1557.2102,XAACC+5P,1627.288442,1647.163082,1762.217177
S,2,0,2,0,0,4,_H2S_H2O,5.0,SAAGG+4P-H2S-H2O,1556.24833,1556.2483,1557.2561549999998,1557.2562,XAAGG+4P,1627.3344049999998,1647.2090449999998,1762.2631399999998
S,2,1,0,0,1,5,_H2S_H2O,5.0,SAACU+5P-H2S-H2O,1557.186383,1557.1864,1558.194208,1558.1942,XAACU+5P,1628.272458,1648.147098,1763.2011929999999
S,2,0,0,0,2,5,_H2S_H2O,5.0,SAAUU+5P-H2S-H2O,1558.170399,1558.1704,1559.178224,1559.1782,XAAUU+5P,1629.256474,1649.131114,1764.185209
S,3,0,1,0,0,4,_H2S,5.0,SAAAG+4P-H2S,1558.26398,1558.264,1559.271805,1559.2718,XAAAG+4P,1629.350055,1649.224695,1764.27879
S,0,1,0,3,0,5,_H2S_H2O,5.0,SCSSS+5P-H2S-H2O,1559.06342,1559.0634,1560.071245,1560.0712,XCSSS+5P,1630.1494950000001,1650.0241350000001,1765.07823
S,0,0,0,3,1,5,_H2S_H2O,5.0,SSSSU+5P-H2S-H2O,1560.047436,1560.0474,1561.055261,1561.0553,XSSSU+5P,1631.133511,1651.008151,1766.062246
S,0,2,0,2,0,5,_H2S,5.0,SCCSS+5P-H2S,1560.112812,1560.1128,1561.120637,1561.1206,XCCSS+5P,1631.198887,1651.073527,1766.127622
S,0,0,2,2,0,4,_H2S,5.0,SGGSS+4P-H2S,1560.158775,1560.1588,1561.1666,1561.1666,XGGSS+4P,1631.24485,1651.11949,1766.173585
S,0,1,0,2,1,5,_H2S,5.0,SCSSU+5P-H2S,1561.096828,1561.0968,1562.104653,1562.1047,XCSSU+5P,1632.1829030000001,1652.0575430000001,1767.111638
S,0,0,0,2,2,5,_H2S,5.0,SSSUU+5P-H2S,1562.080844,1562.0808,1563.088669,1563.0887,XSSUU+5P,1633.166919,1653.041559,1768.095654
S,0,2,1,1,0,5,_H2S_H2O,5.0,SCCGS+5P-H2S-H2O,1565.147222,1565.1472,1566.155047,1566.155,XCCGS+5P,1636.233297,1656.107937,1771.162032
S,0,0,3,1,0,4,_H2S_H2O,5.0,SGGGS+4P-H2S-H2O,1565.193185,1565.1932,1566.20101,1566.201,XGGGS+4P,1636.27926,1656.1539,1771.207995
S,1,1,0,2,0,5,_H2S_H2O,5.0,SACSS+5P-H2S-H2O,1566.11348,1566.1135,1567.121305,1567.1213,XACSS+5P,1637.199555,1657.074195,1772.1282899999999
S,0,1,1,1,1,5,_H2S_H2O,5.0,SCGSU+5P-H2S-H2O,1566.131238,1566.1312,1567.139063,1567.1391,XCGSU+5P,1637.217313,1657.091953,1772.146048
S,0,3,1,0,0,5,_H2S,5.0,SCCCG+5P-H2S,1566.196614,1566.1966,1567.204439,1567.2044,XCCCG+5P,1637.2826890000001,1657.1573290000001,1772.211424
S,0,1,3,0,0,4,_H2S,5.0,SCGGG+4P-H2S,1566.242577,1566.2426,1567.250402,1567.2504,XCGGG+4P,1637.328652,1657.203292,1772.2573869999999
S,1,0,0,2,1,5,_H2S_H2O,5.0,SASSU+5P-H2S-H2O,1567.097496,1567.0975,1568.105321,1568.1053,XASSU+5P,1638.183571,1658.058211,1773.112306
S,0,0,1,1,2,5,_H2S_H2O,5.0,SGSUU+5P-H2S-H2O,1567.115254,1567.1153,1568.123079,1568.1231,XGSUU+5P,1638.201329,1658.075969,1773.130064
S,1,2,0,1,0,5,_H2S,5.0,SACCS+5P-H2S,1567.162872,1567.1629,1568.170697,1568.1707,XACCS+5P,1638.248947,1658.123587,1773.177682
S,0,2,1,0,1,5,_H2S,5.0,SCCGU+5P-H2S,1567.18063,1567.1806,1568.188455,1568.1885,XCCGU+5P,1638.266705,1658.141345,1773.19544
S,1,0,2,1,0,4,_H2S,5.0,SAGGS+4P-H2S,1567.208835,1567.2088,1568.2166599999998,1568.2167,XAGGS+4P,1638.2949099999998,1658.1695499999998,1773.2236449999998
S,0,0,3,0,1,4,_H2S,5.0,SGGGU+4P-H2S,1567.226593,1567.2266,1568.234418,1568.2344,XGGGU+4P,1638.312668,1658.187308,1773.241403
S,1,1,0,1,1,5,_H2S,5.0,SACSU+5P-H2S,1568.146888,1568.1469,1569.154713,1569.1547,XACSU+5P,1639.232963,1659.107603,1774.161698
S,0,1,1,0,2,5,_H2S,5.0,SCGUU+5P-H2S,1568.164646,1568.1646,1569.172471,1569.1725,XCGUU+5P,1639.250721,1659.125361,1774.179456
S,1,0,0,1,2,5,_H2S,5.0,SASUU+5P-H2S,1569.130904,1569.1309,1570.138729,1570.1387,XASUU+5P,1640.216979,1660.091619,1775.145714
S,0,0,1,0,3,5,_H2S,5.0,SGUUU+5P-H2S,1569.148662,1569.1487,1570.156487,1570.1565,XGUUU+5P,1640.234737,1660.109377,1775.163472
S,1,2,1,0,0,5,_H2S_H2O,5.0,SACCG+5P-H2S-H2O,1572.197282,1572.1973,1573.205107,1573.2051,XACCG+5P,1643.283357,1663.157997,1778.212092
S,1,0,3,0,0,4,_H2S_H2O,5.0,SAGGG+4P-H2S-H2O,1572.243245,1572.2432,1573.2510699999998,1573.2511,XAGGG+4P,1643.3293199999998,1663.2039599999998,1778.2580549999998
S,2,1,0,1,0,5,_H2S_H2O,5.0,SAACS+5P-H2S-H2O,1573.16354,1573.1635,1574.171365,1574.1714,XAACS+5P,1644.249615,1664.124255,1779.17835
S,1,1,1,0,1,5,_H2S_H2O,5.0,SACGU+5P-H2S-H2O,1573.181298,1573.1813,1574.189123,1574.1891,XACGU+5P,1644.2673730000001,1664.1420130000001,1779.196108
S,2,0,0,1,1,5,_H2S_H2O,5.0,SAASU+5P-H2S-H2O,1574.147556,1574.1476,1575.1553809999998,1575.1554,XAASU+5P,1645.2336309999998,1665.1082709999998,1780.1623659999998
S,1,0,1,0,2,5,_H2S_H2O,5.0,SAGUU+5P-H2S-H2O,1574.165314,1574.1653,1575.173139,1575.1731,XAGUU+5P,1645.251389,1665.126029,1780.180124
S,2,2,0,0,0,5,_H2S,5.0,SAACC+5P-H2S,1574.212932,1574.2129,1575.2207569999998,1575.2208,XAACC+5P,1645.2990069999998,1665.1736469999998,1780.2277419999998
S,2,0,2,0,0,4,_H2S,5.0,SAAGG+4P-H2S,1574.258895,1574.2589,1575.26672,1575.2667,XAAGG+4P,1645.34497,1665.21961,1780.273705
S,2,1,0,0,1,5,_H2S,5.0,SAACU+5P-H2S,1575.196948,1575.1969,1576.204773,1576.2048,XAACU+5P,1646.283023,1666.157663,1781.211758
S,0,0,0,4,0,5,_H2S_H2O,5.0,SSSSS+5P-H2S-H2O,1576.024593,1576.0246,1577.032418,1577.0324,XSSSS+5P,1647.110668,1666.985308,1782.039403
S,2,0,0,0,2,5,_H2S,5.0,SAAUU+5P-H2S,1576.180964,1576.181,1577.1887889999998,1577.1888,XAAUU+5P,1647.2670389999998,1667.1416789999998,1782.1957739999998
S,0,1,0,3,0,5,_H2S,5.0,SCSSS+5P-H2S,1577.073985,1577.074,1578.08181,1578.0818,XCSSS+5P,1648.16006,1668.0347,1783.088795
S,0,0,0,3,1,5,_H2S,5.0,SSSSU+5P-H2S,1578.058001,1578.058,1579.065826,1579.0658,XSSSU+5P,1649.144076,1669.018716,1784.072811
S,3,1,0,0,0,5,_H2S_H2O,5.0,SAAAC+5P-H2S-H2O,1580.2136,1580.2136,1581.221425,1581.2214,XAAAC+5P,1651.299675,1671.174315,1786.22841
S,3,0,0,0,1,5,_H2S_H2O,5.0,SAAAU+5P-H2S-H2O,1581.197616,1581.1976,1582.2054409999998,1582.2054,XAAAU+5P,1652.2836909999999,1672.1583309999999,1787.2124259999998
S,0,1,1,2,0,5,_H2S_H2O,5.0,SCGSS+5P-H2S-H2O,1582.108395,1582.1084,1583.11622,1583.1162,XCGSS+5P,1653.1944700000001,1673.0691100000001,1788.123205
S,1,0,0,3,0,5,_H2S_H2O,5.0,SASSS+5P-H2S-H2O,1583.074653,1583.0747,1584.0824779999998,1584.0825,XASSS+5P,1654.1607279999998,1674.0353679999998,1789.0894629999998
S,0,0,1,2,1,5,_H2S_H2O,5.0,SGSSU+5P-H2S-H2O,1583.092411,1583.0924,1584.100236,1584.1002,XGSSU+5P,1654.178486,1674.053126,1789.107221
S,0,2,1,1,0,5,_H2S,5.0,SCCGS+5P-H2S,1583.157787,1583.1578,1584.165612,1584.1656,XCCGS+5P,1654.243862,1674.118502,1789.172597
S,0,0,3,1,0,4,_H2S,5.0,SGGGS+4P-H2S,1583.20375,1583.2038,1584.2115749999998,1584.2116,XGGGS+4P,1654.2898249999998,1674.1644649999998,1789.2185599999998
S,1,1,0,2,0,5,_H2S,5.0,SACSS+5P-H2S,1584.124045,1584.124,1585.13187,1585.1319,XACSS+5P,1655.21012,1675.08476,1790.138855
S,0,1,1,1,1,5,_H2S,5.0,SCGSU+5P-H2S,1584.141803,1584.1418,1585.149628,1585.1496,XCGSU+5P,1655.227878,1675.102518,1790.1566129999999
S,1,0,0,2,1,5,_H2S,5.0,SASSU+5P-H2S,1585.108061,1585.1081,1586.1158859999998,1586.1159,XASSU+5P,1656.1941359999998,1676.0687759999998,1791.1228709999998
S,0,0,1,1,2,5,_H2S,5.0,SGSUU+5P-H2S,1585.125819,1585.1258,1586.133644,1586.1336,XGSUU+5P,1656.211894,1676.086534,1791.140629
S,0,4,0,0,0,6,_H2S_H2O,5.0,SCCCC+6P-H2S-H2O,1588.146234,1588.1462,1589.154059,1589.1541,XCCCC+6P,1659.232309,1679.106949,1794.161044
S,0,2,2,0,0,5,_H2S_H2O,5.0,SCCGG+5P-H2S-H2O,1588.192197,1588.1922,1589.200022,1589.2,XCCGG+5P,1659.278272,1679.152912,1794.207007
S,0,0,4,0,0,4,_H2S_H2O,5.0,SGGGG+4P-H2S-H2O,1588.23816,1588.2382,1589.245985,1589.246,XGGGG+4P,1659.324235,1679.198875,1794.25297
S,0,3,0,0,1,6,_H2S_H2O,5.0,SCCCU+6P-H2S-H2O,1589.13025,1589.1302,1590.1380749999998,1590.1381,XCCCU+6P,1660.2163249999999,1680.0909649999999,1795.1450599999998
S,1,1,1,1,0,5,_H2S_H2O,5.0,SACGS+5P-H2S-H2O,1589.158455,1589.1585,1590.16628,1590.1663,XACGS+5P,1660.24453,1680.11917,1795.173265
S,0,1,2,0,1,5,_H2S_H2O,5.0,SCGGU+5P-H2S-H2O,1589.176213,1589.1762,1590.184038,1590.184,XCGGU+5P,1660.2622880000001,1680.1369280000001,1795.191023
S,0,2,0,0,2,6,_H2S_H2O,5.0,SCCUU+6P-H2S-H2O,1590.114266,1590.1143,1591.122091,1591.1221,XCCUU+6P,1661.200341,1681.074981,1796.129076
S,2,0,0,2,0,5,_H2S_H2O,5.0,SAASS+5P-H2S-H2O,1590.124713,1590.1247,1591.1325379999998,1591.1325,XAASS+5P,1661.2107879999999,1681.0854279999999,1796.1395229999998
S,1,0,1,1,1,5,_H2S_H2O,5.0,SAGSU+5P-H2S-H2O,1590.142471,1590.1425,1591.1502959999998,1591.1503,XAGSU+5P,1661.2285459999998,1681.1031859999998,1796.1572809999998
S,0,0,2,0,2,5,_H2S_H2O,5.0,SGGUU+5P-H2S-H2O,1590.160229,1590.1602,1591.168054,1591.1681,XGGUU+5P,1661.246304,1681.120944,1796.175039
S,1,2,1,0,0,5,_H2S,5.0,SACCG+5P-H2S,1590.207847,1590.2078,1591.2156719999998,1591.2157,XACCG+5P,1661.2939219999998,1681.1685619999998,1796.2226569999998
S,1,0,3,0,0,4,_H2S,5.0,SAGGG+4P-H2S,1590.25381,1590.2538,1591.2616349999998,1591.2616,XAGGG+4P,1661.3398849999999,1681.2145249999999,1796.2686199999998
S,0,1,0,0,3,6,_H2S_H2O,5.0,SCUUU+6P-H2S-H2O,1591.098282,1591.0983,1592.1061069999998,1592.1061,XCUUU+6P,1662.1843569999999,1682.0589969999999,1797.1130919999998
S,2,1,0,1,0,5,_H2S,5.0,SAACS+5P-H2S,1591.174105,1591.1741,1592.18193,1592.1819,XAACS+5P,1662.26018,1682.13482,1797.188915
S,1,1,1,0,1,5,_H2S,5.0,SACGU+5P-H2S,1591.191863,1591.1919,1592.199688,1592.1997,XACGU+5P,1662.277938,1682.152578,1797.206673
S,0,0,0,0,4,6,_H2S_H2O,5.0,SUUUU+6P-H2S-H2O,1592.082298,1592.0823,1593.090123,1593.0901,XUUUU+6P,1663.168373,1683.043013,1798.097108
S,2,0,0,1,1,5,_H2S,5.0,SAASU+5P-H2S,1592.158121,1592.1581,1593.1659459999998,1593.1659,XAASU+5P,1663.2441959999999,1683.1188359999999,1798.1729309999998
S,1,0,1,0,2,5,_H2S,5.0,SAGUU+5P-H2S,1592.175879,1592.1759,1593.1837039999998,1593.1837,XAGUU+5P,1663.2619539999998,1683.1365939999998,1798.1906889999998
S,0,0,0,4,0,5,_H2S,5.0,SSSSS+5P-H2S,1594.035158,1594.0352,1595.0429829999998,1595.043,XSSSS+5P,1665.1212329999998,1684.9958729999998,1800.0499679999998
S,2,1,1,0,0,5,_H2S_H2O,5.0,SAACG+5P-H2S-H2O,1596.208515,1596.2085,1597.21634,1597.2163,XAACG+5P,1667.29459,1687.16923,1802.223325
S,3,0,0,1,0,5,_H2S_H2O,5.0,SAAAS+5P-H2S-H2O,1597.174773,1597.1748,1598.182598,1598.1826,XAAAS+5P,1668.2608480000001,1688.1354880000001,1803.189583
S,2,0,1,0,1,5,_H2S_H2O,5.0,SAAGU+5P-H2S-H2O,1597.192531,1597.1925,1598.2003559999998,1598.2004,XAAGU+5P,1668.2786059999999,1688.1532459999999,1803.2073409999998
S,3,1,0,0,0,5,_H2S,5.0,SAAAC+5P-H2S,1598.224165,1598.2242,1599.23199,1599.232,XAAAC+5P,1669.31024,1689.18488,1804.238975
S,0,0,1,3,0,5,_H2S_H2O,5.0,SGSSS+5P-H2S-H2O,1599.069568,1599.0696,1600.0773929999998,1600.0774,XGSSS+5P,1670.1556429999998,1690.0302829999998,1805.0843779999998
S,3,0,0,0,1,5,_H2S,5.0,SAAAU+5P-H2S,1599.208181,1599.2082,1600.216006,1600.216,XAAAU+5P,1670.2942560000001,1690.1688960000001,1805.222991
S,0,1,1,2,0,5,_H2S,5.0,SCGSS+5P-H2S,1600.11896,1600.119,1601.126785,1601.1268,XCGSS+5P,1671.205035,1691.079675,1806.13377
S,1,0,0,3,0,5,_H2S,5.0,SASSS+5P-H2S,1601.085218,1601.0852,1602.093043,1602.093,XASSS+5P,1672.171293,1692.045933,1807.100028
S,0,0,1,2,1,5,_H2S,5.0,SGSSU+5P-H2S,1601.102976,1601.103,1602.1108009999998,1602.1108,XGSSU+5P,1672.1890509999998,1692.0636909999998,1807.1177859999998
S,4,0,0,0,0,5,_H2S_H2O,5.0,SAAAA+5P-H2S-H2O,1604.224833,1604.2248,1605.232658,1605.2327,XAAAA+5P,1675.310908,1695.185548,1810.239643
S,0,3,0,1,0,6,_H2S_H2O,5.0,SCCCS+6P-H2S-H2O,1605.107407,1605.1074,1606.115232,1606.1152,XCCCS+6P,1676.1934820000001,1696.0681220000001,1811.122217
S,0,1,2,1,0,5,_H2S_H2O,5.0,SCGGS+5P-H2S-H2O,1605.15337,1605.1534,1606.161195,1606.1612,XCGGS+5P,1676.239445,1696.114085,1811.16818
S,0,2,0,1,1,6,_H2S_H2O,5.0,SCCSU+6P-H2S-H2O,1606.091423,1606.0914,1607.099248,1607.0992,XCCSU+6P,1677.177498,1697.052138,1812.106233
S,1,0,1,2,0,5,_H2S_H2O,5.0,SAGSS+5P-H2S-H2O,1606.119628,1606.1196,1607.1274529999998,1607.1275,XAGSS+5P,1677.2057029999999,1697.0803429999999,1812.1344379999998
S,0,0,2,1,1,5,_H2S_H2O,5.0,SGGSU+5P-H2S-H2O,1606.137386,1606.1374,1607.145211,1607.1452,XGGSU+5P,1677.223461,1697.098101,1812.152196
S,0,4,0,0,0,6,_H2S,5.0,SCCCC+6P-H2S,1606.156799,1606.1568,1607.164624,1607.1646,XCCCC+6P,1677.242874,1697.117514,1812.171609
S,0,2,2,0,0,5,_H2S,5.0,SCCGG+5P-H2S,1606.202762,1606.2028,1607.2105869999998,1607.2106,XCCGG+5P,1677.2888369999998,1697.1634769999998,1812.2175719999998
S,0,0,4,0,0,4,_H2S,5.0,SGGGG+4P-H2S,1606.248725,1606.2487,1607.2565499999998,1607.2565,XGGGG+4P,1677.3347999999999,1697.2094399999999,1812.2635349999998
S,0,1,0,1,2,6,_H2S_H2O,5.0,SCSUU+6P-H2S-H2O,1607.075439,1607.0754,1608.083264,1608.0833,XCSUU+6P,1678.1615140000001,1698.0361540000001,1813.090249
S,0,3,0,0,1,6,_H2S,5.0,SCCCU+6P-H2S,1607.140815,1607.1408,1608.14864,1608.1486,XCCCU+6P,1678.22689,1698.10153,1813.1556249999999
S,1,1,1,1,0,5,_H2S,5.0,SACGS+5P-H2S,1607.16902,1607.169,1608.176845,1608.1768,XACGS+5P,1678.255095,1698.129735,1813.18383
S,0,1,2,0,1,5,_H2S,5.0,SCGGU+5P-H2S,1607.186778,1607.1868,1608.194603,1608.1946,XCGGU+5P,1678.272853,1698.147493,1813.201588
S,0,0,0,1,3,6,_H2S_H2O,5.0,SSUUU+6P-H2S-H2O,1608.059455,1608.0595,1609.06728,1609.0673,XSUUU+6P,1679.14553,1699.02017,1814.074265
S,0,2,0,0,2,6,_H2S,5.0,SCCUU+6P-H2S,1608.124831,1608.1248,1609.132656,1609.1327,XCCUU+6P,1679.210906,1699.085546,1814.139641
S,2,0,0,2,0,5,_H2S,5.0,SAASS+5P-H2S,1608.135278,1608.1353,1609.143103,1609.1431,XAASS+5P,1679.2213530000001,1699.0959930000001,1814.150088
S,1,0,1,1,1,5,_H2S,5.0,SAGSU+5P-H2S,1608.153036,1608.153,1609.1608609999998,1609.1609,XAGSU+5P,1679.2391109999999,1699.1137509999999,1814.1678459999998
S,0,0,2,0,2,5,_H2S,5.0,SGGUU+5P-H2S,1608.170794,1608.1708,1609.1786189999998,1609.1786,XGGUU+5P,1679.2568689999998,1699.1315089999998,1814.1856039999998
S,0,1,0,0,3,6,_H2S,5.0,SCUUU+6P-H2S,1609.108847,1609.1088,1610.116672,1610.1167,XCUUU+6P,1680.1949220000001,1700.0695620000001,1815.123657
S,0,0,0,0,4,6,_H2S,5.0,SUUUU+6P-H2S,1610.092863,1610.0929,1611.100688,1611.1007,XUUUU+6P,1681.178938,1701.053578,1816.107673
S,1,3,0,0,0,6,_H2S_H2O,5.0,SACCC+6P-H2S-H2O,1612.157467,1612.1575,1613.165292,1613.1653,XACCC+6P,1683.243542,1703.118182,1818.172277
S,1,1,2,0,0,5,_H2S_H2O,5.0,SACGG+5P-H2S-H2O,1612.20343,1612.2034,1613.211255,1613.2113,XACGG+5P,1683.289505,1703.164145,1818.21824
S,1,2,0,0,1,6,_H2S_H2O,5.0,SACCU+6P-H2S-H2O,1613.141483,1613.1415,1614.149308,1614.1493,XACCU+6P,1684.227558,1704.102198,1819.156293
S,2,0,1,1,0,5,_H2S_H2O,5.0,SAAGS+5P-H2S-H2O,1613.169688,1613.1697,1614.177513,1614.1775,XAAGS+5P,1684.2557630000001,1704.1304030000001,1819.184498
S,1,0,2,0,1,5,_H2S_H2O,5.0,SAGGU+5P-H2S-H2O,1613.187446,1613.1874,1614.1952709999998,1614.1953,XAGGU+5P,1684.2735209999998,1704.1481609999998,1819.2022559999998
S,1,1,0,0,2,6,_H2S_H2O,5.0,SACUU+6P-H2S-H2O,1614.125499,1614.1255,1615.133324,1615.1333,XACUU+6P,1685.211574,1705.086214,1820.140309
S,2,1,1,0,0,5,_H2S,5.0,SAACG+5P-H2S,1614.21908,1614.2191,1615.226905,1615.2269,XAACG+5P,1685.305155,1705.179795,1820.23389
S,1,0,0,0,3,6,_H2S_H2O,5.0,SAUUU+6P-H2S-H2O,1615.109515,1615.1095,1616.11734,1616.1173,XAUUU+6P,1686.19559,1706.07023,1821.124325
S,3,0,0,1,0,5,_H2S,5.0,SAAAS+5P-H2S,1615.185338,1615.1853,1616.193163,1616.1932,XAAAS+5P,1686.271413,1706.146053,1821.200148
S,2,0,1,0,1,5,_H2S,5.0,SAAGU+5P-H2S,1615.203096,1615.2031,1616.210921,1616.2109,XAAGU+5P,1686.2891710000001,1706.1638110000001,1821.217906
S,0,0,1,3,0,5,_H2S,5.0,SGSSS+5P-H2S,1617.080133,1617.0801,1618.0879579999998,1618.088,XGSSS+5P,1688.1662079999999,1708.0408479999999,1823.0949429999998
S,3,0,1,0,0,5,_H2S_H2O,5.0,SAAAG+5P-H2S-H2O,1620.219748,1620.2197,1621.227573,1621.2276,XAAAG+5P,1691.305823,1711.180463,1826.2345579999999
S,0,2,0,2,0,6,_H2S_H2O,5.0,SCCSS+6P-H2S-H2O,1622.06858,1622.0686,1623.076405,1623.0764,XCCSS+6P,1693.154655,1713.029295,1828.08339
S,0,0,2,2,0,5,_H2S_H2O,5.0,SGGSS+5P-H2S-H2O,1622.114543,1622.1145,1623.1223679999998,1623.1224,XGGSS+5P,1693.2006179999998,1713.0752579999998,1828.1293529999998
S,4,0,0,0,0,5,_H2S,5.0,SAAAA+5P-H2S,1622.235398,1622.2354,1623.243223,1623.2432,XAAAA+5P,1693.321473,1713.196113,1828.250208
S,0,1,0,2,1,6,_H2S_H2O,5.0,SCSSU+6P-H2S-H2O,1623.052596,1623.0526,1624.060421,1624.0604,XCSSU+6P,1694.138671,1714.013311,1829.067406
S,0,3,0,1,0,6,_H2S,5.0,SCCCS+6P-H2S,1623.117972,1623.118,1624.125797,1624.1258,XCCCS+6P,1694.204047,1714.078687,1829.132782
S,0,1,2,1,0,5,_H2S,5.0,SCGGS+5P-H2S,1623.163935,1623.1639,1624.17176,1624.1718,XCGGS+5P,1694.25001,1714.12465,1829.178745
S,0,0,0,2,2,6,_H2S_H2O,5.0,SSSUU+6P-H2S-H2O,1624.036612,1624.0366,1625.044437,1625.0444,XSSUU+6P,1695.122687,1714.997327,1830.051422
S,0,2,0,1,1,6,_H2S,5.0,SCCSU+6P-H2S,1624.101988,1624.102,1625.1098129999998,1625.1098,XCCSU+6P,1695.1880629999998,1715.0627029999998,1830.1167979999998
S,1,0,1,2,0,5,_H2S,5.0,SAGSS+5P-H2S,1624.130193,1624.1302,1625.138018,1625.138,XAGSS+5P,1695.2162680000001,1715.0909080000001,1830.145003
S,0,0,2,1,1,5,_H2S,5.0,SGGSU+5P-H2S,1624.147951,1624.148,1625.1557759999998,1625.1558,XGGSU+5P,1695.2340259999999,1715.1086659999999,1830.1627609999998
S,0,1,0,1,2,6,_H2S,5.0,SCSUU+6P-H2S,1625.086004,1625.086,1626.093829,1626.0938,XCSUU+6P,1696.172079,1716.046719,1831.100814
S,0,0,0,1,3,6,_H2S,5.0,SSUUU+6P-H2S,1626.07002,1626.07,1627.077845,1627.0778,XSUUU+6P,1697.156095,1717.030735,1832.08483
S,0,3,1,0,0,6,_H2S_H2O,5.0,SCCCG+6P-H2S-H2O,1628.152382,1628.1524,1629.160207,1629.1602,XCCCG+6P,1699.238457,1719.113097,1834.167192
S,0,1,3,0,0,5,_H2S_H2O,5.0,SCGGG+5P-H2S-H2O,1628.198345,1628.1983,1629.20617,1629.2062,XCGGG+5P,1699.28442,1719.15906,1834.213155
S,1,2,0,1,0,6,_H2S_H2O,5.0,SACCS+6P-H2S-H2O,1629.11864,1629.1186,1630.1264649999998,1630.1265,XACCS+6P,1700.2047149999999,1720.0793549999999,1835.1334499999998
S,0,2,1,0,1,6,_H2S_H2O,5.0,SCCGU+6P-H2S-H2O,1629.136398,1629.1364,1630.144223,1630.1442,XCCGU+6P,1700.222473,1720.097113,1835.151208
S,1,0,2,1,0,5,_H2S_H2O,5.0,SAGGS+5P-H2S-H2O,1629.164603,1629.1646,1630.172428,1630.1724,XAGGS+5P,1700.250678,1720.125318,1835.179413
S,0,0,3,0,1,5,_H2S_H2O,5.0,SGGGU+5P-H2S-H2O,1629.182361,1629.1824,1630.1901859999998,1630.1902,XGGGU+5P,1700.2684359999998,1720.1430759999998,1835.1971709999998
S,1,1,0,1,1,6,_H2S_H2O,5.0,SACSU+6P-H2S-H2O,1630.102656,1630.1027,1631.110481,1631.1105,XACSU+6P,1701.188731,1721.063371,1836.117466
S,0,1,1,0,2,6,_H2S_H2O,5.0,SCGUU+6P-H2S-H2O,1630.120414,1630.1204,1631.128239,1631.1282,XCGUU+6P,1701.206489,1721.081129,1836.1352239999999
S,1,3,0,0,0,6,_H2S,5.0,SACCC+6P-H2S,1630.168032,1630.168,1631.175857,1631.1759,XACCC+6P,1701.254107,1721.128747,1836.182842
S,1,1,2,0,0,5,_H2S,5.0,SACGG+5P-H2S,1630.213995,1630.214,1631.22182,1631.2218,XACGG+5P,1701.30007,1721.17471,1836.228805
S,1,0,0,1,2,6,_H2S_H2O,5.0,SASUU+6P-H2S-H2O,1631.086672,1631.0867,1632.0944969999998,1632.0945,XASUU+6P,1702.1727469999998,1722.0473869999998,1837.1014819999998
S,0,0,1,0,3,6,_H2S_H2O,5.0,SGUUU+6P-H2S-H2O,1631.10443,1631.1044,1632.112255,1632.1123,XGUUU+6P,1702.190505,1722.065145,1837.11924
S,1,2,0,0,1,6,_H2S,5.0,SACCU+6P-H2S,1631.152048,1631.152,1632.1598729999998,1632.1599,XACCU+6P,1702.2381229999999,1722.1127629999999,1837.1668579999998
S,2,0,1,1,0,5,_H2S,5.0,SAAGS+5P-H2S,1631.180253,1631.1803,1632.188078,1632.1881,XAAGS+5P,1702.266328,1722.140968,1837.195063
S,1,0,2,0,1,5,_H2S,5.0,SAGGU+5P-H2S,1631.198011,1631.198,1632.205836,1632.2058,XAGGU+5P,1702.2840860000001,1722.1587260000001,1837.212821
S,1,1,0,0,2,6,_H2S,5.0,SACUU+6P-H2S,1632.136064,1632.1361,1633.143889,1633.1439,XACUU+6P,1703.222139,1723.096779,1838.150874
S,1,0,0,0,3,6,_H2S,5.0,SAUUU+6P-H2S,1633.12008,1633.1201,1634.1279049999998,1634.1279,XAUUU+6P,1704.2061549999999,1724.0807949999999,1839.1348899999998
S,2,2,0,0,0,6,_H2S_H2O,5.0,SAACC+6P-H2S-H2O,1636.1687,1636.1687,1637.176525,1637.1765,XAACC+6P,1707.254775,1727.129415,1842.18351
S,2,0,2,0,0,5,_H2S_H2O,5.0,SAAGG+5P-H2S-H2O,1636.214663,1636.2147,1637.222488,1637.2225,XAAGG+5P,1707.3007380000001,1727.1753780000001,1842.229473
S,2,1,0,0,1,6,_H2S_H2O,5.0,SAACU+6P-H2S-H2O,1637.152716,1637.1527,1638.160541,1638.1605,XAACU+6P,1708.238791,1728.113431,1843.167526
S,2,0,0,0,2,6,_H2S_H2O,5.0,SAAUU+6P-H2S-H2O,1638.136732,1638.1367,1639.1445569999998,1639.1446,XAAUU+6P,1709.2228069999999,1729.0974469999999,1844.1515419999998
S,3,0,1,0,0,5,_H2S,5.0,SAAAG+5P-H2S,1638.230313,1638.2303,1639.238138,1639.2381,XAAAG+5P,1709.316388,1729.191028,1844.245123
S,0,1,0,3,0,6,_H2S_H2O,5.0,SCSSS+6P-H2S-H2O,1639.029753,1639.0298,1640.037578,1640.0376,XCSSS+6P,1710.115828,1729.990468,1845.044563
S,0,0,0,3,1,6,_H2S_H2O,5.0,SSSSU+6P-H2S-H2O,1640.013769,1640.0138,1641.0215939999998,1641.0216,XSSSU+6P,1711.0998439999998,1730.9744839999998,1846.0285789999998
S,0,2,0,2,0,6,_H2S,5.0,SCCSS+6P-H2S,1640.079145,1640.0791,1641.0869699999998,1641.087,XCCSS+6P,1711.1652199999999,1731.0398599999999,1846.0939549999998
S,0,0,2,2,0,5,_H2S,5.0,SGGSS+5P-H2S,1640.125108,1640.1251,1641.132933,1641.1329,XGGSS+5P,1711.2111830000001,1731.0858230000001,1846.139918
S,0,1,0,2,1,6,_H2S,5.0,SCSSU+6P-H2S,1641.063161,1641.0632,1642.070986,1642.071,XCSSU+6P,1712.149236,1732.023876,1847.077971
S,0,0,0,2,2,6,_H2S,5.0,SSSUU+6P-H2S,1642.047177,1642.0472,1643.0550019999998,1643.055,XSSUU+6P,1713.1332519999999,1733.0078919999999,1848.0619869999998
S,0,2,1,1,0,6,_H2S_H2O,5.0,SCCGS+6P-H2S-H2O,1645.113555,1645.1136,1646.1213799999998,1646.1214,XCCGS+6P,1716.1996299999998,1736.0742699999998,1851.1283649999998
S,0,0,3,1,0,5,_H2S_H2O,5.0,SGGGS+5P-H2S-H2O,1645.159518,1645.1595,1646.1673429999998,1646.1673,XGGGS+5P,1716.2455929999999,1736.1202329999999,1851.1743279999998
S,1,1,0,2,0,6,_H2S_H2O,5.0,SACSS+6P-H2S-H2O,1646.079813,1646.0798,1647.087638,1647.0876,XACSS+6P,1717.165888,1737.040528,1852.094623
S,0,1,1,1,1,6,_H2S_H2O,5.0,SCGSU+6P-H2S-H2O,1646.097571,1646.0976,1647.105396,1647.1054,XCGSU+6P,1717.183646,1737.058286,1852.112381
S,0,3,1,0,0,6,_H2S,5.0,SCCCG+6P-H2S,1646.162947,1646.1629,1647.170772,1647.1708,XCCCG+6P,1717.249022,1737.123662,1852.177757
S,0,1,3,0,0,5,_H2S,5.0,SCGGG+5P-H2S,1646.20891,1646.2089,1647.216735,1647.2167,XCGGG+5P,1717.294985,1737.169625,1852.22372
S,1,0,0,2,1,6,_H2S_H2O,5.0,SASSU+6P-H2S-H2O,1647.063829,1647.0638,1648.071654,1648.0717,XASSU+6P,1718.149904,1738.024544,1853.078639
S,0,0,1,1,2,6,_H2S_H2O,5.0,SGSUU+6P-H2S-H2O,1647.081587,1647.0816,1648.0894119999998,1648.0894,XGSUU+6P,1718.1676619999998,1738.0423019999998,1853.0963969999998
S,1,2,0,1,0,6,_H2S,5.0,SACCS+6P-H2S,1647.129205,1647.1292,1648.13703,1648.137,XACCS+6P,1718.2152800000001,1738.0899200000001,1853.144015
S,0,2,1,0,1,6,_H2S,5.0,SCCGU+6P-H2S,1647.146963,1647.147,1648.1547879999998,1648.1548,XCCGU+6P,1718.2330379999999,1738.1076779999999,1853.1617729999998
S,1,0,2,1,0,5,_H2S,5.0,SAGGS+5P-H2S,1647.175168,1647.1752,1648.182993,1648.183,XAGGS+5P,1718.261243,1738.135883,1853.1899779999999
S,0,0,3,0,1,5,_H2S,5.0,SGGGU+5P-H2S,1647.192926,1647.1929,1648.200751,1648.2008,XGGGU+5P,1718.279001,1738.153641,1853.207736
S,1,1,0,1,1,6,_H2S,5.0,SACSU+6P-H2S,1648.113221,1648.1132,1649.121046,1649.121,XACSU+6P,1719.199296,1739.073936,1854.128031
S,0,1,1,0,2,6,_H2S,5.0,SCGUU+6P-H2S,1648.130979,1648.131,1649.138804,1649.1388,XCGUU+6P,1719.217054,1739.091694,1854.145789
S,1,0,0,1,2,6,_H2S,5.0,SASUU+6P-H2S,1649.097237,1649.0972,1650.105062,1650.1051,XASUU+6P,1720.1833120000001,1740.0579520000001,1855.112047
S,0,0,1,0,3,6,_H2S,5.0,SGUUU+6P-H2S,1649.114995,1649.115,1650.1228199999998,1650.1228,XGUUU+6P,1720.2010699999998,1740.0757099999998,1855.1298049999998
S,1,2,1,0,0,6,_H2S_H2O,5.0,SACCG+6P-H2S-H2O,1652.163615,1652.1636,1653.1714399999998,1653.1714,XACCG+6P,1723.2496899999999,1743.1243299999999,1858.1784249999998
S,1,0,3,0,0,5,_H2S_H2O,5.0,SAGGG+5P-H2S-H2O,1652.209578,1652.2096,1653.217403,1653.2174,XAGGG+5P,1723.2956530000001,1743.1702930000001,1858.224388
S,2,1,0,1,0,6,_H2S_H2O,5.0,SAACS+6P-H2S-H2O,1653.129873,1653.1299,1654.137698,1654.1377,XAACS+6P,1724.215948,1744.090588,1859.144683
S,1,1,1,0,1,6,_H2S_H2O,5.0,SACGU+6P-H2S-H2O,1653.147631,1653.1476,1654.155456,1654.1555,XACGU+6P,1724.233706,1744.108346,1859.162441
S,2,0,0,1,1,6,_H2S_H2O,5.0,SAASU+6P-H2S-H2O,1654.113889,1654.1139,1655.121714,1655.1217,XAASU+6P,1725.1999640000001,1745.0746040000001,1860.128699
S,1,0,1,0,2,6,_H2S_H2O,5.0,SAGUU+6P-H2S-H2O,1654.131647,1654.1316,1655.1394719999998,1655.1395,XAGUU+6P,1725.2177219999999,1745.0923619999999,1860.1464569999998
S,2,2,0,0,0,6,_H2S,5.0,SAACC+6P-H2S,1654.179265,1654.1793,1655.18709,1655.1871,XAACC+6P,1725.26534,1745.13998,1860.1940749999999
S,2,0,2,0,0,5,_H2S,5.0,SAAGG+5P-H2S,1654.225228,1654.2252,1655.233053,1655.2331,XAAGG+5P,1725.311303,1745.185943,1860.240038
S,2,1,0,0,1,6,_H2S,5.0,SAACU+6P-H2S,1655.163281,1655.1633,1656.171106,1656.1711,XAACU+6P,1726.249356,1746.123996,1861.178091
S,0,0,0,4,0,6,_H2S_H2O,5.0,SSSSS+6P-H2S-H2O,1655.990926,1655.9909,1656.998751,1656.9988,XSSSS+6P,1727.077001,1746.951641,1862.005736
S,2,0,0,0,2,6,_H2S,5.0,SAAUU+6P-H2S,1656.147297,1656.1473,1657.155122,1657.1551,XAAUU+6P,1727.233372,1747.108012,1862.1621069999999
S,0,1,0,3,0,6,_H2S,5.0,SCSSS+6P-H2S,1657.040318,1657.0403,1658.048143,1658.0481,XCSSS+6P,1728.126393,1748.001033,1863.055128
S,0,0,0,3,1,6,_H2S,5.0,SSSSU+6P-H2S,1658.024334,1658.0243,1659.032159,1659.0322,XSSSU+6P,1729.1104090000001,1748.9850490000001,1864.039144
S,3,1,0,0,0,6,_H2S_H2O,5.0,SAAAC+6P-H2S-H2O,1660.179933,1660.1799,1661.1877579999998,1661.1878,XAAAC+6P,1731.2660079999998,1751.1406479999998,1866.1947429999998
S,3,0,0,0,1,6,_H2S_H2O,5.0,SAAAU+6P-H2S-H2O,1661.163949,1661.1639,1662.171774,1662.1718,XAAAU+6P,1732.250024,1752.124664,1867.178759
S,0,1,1,2,0,6,_H2S_H2O,5.0,SCGSS+6P-H2S-H2O,1662.074728,1662.0747,1663.082553,1663.0826,XCGSS+6P,1733.160803,1753.035443,1868.089538
S,1,0,0,3,0,6,_H2S_H2O,5.0,SASSS+6P-H2S-H2O,1663.040986,1663.041,1664.048811,1664.0488,XASSS+6P,1734.127061,1754.001701,1869.0557959999999
S,0,0,1,2,1,6,_H2S_H2O,5.0,SGSSU+6P-H2S-H2O,1663.058744,1663.0587,1664.0665689999998,1664.0666,XGSSU+6P,1734.1448189999999,1754.0194589999999,1869.0735539999998
S,0,2,1,1,0,6,_H2S,5.0,SCCGS+6P-H2S,1663.12412,1663.1241,1664.131945,1664.1319,XCCGS+6P,1734.210195,1754.084835,1869.13893
S,0,0,3,1,0,5,_H2S,5.0,SGGGS+5P-H2S,1663.170083,1663.1701,1664.177908,1664.1779,XGGGS+5P,1734.256158,1754.130798,1869.1848929999999
S,1,1,0,2,0,6,_H2S,5.0,SACSS+6P-H2S,1664.090378,1664.0904,1665.098203,1665.0982,XACSS+6P,1735.176453,1755.051093,1870.105188
S,0,1,1,1,1,6,_H2S,5.0,SCGSU+6P-H2S,1664.108136,1664.1081,1665.115961,1665.116,XCGSU+6P,1735.194211,1755.068851,1870.122946
S,1,0,0,2,1,6,_H2S,5.0,SASSU+6P-H2S,1665.074394,1665.0744,1666.082219,1666.0822,XASSU+6P,1736.160469,1756.035109,1871.0892039999999
S,0,0,1,1,2,6,_H2S,5.0,SGSUU+6P-H2S,1665.092152,1665.0922,1666.099977,1666.1,XGSUU+6P,1736.178227,1756.052867,1871.106962
S,0,2,2,0,0,6,_H2S_H2O,5.0,SCCGG+6P-H2S-H2O,1668.15853,1668.1585,1669.1663549999998,1669.1664,XCCGG+6P,1739.2446049999999,1759.1192449999999,1874.1733399999998
S,0,0,4,0,0,5,_H2S_H2O,5.0,SGGGG+5P-H2S-H2O,1668.204493,1668.2045,1669.212318,1669.2123,XGGGG+5P,1739.2905680000001,1759.1652080000001,1874.219303
S,1,1,1,1,0,6,_H2S_H2O,5.0,SACGS+6P-H2S-H2O,1669.124788,1669.1248,1670.132613,1670.1326,XACGS+6P,1740.210863,1760.085503,1875.139598
S,0,1,2,0,1,6,_H2S_H2O,5.0,SCGGU+6P-H2S-H2O,1669.142546,1669.1425,1670.150371,1670.1504,XCGGU+6P,1740.228621,1760.103261,1875.157356
S,2,0,0,2,0,6,_H2S_H2O,5.0,SAASS+6P-H2S-H2O,1670.091046,1670.091,1671.098871,1671.0989,XAASS+6P,1741.177121,1761.051761,1876.105856
S,1,0,1,1,1,6,_H2S_H2O,5.0,SAGSU+6P-H2S-H2O,1670.108804,1670.1088,1671.116629,1671.1166,XAGSU+6P,1741.1948790000001,1761.0695190000001,1876.123614
S,0,0,2,0,2,6,_H2S_H2O,5.0,SGGUU+6P-H2S-H2O,1670.126562,1670.1266,1671.1343869999998,1671.1344,XGGUU+6P,1741.2126369999999,1761.0872769999999,1876.1413719999998
S,1,2,1,0,0,6,_H2S,5.0,SACCG+6P-H2S,1670.17418,1670.1742,1671.182005,1671.182,XACCG+6P,1741.260255,1761.134895,1876.1889899999999
S,1,0,3,0,0,5,_H2S,5.0,SAGGG+5P-H2S,1670.220143,1670.2201,1671.227968,1671.228,XAGGG+5P,1741.306218,1761.180858,1876.234953
S,2,1,0,1,0,6,_H2S,5.0,SAACS+6P-H2S,1671.140438,1671.1404,1672.1482629999998,1672.1483,XAACS+6P,1742.2265129999998,1762.1011529999998,1877.1552479999998
S,1,1,1,0,1,6,_H2S,5.0,SACGU+6P-H2S,1671.158196,1671.1582,1672.166021,1672.166,XACGU+6P,1742.244271,1762.118911,1877.173006
S,2,0,0,1,1,6,_H2S,5.0,SAASU+6P-H2S,1672.124454,1672.1245,1673.132279,1673.1323,XAASU+6P,1743.210529,1763.085169,1878.139264
S,1,0,1,0,2,6,_H2S,5.0,SAGUU+6P-H2S,1672.142212,1672.1422,1673.150037,1673.15,XAGUU+6P,1743.2282870000001,1763.1029270000001,1878.157022
S,0,0,0,4,0,6,_H2S,5.0,SSSSS+6P-H2S,1674.001491,1674.0015,1675.009316,1675.0093,XSSSS+6P,1745.087566,1764.962206,1880.0163009999999
S,2,1,1,0,0,6,_H2S_H2O,5.0,SAACG+6P-H2S-H2O,1676.174848,1676.1748,1677.182673,1677.1827,XAACG+6P,1747.260923,1767.135563,1882.189658
S,3,0,0,1,0,6,_H2S_H2O,5.0,SAAAS+6P-H2S-H2O,1677.141106,1677.1411,1678.148931,1678.1489,XAAAS+6P,1748.227181,1768.101821,1883.155916
S,2,0,1,0,1,6,_H2S_H2O,5.0,SAAGU+6P-H2S-H2O,1677.158864,1677.1589,1678.166689,1678.1667,XAAGU+6P,1748.244939,1768.119579,1883.173674
S,3,1,0,0,0,6,_H2S,5.0,SAAAC+6P-H2S,1678.190498,1678.1905,1679.1983229999998,1679.1983,XAAAC+6P,1749.2765729999999,1769.1512129999999,1884.2053079999998
S,0,0,1,3,0,6,_H2S_H2O,5.0,SGSSS+6P-H2S-H2O,1679.035901,1679.0359,1680.043726,1680.0437,XGSSS+6P,1750.1219760000001,1769.9966160000001,1885.050711
S,3,0,0,0,1,6,_H2S,5.0,SAAAU+6P-H2S,1679.174514,1679.1745,1680.182339,1680.1823,XAAAU+6P,1750.260589,1770.135229,1885.189324
S,0,1,1,2,0,6,_H2S,5.0,SCGSS+6P-H2S,1680.085293,1680.0853,1681.093118,1681.0931,XCGSS+6P,1751.171368,1771.046008,1886.100103
S,1,0,0,3,0,6,_H2S,5.0,SASSS+6P-H2S,1681.051551,1681.0516,1682.059376,1682.0594,XASSS+6P,1752.137626,1772.012266,1887.066361
S,0,0,1,2,1,6,_H2S,5.0,SGSSU+6P-H2S,1681.069309,1681.0693,1682.077134,1682.0771,XGSSU+6P,1752.155384,1772.030024,1887.0841189999999
S,4,0,0,0,0,6,_H2S_H2O,5.0,SAAAA+6P-H2S-H2O,1684.191166,1684.1912,1685.198991,1685.199,XAAAA+6P,1755.277241,1775.151881,1890.205976
S,0,1,2,1,0,6,_H2S_H2O,5.0,SCGGS+6P-H2S-H2O,1685.119703,1685.1197,1686.127528,1686.1275,XCGGS+6P,1756.205778,1776.080418,1891.134513
S,1,0,1,2,0,6,_H2S_H2O,5.0,SAGSS+6P-H2S-H2O,1686.085961,1686.086,1687.093786,1687.0938,XAGSS+6P,1757.172036,1777.046676,1892.100771
S,0,0,2,1,1,6,_H2S_H2O,5.0,SGGSU+6P-H2S-H2O,1686.103719,1686.1037,1687.111544,1687.1115,XGGSU+6P,1757.1897940000001,1777.0644340000001,1892.118529
S,0,2,2,0,0,6,_H2S,5.0,SCCGG+6P-H2S,1686.169095,1686.1691,1687.17692,1687.1769,XCCGG+6P,1757.2551700000001,1777.1298100000001,1892.183905
S,0,0,4,0,0,5,_H2S,5.0,SGGGG+5P-H2S,1686.215058,1686.2151,1687.222883,1687.2229,XGGGG+5P,1757.301133,1777.175773,1892.229868
S,1,1,1,1,0,6,_H2S,5.0,SACGS+6P-H2S,1687.135353,1687.1354,1688.1431779999998,1688.1432,XACGS+6P,1758.2214279999998,1778.0960679999998,1893.1501629999998
S,0,1,2,0,1,6,_H2S,5.0,SCGGU+6P-H2S,1687.153111,1687.1531,1688.160936,1688.1609,XCGGU+6P,1758.239186,1778.113826,1893.167921
S,2,0,0,2,0,6,_H2S,5.0,SAASS+6P-H2S,1688.101611,1688.1016,1689.109436,1689.1094,XAASS+6P,1759.187686,1779.062326,1894.116421
S,1,0,1,1,1,6,_H2S,5.0,SAGSU+6P-H2S,1688.119369,1688.1194,1689.127194,1689.1272,XAGSU+6P,1759.205444,1779.080084,1894.134179
S,0,0,2,0,2,6,_H2S,5.0,SGGUU+6P-H2S,1688.137127,1688.1371,1689.144952,1689.145,XGGUU+6P,1759.2232020000001,1779.0978420000001,1894.151937
S,1,1,2,0,0,6,_H2S_H2O,5.0,SACGG+6P-H2S-H2O,1692.169763,1692.1698,1693.177588,1693.1776,XACGG+6P,1763.255838,1783.130478,1898.184573
S,2,0,1,1,0,6,_H2S_H2O,5.0,SAAGS+6P-H2S-H2O,1693.136021,1693.136,1694.143846,1694.1438,XAAGS+6P,1764.222096,1784.096736,1899.150831
S,1,0,2,0,1,6,_H2S_H2O,5.0,SAGGU+6P-H2S-H2O,1693.153779,1693.1538,1694.161604,1694.1616,XAGGU+6P,1764.239854,1784.114494,1899.1685889999999
S,2,1,1,0,0,6,_H2S,5.0,SAACG+6P-H2S,1694.185413,1694.1854,1695.1932379999998,1695.1932,XAACG+6P,1765.2714879999999,1785.1461279999999,1900.2002229999998
S,3,0,0,1,0,6,_H2S,5.0,SAAAS+6P-H2S,1695.151671,1695.1517,1696.159496,1696.1595,XAAAS+6P,1766.237746,1786.112386,1901.166481
S,2,0,1,0,1,6,_H2S,5.0,SAAGU+6P-H2S,1695.169429,1695.1694,1696.177254,1696.1773,XAAGU+6P,1766.255504,1786.130144,1901.184239
S,0,0,1,3,0,6,_H2S,5.0,SGSSS+6P-H2S,1697.046466,1697.0465,1698.054291,1698.0543,XGSSS+6P,1768.132541,1788.007181,1903.061276
S,3,0,1,0,0,6,_H2S_H2O,5.0,SAAAG+6P-H2S-H2O,1700.186081,1700.1861,1701.193906,1701.1939,XAAAG+6P,1771.272156,1791.146796,1906.200891
S,0,0,2,2,0,6,_H2S_H2O,5.0,SGGSS+6P-H2S-H2O,1702.080876,1702.0809,1703.088701,1703.0887,XGGSS+6P,1773.166951,1793.041591,1908.095686
S,4,0,0,0,0,6,_H2S,5.0,SAAAA+6P-H2S,1702.201731,1702.2017,1703.209556,1703.2096,XAAAA+6P,1773.287806,1793.162446,1908.216541
S,0,1,2,1,0,6,_H2S,5.0,SCGGS+6P-H2S,1703.130268,1703.1303,1704.1380929999998,1704.1381,XCGGS+6P,1774.2163429999998,1794.0909829999998,1909.1450779999998
S,1,0,1,2,0,6,_H2S,5.0,SAGSS+6P-H2S,1704.096526,1704.0965,1705.104351,1705.1044,XAGSS+6P,1775.182601,1795.057241,1910.111336
S,0,0,2,1,1,6,_H2S,5.0,SGGSU+6P-H2S,1704.114284,1704.1143,1705.122109,1705.1221,XGGSU+6P,1775.200359,1795.074999,1910.129094
S,0,1,3,0,0,6,_H2S_H2O,5.0,SCGGG+6P-H2S-H2O,1708.164678,1708.1647,1709.172503,1709.1725,XCGGG+6P,1779.250753,1799.125393,1914.179488
S,1,0,2,1,0,6,_H2S_H2O,5.0,SAGGS+6P-H2S-H2O,1709.130936,1709.1309,1710.138761,1710.1388,XAGGS+6P,1780.217011,1800.091651,1915.145746
S,0,0,3,0,1,6,_H2S_H2O,5.0,SGGGU+6P-H2S-H2O,1709.148694,1709.1487,1710.156519,1710.1565,XGGGU+6P,1780.234769,1800.109409,1915.1635039999999
S,1,1,2,0,0,6,_H2S,5.0,SACGG+6P-H2S,1710.180328,1710.1803,1711.1881529999998,1711.1882,XACGG+6P,1781.2664029999999,1801.1410429999999,1916.1951379999998
S,2,0,1,1,0,6,_H2S,5.0,SAAGS+6P-H2S,1711.146586,1711.1466,1712.154411,1712.1544,XAAGS+6P,1782.232661,1802.107301,1917.161396
S,1,0,2,0,1,6,_H2S,5.0,SAGGU+6P-H2S,1711.164344,1711.1643,1712.172169,1712.1722,XAGGU+6P,1782.250419,1802.125059,1917.179154
S,2,0,2,0,0,6,_H2S_H2O,5.0,SAAGG+6P-H2S-H2O,1716.180996,1716.181,1717.188821,1717.1888,XAAGG+6P,1787.267071,1807.141711,1922.195806
S,3,0,1,0,0,6,_H2S,5.0,SAAAG+6P-H2S,1718.196646,1718.1966,1719.204471,1719.2045,XAAAG+6P,1789.282721,1809.157361,1924.211456
S,0,0,2,2,0,6,_H2S,5.0,SGGSS+6P-H2S,1720.091441,1720.0914,1721.099266,1721.0993,XGGSS+6P,1791.177516,1811.052156,1926.106251
S,0,0,3,1,0,6,_H2S_H2O,5.0,SGGGS+6P-H2S-H2O,1725.125851,1725.1259,1726.133676,1726.1337,XGGGS+6P,1796.211926,1816.086566,1931.140661
S,0,1,3,0,0,6,_H2S,5.0,SCGGG+6P-H2S,1726.175243,1726.1752,1727.1830679999998,1727.1831,XCGGG+6P,1797.2613179999998,1817.1359579999998,1932.1900529999998
S,1,0,2,1,0,6,_H2S,5.0,SAGGS+6P-H2S,1727.141501,1727.1415,1728.149326,1728.1493,XAGGS+6P,1798.227576,1818.102216,1933.156311
S,0,0,3,0,1,6,_H2S,5.0,SGGGU+6P-H2S,1727.159259,1727.1593,1728.167084,1728.1671,XGGGU+6P,1798.245334,1818.119974,1933.174069
S,1,0,3,0,0,6,_H2S_H2O,5.0,SAGGG+6P-H2S-H2O,1732.175911,1732.1759,1733.183736,1733.1837,XAGGG+6P,1803.261986,1823.136626,1938.190721
S,2,0,2,0,0,6,_H2S,5.0,SAAGG+6P-H2S,1734.191561,1734.1916,1735.199386,1735.1994,XAAGG+6P,1805.277636,1825.152276,1940.206371
S,0,0,3,1,0,6,_H2S,5.0,SGGGS+6P-H2S,1743.136416,1743.1364,1744.144241,1744.1442,XGGGS+6P,1814.222491,1834.097131,1949.151226
S,0,0,4,0,0,6,_H2S_H2O,5.0,SGGGG+6P-H2S-H2O,1748.170826,1748.1708,1749.178651,1749.1787,XGGGG+6P,1819.256901,1839.131541,1954.185636
S,1,0,3,0,0,6,_H2S,5.0,SAGGG+6P-H2S,1750.186476,1750.1865,1751.194301,1751.1943,XAGGG+6P,1821.272551,1841.147191,1956.201286
S,0,0,4,0,0,6,_H2S,5.0,SGGGG+6P-H2S,1766.181391,1766.1814,1767.189216,1767.1892,XGGGG+6P,1837.267466,1857.142106,1972.196201
0,0,1,0,0,0,1,_H2O,1.0,C-H2O,207.064392,207.0644,208.072217,208.0722,C,222.087867,226.062795,249.073614
0,0,0,0,0,1,1,_H2O,1.0,U-H2O,208.048408,208.0484,209.056233,209.0562,U,223.07188299999999,227.046811,250.05763
0,0,0,0,1,0,1,_H2O,1.0,S-H2O,224.02556500000003,224.0256,225.03339000000005,225.0334,S,239.04904000000005,243.02396800000005,266.03478700000005
0,0,1,0,0,0,1,,1.0,C,225.07495700000004,225.075,226.08278200000004,226.0828,C,240.09843200000003,244.07336000000004,267.08417900000006
0,0,0,0,0,1,1,,1.0,U,226.05897300000004,226.059,227.06679800000003,227.0668,U,241.08244800000003,245.05737600000003,268.06819500000006
0,1,0,0,0,0,1,_H2O,1.0,A-H2O,231.07562499999997,231.0756,232.08344999999997,232.0834,A,246.09909999999996,250.07402799999997,273.08484699999997
0,0,0,0,1,0,1,,1.0,S,242.03613,242.0361,243.04395499999995,243.044,S,257.059605,261.03453299999995,284.045352
0,0,0,1,0,0,1,_H2O,1.0,G-H2O,247.07054000000005,247.0705,248.07836500000005,248.0784,G,262.09401500000007,266.06894300000005,289.0797620000001
0,1,0,0,0,0,1,,1.0,A,249.08619,249.0862,250.094015,250.094,A,264.109665,268.08459300000004,291.095412
0,0,0,1,0,0,1,,1.0,G,265.081105,265.0811,266.08893,266.0889,G,280.10458,284.07950800000003,307.090327
0,0,1,0,0,0,2,_H2O,1.0,C+P-H2O,287.030725,287.0307,288.03855,288.0386,C+P,302.0542,306.029128,329.039947
0,0,0,0,0,1,2,_H2O,1.0,U+P-H2O,288.014741,288.0147,289.022566,289.0226,U+P,303.038216,307.013144,330.023963
0,0,0,0,1,0,2,_H2O,1.0,S+P-H2O,303.991898,303.9919,304.999723,304.9997,S+P,319.015373,322.99030100000004,346.00112
0,0,1,0,0,0,2,,1.0,C+P,305.04129,305.0413,306.04911500000003,306.0491,C+P,320.064765,324.03969300000006,347.050512
0,0,0,0,0,1,2,,1.0,U+P,306.025306,306.0253,307.033131,307.0331,U+P,321.048781,325.02370900000005,348.034528
0,1,0,0,0,0,2,_H2O,1.0,A+P-H2O,311.041958,311.042,312.04978300000005,312.0498,A+P,326.06543300000004,330.0403610000001,353.05118000000004
0,0,0,0,1,0,2,,1.0,S+P,322.00246300000003,322.0025,323.01028800000006,323.0103,S+P,337.02593800000005,341.0008660000001,364.01168500000006
0,0,0,1,0,0,2,_H2O,1.0,G+P-H2O,327.036873,327.0369,328.04469800000004,328.0447,G+P,342.06034800000003,346.03527600000007,369.04609500000004
0,1,0,0,0,0,2,,1.0,A+P,329.05252299999995,329.0525,330.060348,330.0603,A+P,344.07599799999997,348.050926,371.061745
0,0,0,1,0,0,2,,1.0,G+P,345.04743799999994,345.0474,346.055263,346.0553,G+P,360.070913,364.045841,387.05666
0,0,1,0,0,0,3,_H2O,1.0,C+2P-H2O,366.997058,366.9971,368.00488300000006,368.0049,C+2P,382.02053300000006,385.9954610000001,409.00628000000006
0,0,0,0,0,1,3,_H2O,1.0,U+2P-H2O,367.981074,367.9811,368.98889900000006,368.9889,U+2P,383.00454900000005,386.9794770000001,409.99029600000006
0,0,0,0,1,0,3,_H2O,1.0,S+2P-H2O,383.958231,383.9582,384.966056,384.9661,S+2P,398.981706,402.956634,425.967453
0,0,1,0,0,0,3,,1.0,C+2P,385.007623,385.0076,386.015448,386.0154,C+2P,400.031098,404.006026,427.016845
0,0,0,0,0,1,3,,1.0,U+2P,385.991639,385.9916,386.999464,386.9995,U+2P,401.015114,404.990042,428.000861
0,1,0,0,0,0,3,_H2O,1.0,A+2P-H2O,391.008291,391.0083,392.016116,392.0161,A+2P,406.031766,410.00669400000004,433.017513
0,0,0,0,1,0,3,,1.0,S+2P,401.968796,401.9688,402.976621,402.9766,S+2P,416.992271,420.96719900000005,443.978018
0,0,0,1,0,0,3,_H2O,1.0,G+2P-H2O,407.003206,407.0032,408.011031,408.011,G+2P,422.026681,426.00160900000003,449.012428
0,1,0,0,0,0,3,,1.0,A+2P,409.018856,409.0189,410.02668100000005,410.0267,A+2P,424.04233100000005,428.0172590000001,451.02807800000005
0,0,0,1,0,0,3,,1.0,G+2P,425.013771,425.0138,426.0215960000001,426.0216,G+2P,440.0372460000001,444.0121740000001,467.0229930000001
0,0,2,0,0,0,2,_H2O,2.0,CC+P-H2O,512.105682,512.1057,513.113507,513.1135,CC+P,541.144807,549.0946630000001,595.116301
0,0,1,0,0,1,2,_H2O,2.0,CU+P-H2O,513.089698,513.0897,514.097523,514.0975,CU+P,542.128823,550.078679,596.100317
0,0,0,0,0,2,2,_H2O,2.0,UU+P-H2O,514.073714,514.0737,515.081539,515.0815,UU+P,543.112839,551.0626950000001,597.084333
0,0,1,0,1,0,2,_H2O,2.0,CS+P-H2O,529.066855,529.0669,530.0746800000001,530.0747,CS+P,558.10598,566.055836,612.077474
0,0,0,0,1,1,2,_H2O,2.0,SU+P-H2O,530.050871,530.0509,531.058696,531.0587,SU+P,559.089996,567.0398520000001,613.06149
0,0,2,0,0,0,2,,2.0,CC+P,530.116247,530.1162,531.1240720000001,531.1241,CC+P,559.155372,567.1052280000001,613.1268660000001
0,0,1,0,0,1,2,,2.0,CU+P,531.100263,531.1003,532.1080880000001,532.1081,CU+P,560.139388,568.089244,614.1108820000001
0,0,0,0,0,2,2,,2.0,UU+P,532.084279,532.0843,533.0921040000001,533.0921,UU+P,561.123404,569.0732600000001,615.0948980000001
0,1,1,0,0,0,2,_H2O,2.0,AC+P-H2O,536.116915,536.1169,537.12474,537.1247,AC+P,565.15604,573.105896,619.127534
0,1,0,0,0,1,2,_H2O,2.0,AU+P-H2O,537.100931,537.1009,538.108756,538.1088,AU+P,566.140056,574.0899119999999,620.11155
0,0,0,0,2,0,2,_H2O,2.0,SS+P-H2O,546.028028,546.028,547.035853,547.0359,SS+P,575.067153,583.0170089999999,629.038647
0,0,1,0,1,0,2,,2.0,CS+P,547.07742,547.0774,548.085245,548.0852,CS+P,576.116545,584.066401,630.088039
0,0,0,0,1,1,2,,2.0,SU+P,548.061436,548.0614,549.069261,549.0693,SU+P,577.100561,585.0504169999999,631.072055
0,0,1,1,0,0,2,_H2O,2.0,CG+P-H2O,552.11183,552.1118,553.1196550000001,553.1197,CG+P,581.1509550000001,589.100811,635.1224490000001
0,1,0,0,1,0,2,_H2O,2.0,AS+P-H2O,553.078088,553.0781,554.085913,554.0859,AS+P,582.117213,590.067069,636.088707
0,0,0,1,0,1,2,_H2O,2.0,GU+P-H2O,553.095846,553.0958,554.1036710000001,554.1037,GU+P,582.1349710000001,590.0848270000001,636.1064650000001
0,1,1,0,0,0,2,,2.0,AC+P,554.12748,554.1275,555.135305,555.1353,AC+P,583.166605,591.1164610000001,637.138099
0,1,0,0,0,1,2,,2.0,AU+P,555.111496,555.1115,556.119321,556.1193,AU+P,584.150621,592.100477,638.122115
0,2,0,0,0,0,2,_H2O,2.0,AA+P-H2O,560.128148,560.1281,561.135973,561.136,AA+P,589.167273,597.117129,643.138767
0,0,0,0,2,0,2,,2.0,SS+P,564.038593,564.0386,565.046418,565.0464,SS+P,593.077718,601.027574,647.049212
0,0,0,1,1,0,2,_H2O,2.0,GS+P-H2O,569.073003,569.073,570.080828,570.0808,GS+P,598.112128,606.0619839999999,652.083622
0,0,1,1,0,0,2,,2.0,CG+P,570.122395,570.1224,571.13022,571.1302,CG+P,599.16152,607.1113760000001,653.133014
0,1,0,0,1,0,2,,2.0,AS+P,571.088653,571.0887,572.096478,572.0965,AS+P,600.127778,608.077634,654.099272
0,0,0,1,0,1,2,,2.0,GU+P,571.106411,571.1064,572.114236,572.1142,GU+P,600.145536,608.095392,654.11703
0,1,0,1,0,0,2,_H2O,2.0,AG+P-H2O,576.123063,576.1231,577.130888,577.1309,AG+P,605.162188,613.112044,659.133682
0,2,0,0,0,0,2,,2.0,AA+P,578.138713,578.1387,579.1465380000001,579.1465,AA+P,607.1778380000001,615.127694,661.1493320000001
0,0,0,1,1,0,2,,2.0,GS+P,587.083568,587.0836,588.091393,588.0914,GS+P,616.122693,624.072549,670.094187
0,0,2,0,0,0,3,_H2O,2.0,CC+2P-H2O,592.072015,592.072,593.07984,593.0798,CC+2P,621.11114,629.0609959999999,675.082634
0,0,0,2,0,0,2,_H2O,2.0,GG+P-H2O,592.117978,592.118,593.125803,593.1258,GG+P,621.157103,629.106959,675.128597
0,0,1,0,0,1,3,_H2O,2.0,CU+2P-H2O,593.056031,593.056,594.063856,594.0639,CU+2P,622.095156,630.045012,676.06665
0,0,0,0,0,2,3,_H2O,2.0,UU+2P-H2O,594.040047,594.04,595.047872,595.0479,UU+2P,623.079172,631.0290279999999,677.050666
0,1,0,1,0,0,2,,2.0,AG+P,594.133628,594.1336,595.1414530000001,595.1415,AG+P,623.1727530000001,631.122609,677.1442470000001
0,0,1,0,1,0,3,_H2O,2.0,CS+2P-H2O,609.033188,609.0332,610.041013,610.041,CS+2P,638.072313,646.0221690000001,692.043807
0,0,0,0,1,1,3,_H2O,2.0,SU+2P-H2O,610.017204,610.0172,611.025029,611.025,SU+2P,639.056329,647.006185,693.027823
0,0,2,0,0,0,3,,2.0,CC+2P,610.08258,610.0826,611.090405,611.0904,CC+2P,639.121705,647.071561,693.093199
0,0,0,2,0,0,2,,2.0,GG+P,610.128543,610.1285,611.1363680000001,611.1364,GG+P,639.167668,647.117524,693.139162
0,0,1,0,0,1,3,,2.0,CU+2P,611.066596,611.0666,612.074421,612.0744,CU+2P,640.105721,648.0555770000001,694.077215
0,0,0,0,0,2,3,,2.0,UU+2P,612.050612,612.0506,613.058437,613.0584,UU+2P,641.089737,649.039593,695.061231
0,1,1,0,0,0,3,_H2O,2.0,AC+2P-H2O,616.083248,616.0832,617.091073,617.0911,AC+2P,645.122373,653.0722290000001,699.093867
0,1,0,0,0,1,3,_H2O,2.0,AU+2P-H2O,617.067264,617.0673,618.075089,618.0751,AU+2P,646.106389,654.056245,700.077883
0,0,0,0,2,0,3,_H2O,2.0,SS+2P-H2O,625.994361,625.9944,627.002186,627.0022,SS+2P,655.033486,662.983342,709.00498
0,0,1,0,1,0,3,,2.0,CS+2P,627.043753,627.0438,628.0515780000001,628.0516,CS+2P,656.082878,664.0327340000001,710.0543720000001
0,0,0,0,1,1,3,,2.0,SU+2P,628.027769,628.0278,629.0355940000001,629.0356,SU+2P,657.066894,665.01675,711.038388
0,0,1,1,0,0,3,_H2O,2.0,CG+2P-H2O,632.078163,632.0782,633.085988,633.086,CG+2P,661.117288,669.0671440000001,715.088782
0,1,0,0,1,0,3,_H2O,2.0,AS+2P-H2O,633.0444209999999,633.0444,634.052246,634.0522,AS+2P,662.083546,670.033402,716.05504
0,0,0,1,0,1,3,_H2O,2.0,GU+2P-H2O,633.062179,633.0622,634.070004,634.07,GU+2P,662.101304,670.05116,716.072798
0,1,1,0,0,0,3,,2.0,AC+2P,634.093813,634.0938,635.101638,635.1016,AC+2P,663.132938,671.0827939999999,717.104432
0,1,0,0,0,1,3,,2.0,AU+2P,635.077829,635.0778,636.085654,636.0857,AU+2P,664.116954,672.06681,718.088448
0,2,0,0,0,0,3,_H2O,2.0,AA+2P-H2O,640.094481,640.0945,641.102306,641.1023,AA+2P,669.133606,677.083462,723.1051
0,0,0,0,2,0,3,,2.0,SS+2P,644.004926,644.0049,645.012751,645.0128,SS+2P,673.044051,680.993907,727.015545
0,0,0,1,1,0,3,_H2O,2.0,GS+2P-H2O,649.039336,649.0393,650.0471610000001,650.0472,GS+2P,678.0784610000001,686.028317,732.0499550000001
0,0,1,1,0,0,3,,2.0,CG+2P,650.088728,650.0887,651.096553,651.0966,CG+2P,679.127853,687.0777089999999,733.099347
0,1,0,0,1,0,3,,2.0,AS+2P,651.054986,651.055,652.062811,652.0628,AS+2P,680.094111,688.0439670000001,734.065605
0,0,0,1,0,1,3,,2.0,GU+2P,651.072744,651.0727,652.080569,652.0806,GU+2P,680.111869,688.061725,734.083363
0,1,0,1,0,0,3,_H2O,2.0,AG+2P-H2O,656.089396,656.0894,657.097221,657.0972,AG+2P,685.128521,693.078377,739.100015
0,2,0,0,0,0,3,,2.0,AA+2P,658.105046,658.105,659.112871,659.1129,AA+2P,687.144171,695.0940270000001,741.115665
0,0,0,1,1,0,3,,2.0,GS+2P,667.049901,667.0499,668.057726,668.0577,GS+2P,696.089026,704.0388820000001,750.06052
0,0,2,0,0,0,4,_H2O,2.0,CC+3P-H2O,672.038348,672.0383,673.0461730000001,673.0462,CC+3P,701.077473,709.027329,755.0489670000001
0,0,0,2,0,0,3,_H2O,2.0,GG+2P-H2O,672.084311,672.0843,673.092136,673.0921,GG+2P,701.123436,709.073292,755.09493
0,0,1,0,0,1,4,_H2O,2.0,CU+3P-H2O,673.022364,673.0224,674.0301890000001,674.0302,CU+3P,702.061489,710.0113450000001,756.0329830000001
0,0,0,0,0,2,4,_H2O,2.0,UU+3P-H2O,674.00638,674.0064,675.0142050000001,675.0142,UU+3P,703.045505,710.995361,757.016999
0,1,0,1,0,0,3,,2.0,AG+2P,674.099961,674.1,675.107786,675.1078,AG+2P,703.139086,711.0889420000001,757.11058
0,0,1,0,1,0,4,_H2O,2.0,CS+3P-H2O,688.999521,688.9995,690.007346,690.0073,CS+3P,718.038646,725.9885019999999,772.01014
0,0,0,0,1,1,4,_H2O,2.0,SU+3P-H2O,689.983537,689.9835,690.991362,690.9914,SU+3P,719.022662,726.972518,772.994156
0,0,2,0,0,0,4,,2.0,CC+3P,690.048913,690.0489,691.056738,691.0567,CC+3P,719.088038,727.037894,773.059532
0,0,0,2,0,0,3,,2.0,GG+2P,690.094876,690.0949,691.102701,691.1027,GG+2P,719.134001,727.0838570000001,773.105495
0,0,1,0,0,1,4,,2.0,CU+3P,691.032929,691.0329,692.040754,692.0408,CU+3P,720.072054,728.0219099999999,774.043548
0,0,0,0,0,2,4,,2.0,UU+3P,692.016945,692.0169,693.02477,693.0248,UU+3P,721.05607,729.005926,775.027564
0,1,1,0,0,0,4,_H2O,2.0,AC+3P-H2O,696.049581,696.0496,697.057406,697.0574,AC+3P,725.088706,733.038562,779.0602
0,1,0,0,0,1,4,_H2O,2.0,AU+3P-H2O,697.033597,697.0336,698.041422,698.0414,AU+3P,726.072722,734.0225780000001,780.044216
0,0,0,0,2,0,4,_H2O,2.0,SS+3P-H2O,705.960694,705.9607,706.968519,706.9685,SS+3P,734.999819,742.9496750000001,788.971313
0,0,1,0,1,0,4,,2.0,CS+3P,707.010086,707.0101,708.017911,708.0179,CS+3P,736.049211,743.999067,790.020705
0,0,0,0,1,1,4,,2.0,SU+3P,707.994102,707.9941,709.001927,709.0019,SU+3P,737.033227,744.9830830000001,791.004721
0,0,1,1,0,0,4,_H2O,2.0,CG+3P-H2O,712.044496,712.0445,713.052321,713.0523,CG+3P,741.083621,749.033477,795.055115
0,1,0,0,1,0,4,_H2O,2.0,AS+3P-H2O,713.010754,713.0108,714.018579,714.0186,AS+3P,742.049879,749.9997350000001,796.021373
0,0,0,1,0,1,4,_H2O,2.0,GU+3P-H2O,713.028512,713.0285,714.036337,714.0363,GU+3P,742.067637,750.0174930000001,796.039131
0,1,1,0,0,0,4,,2.0,AC+3P,714.060146,714.0601,715.0679710000001,715.068,AC+3P,743.099271,751.049127,797.070765
0,1,0,0,0,1,4,,2.0,AU+3P,715.044162,715.0442,716.051987,716.052,AU+3P,744.083287,752.0331430000001,798.054781
0,2,0,0,0,0,4,_H2O,2.0,AA+3P-H2O,720.0608139999999,720.0608,721.068639,721.0686,AA+3P,749.099939,757.0497949999999,803.071433
0,0,0,0,2,0,4,,2.0,SS+3P,723.9712589999999,723.9713,724.979084,724.9791,SS+3P,753.0103839999999,760.9602399999999,806.9818779999999
0,0,0,1,1,0,4,_H2O,2.0,GS+3P-H2O,729.0056689999999,729.0057,730.0134939999999,730.0135,GS+3P,758.0447939999999,765.9946499999999,812.0162879999999
0,0,1,1,0,0,4,,2.0,CG+3P,730.055061,730.0551,731.062886,731.0629,CG+3P,759.094186,767.044042,813.06568
0,1,0,0,1,0,4,,2.0,AS+3P,731.021319,731.0213,732.029144,732.0291,AS+3P,760.060444,768.0102999999999,814.031938
0,0,0,1,0,1,4,,2.0,GU+3P,731.0390769999999,731.0391,732.0469019999999,732.0469,GU+3P,760.0782019999999,768.0280579999999,814.0496959999999
0,1,0,1,0,0,4,_H2O,2.0,AG+3P-H2O,736.0557289999999,736.0557,737.063554,737.0636,AG+3P,765.0948539999999,773.0447099999999,819.066348
0,2,0,0,0,0,4,,2.0,AA+3P,738.071379,738.0714,739.079204,739.0792,AA+3P,767.110504,775.06036,821.081998
0,0,0,1,1,0,4,,2.0,GS+3P,747.0162339999999,747.0162,748.024059,748.0241,GS+3P,776.055359,784.0052149999999,830.026853
0,0,0,2,0,0,4,_H2O,2.0,GG+3P-H2O,752.0506439999999,752.0506,753.058469,753.0585,GG+3P,781.0897689999999,789.0396249999999,835.0612629999999
0,1,0,1,0,0,4,,2.0,AG+3P,754.066294,754.0663,755.074119,755.0741,AG+3P,783.105419,791.0552749999999,837.076913
0,0,0,2,0,0,4,,2.0,GG+3P,770.061209,770.0612,771.069034,771.069,GG+3P,799.100334,807.0501899999999,853.071828
0,0,3,0,0,0,3,_H2O,3.0,CCC+2P-H2O,817.146972,817.147,818.154797,818.1548,CCC+2P,860.2017470000001,872.126531,941.158988
0,0,2,0,0,1,3,_H2O,3.0,CCU+2P-H2O,818.1309879999999,818.131,819.1388129999999,819.1388,CCU+2P,861.185763,873.1105469999999,942.1430039999999
0,0,1,0,0,2,3,_H2O,3.0,CUU+2P-H2O,819.115004,819.115,820.122829,820.1228,CUU+2P,862.1697790000001,874.094563,943.12702
0,0,0,0,0,3,3,_H2O,3.0,UUU+2P-H2O,820.0990200000001,820.099,821.1068450000001,821.1068,UUU+2P,863.1537950000002,875.0785790000001,944.1110360000001
0,0,2,0,1,0,3,_H2O,3.0,CCS+2P-H2O,834.1081449999999,834.1081,835.11597,835.116,CCS+2P,877.16292,889.0877039999999,958.1201609999999
0,0,1,0,1,1,3,_H2O,3.0,CSU+2P-H2O,835.092161,835.0922,836.0999860000001,836.1,CSU+2P,878.1469360000001,890.07172,959.104177
0,0,3,0,0,0,3,,3.0,CCC+2P,835.157537,835.1575,836.1653620000001,836.1654,CCC+2P,878.2123120000001,890.137096,959.1695530000001
0,0,0,0,1,2,3,_H2O,3.0,SUU+2P-H2O,836.0761769999999,836.0762,837.0840019999999,837.084,SUU+2P,879.130952,891.0557359999999,960.0881929999999
0,0,2,0,0,1,3,,3.0,CCU+2P,836.1415529999999,836.1416,837.149378,837.1494,CCU+2P,879.196328,891.1211119999999,960.153569
0,0,1,0,0,2,3,,3.0,CUU+2P,837.125569,837.1256,838.1333940000001,838.1334,CUU+2P,880.1803440000001,892.105128,961.1375850000001
0,0,0,0,0,3,3,,3.0,UUU+2P,838.1095849999999,838.1096,839.11741,839.1174,UUU+2P,881.16436,893.0891439999999,962.1216009999999
0,1,2,0,0,0,3,_H2O,3.0,ACC+2P-H2O,841.158205,841.1582,842.16603,842.166,ACC+2P,884.21298,896.137764,965.170221
0,1,1,0,0,1,3,_H2O,3.0,ACU+2P-H2O,842.1422210000001,842.1422,843.1500460000001,843.15,ACU+2P,885.1969960000001,897.1217800000001,966.1542370000001
0,1,0,0,0,2,3,_H2O,3.0,AUU+2P-H2O,843.126237,843.1262,844.134062,844.1341,AUU+2P,886.181012,898.1057959999999,967.138253
0,0,1,0,2,0,3,_H2O,3.0,CSS+2P-H2O,851.0693180000001,851.0693,852.0771430000001,852.0771,CSS+2P,894.1240930000001,906.0488770000001,975.0813340000001
0,0,0,0,2,1,3,_H2O,3.0,SSU+2P-H2O,852.053334,852.0533,853.061159,853.0612,SSU+2P,895.108109,907.032893,976.06535
0,0,2,0,1,0,3,,3.0,CCS+2P,852.11871,852.1187,853.126535,853.1265,CCS+2P,895.173485,907.098269,976.130726
0,0,1,0,1,1,3,,3.0,CSU+2P,853.1027260000001,853.1027,854.1105510000001,854.1106,CSU+2P,896.1575010000001,908.0822850000001,977.1147420000001
0,0,0,0,1,2,3,,3.0,SUU+2P,854.086742,854.0867,855.094567,855.0946,SUU+2P,897.141517,909.066301,978.098758
0,0,2,1,0,0,3,_H2O,3.0,CCG+2P-H2O,857.15312,857.1531,858.160945,858.1609,CCG+2P,900.207895,912.1326789999999,981.165136
0,1,1,0,1,0,3,_H2O,3.0,ACS+2P-H2O,858.1193780000001,858.1194,859.1272030000001,859.1272,ACS+2P,901.1741530000002,913.0989370000001,982.1313940000001
0,0,1,1,0,1,3,_H2O,3.0,CGU+2P-H2O,858.137136,858.1371,859.1449610000001,859.145,CGU+2P,901.1919110000001,913.116695,982.1491520000001
0,1,0,0,1,1,3,_H2O,3.0,ASU+2P-H2O,859.103394,859.1034,860.111219,860.1112,ASU+2P,902.158169,914.082953,983.11541
0,0,0,1,0,2,3,_H2O,3.0,GUU+2P-H2O,859.1211519999999,859.1212,860.128977,860.129,GUU+2P,902.175927,914.1007109999999,983.133168
0,1,2,0,0,0,3,,3.0,ACC+2P,859.16877,859.1688,860.176595,860.1766,ACC+2P,902.2235450000001,914.148329,983.180786
0,1,1,0,0,1,3,,3.0,ACU+2P,860.1527860000001,860.1528,861.1606110000001,861.1606,ACU+2P,903.2075610000002,915.1323450000001,984.1648020000001
0,1,0,0,0,2,3,,3.0,AUU+2P,861.136802,861.1368,862.144627,862.1446,AUU+2P,904.191577,916.116361,985.148818
0,2,1,0,0,0,3,_H2O,3.0,AAC+2P-H2O,865.1694379999999,865.1694,866.1772629999999,866.1773,AAC+2P,908.224213,920.1489969999999,989.1814539999999
0,2,0,0,0,1,3,_H2O,3.0,AAU+2P-H2O,866.153454,866.1535,867.161279,867.1613,AAU+2P,909.2082290000001,921.133013,990.16547
0,0,0,0,3,0,3,_H2O,3.0,SSS+2P-H2O,868.030491,868.0305,869.038316,869.0383,SSS+2P,911.085266,923.01005,992.042507
0,0,1,0,2,0,3,,3.0,CSS+2P,869.0798830000001,869.0799,870.0877080000001,870.0877,CSS+2P,912.1346580000002,924.0594420000001,993.0918990000001
0,0,0,0,2,1,3,,3.0,SSU+2P,870.063899,870.0639,871.071724,871.0717,SSU+2P,913.118674,925.043458,994.075915
0,0,1,1,1,0,3,_H2O,3.0,CGS+2P-H2O,874.1142930000001,874.1143,875.1221180000001,875.1221,CGS+2P,917.1690680000002,929.0938520000001,998.1263090000001
0,1,0,0,2,0,3,_H2O,3.0,ASS+2P-H2O,875.080551,875.0806,876.088376,876.0884,ASS+2P,918.1353260000001,930.06011,999.092567
0,0,0,1,1,1,3,_H2O,3.0,GSU+2P-H2O,875.098309,875.0983,876.106134,876.1061,GSU+2P,918.153084,930.077868,999.110325
0,0,2,1,0,0,3,,3.0,CCG+2P,875.163685,875.1637,876.17151,876.1715,CCG+2P,918.21846,930.143244,999.175701
0,1,1,0,1,0,3,,3.0,ACS+2P,876.1299429999999,876.1299,877.1377679999999,877.1378,ACS+2P,919.184718,931.1095019999999,1000.1419589999999
0,0,1,1,0,1,3,,3.0,CGU+2P,876.1477010000001,876.1477,877.1555260000001,877.1555,CGU+2P,919.2024760000002,931.1272600000001,1000.1597170000001
0,1,0,0,1,1,3,,3.0,ASU+2P,877.113959,877.114,878.121784,878.1218,ASU+2P,920.1687340000001,932.093518,1001.125975
0,0,0,1,0,2,3,,3.0,GUU+2P,877.131717,877.1317,878.139542,878.1395,GUU+2P,920.186492,932.111276,1001.143733
0,1,1,1,0,0,3,_H2O,3.0,ACG+2P-H2O,881.1643529999999,881.1644,882.1721779999999,882.1722,ACG+2P,924.219128,936.1439119999999,1005.1763689999999
0,2,0,0,1,0,3,_H2O,3.0,AAS+2P-H2O,882.130611,882.1306,883.1384360000001,883.1384,AAS+2P,925.1853860000001,937.11017,1006.1426270000001
0,1,0,1,0,1,3,_H2O,3.0,AGU+2P-H2O,882.148369,882.1484,883.156194,883.1562,AGU+2P,925.2031440000001,937.127928,1006.160385
0,2,1,0,0,0,3,,3.0,AAC+2P,883.1800029999999,883.18,884.187828,884.1878,AAC+2P,926.234778,938.1595619999999,1007.192019
0,2,0,0,0,1,3,,3.0,AAU+2P,884.164019,884.164,885.1718440000001,885.1718,AAU+2P,927.2187940000001,939.143578,1008.1760350000001
0,0,0,0,3,0,3,,3.0,SSS+2P,886.041056,886.0411,887.048881,887.0489,SSS+2P,929.0958310000001,941.020615,1010.053072
0,3,0,0,0,0,3,_H2O,3.0,AAA+2P-H2O,889.1806710000001,889.1807,890.1884960000001,890.1885,AAA+2P,932.2354460000001,944.1602300000001,1013.1926870000001
0,0,0,1,2,0,3,_H2O,3.0,GSS+2P-H2O,891.075466,891.0755,892.083291,892.0833,GSS+2P,934.1302410000001,946.055025,1015.087482
0,0,1,1,1,0,3,,3.0,CGS+2P,892.1248579999999,892.1249,893.1326829999999,893.1327,CGS+2P,935.179633,947.1044169999999,1016.1368739999999
0,1,0,0,2,0,3,,3.0,ASS+2P,893.091116,893.0911,894.0989410000001,894.0989,ASS+2P,936.1458910000001,948.070675,1017.1031320000001
0,0,0,1,1,1,3,,3.0,GSU+2P,893.108874,893.1089,894.116699,894.1167,GSU+2P,936.1636490000001,948.088433,1017.12089
0,0,3,0,0,0,4,_H2O,3.0,CCC+3P-H2O,897.1133050000001,897.1133,898.1211300000001,898.1211,CCC+3P,940.1680800000001,952.0928640000001,1021.1253210000001
0,0,1,2,0,0,3,_H2O,3.0,CGG+2P-H2O,897.1592680000001,897.1593,898.1670930000001,898.1671,CGG+2P,940.2140430000002,952.1388270000001,1021.1712840000001
0,0,2,0,0,1,4,_H2O,3.0,CCU+3P-H2O,898.097321,898.0973,899.105146,899.1051,CCU+3P,941.152096,953.07688,1022.109337
0,1,0,1,1,0,3,_H2O,3.0,AGS+2P-H2O,898.125526,898.1255,899.1333510000001,899.1334,AGS+2P,941.1803010000001,953.105085,1022.137542
0,0,0,2,0,1,3,_H2O,3.0,GGU+2P-H2O,898.143284,898.1433,899.151109,899.1511,GGU+2P,941.1980590000001,953.122843,1022.1553
0,0,1,0,0,2,4,_H2O,3.0,CUU+3P-H2O,899.0813370000001,899.0813,900.0891620000001,900.0892,CUU+3P,942.1361120000001,954.0608960000001,1023.0933530000001
0,1,1,1,0,0,3,,3.0,ACG+2P,899.1749179999999,899.1749,900.182743,900.1827,ACG+2P,942.229693,954.1544769999999,1023.186934
0,0,0,0,0,3,4,_H2O,3.0,UUU+3P-H2O,900.065353,900.0654,901.073178,901.0732,UUU+3P,943.120128,955.044912,1024.077369
0,2,0,0,1,0,3,,3.0,AAS+2P,900.1411760000001,900.1412,901.149001,901.149,AAS+2P,943.195951,955.120735,1024.153192
0,1,0,1,0,1,3,,3.0,AGU+2P,900.158934,900.1589,901.166759,901.1668,AGU+2P,943.213709,955.1384929999999,1024.17095
0,2,0,1,0,0,3,_H2O,3.0,AAG+2P-H2O,905.175586,905.1756,906.183411,906.1834,AAG+2P,948.230361,960.155145,1029.187602
0,3,0,0,0,0,3,,3.0,AAA+2P,907.191236,907.1912,908.199061,908.1991,AAA+2P,950.2460110000001,962.170795,1031.203252
0,0,0,1,2,0,3,,3.0,GSS+2P,909.086031,909.086,910.093856,910.0939,GSS+2P,952.140806,964.0655899999999,1033.098047
0,0,2,0,1,0,4,_H2O,3.0,CCS+3P-H2O,914.074478,914.0745,915.082303,915.0823,CCS+3P,957.1292530000001,969.054037,1038.0864940000001
0,0,0,2,1,0,3,_H2O,3.0,GGS+2P-H2O,914.120441,914.1204,915.128266,915.1283,GGS+2P,957.1752160000001,969.1,1038.1324570000002
0,0,1,0,1,1,4,_H2O,3.0,CSU+3P-H2O,915.058494,915.0585,916.066319,916.0663,CSU+3P,958.1132690000001,970.038053,1039.07051
0,0,3,0,0,0,4,,3.0,CCC+3P,915.12387,915.1239,916.131695,916.1317,CCC+3P,958.1786450000001,970.103429,1039.135886
0,0,1,2,0,0,3,,3.0,CGG+2P,915.169833,915.1698,916.177658,916.1777,CGG+2P,958.224608,970.1493919999999,1039.181849
0,0,0,0,1,2,4,_H2O,3.0,SUU+3P-H2O,916.04251,916.0425,917.050335,917.0503,SUU+3P,959.097285,971.022069,1040.054526
0,0,2,0,0,1,4,,3.0,CCU+3P,916.107886,916.1079,917.115711,917.1157,CCU+3P,959.1626610000001,971.087445,1040.119902
0,1,0,1,1,0,3,,3.0,AGS+2P,916.136091,916.1361,917.143916,917.1439,AGS+2P,959.190866,971.11565,1040.148107
0,0,0,2,0,1,3,,3.0,GGU+2P,916.153849,916.1538,917.161674,917.1617,GGU+2P,959.208624,971.1334079999999,1040.165865
0,0,1,0,0,2,4,,3.0,CUU+3P,917.091902,917.0919,918.099727,918.0997,CUU+3P,960.1466770000001,972.071461,1041.103918
0,0,0,0,0,3,4,,3.0,UUU+3P,918.075918,918.0759,919.083743,919.0837,UUU+3P,961.1306930000001,973.055477,1042.0879340000001
0,1,2,0,0,0,4,_H2O,3.0,ACC+3P-H2O,921.124538,921.1245,922.132363,922.1324,ACC+3P,964.1793130000001,976.104097,1045.1365540000002
0,1,0,2,0,0,3,_H2O,3.0,AGG+2P-H2O,921.170501,921.1705,922.178326,922.1783,AGG+2P,964.225276,976.1500599999999,1045.182517
0,1,1,0,0,1,4,_H2O,3.0,ACU+3P-H2O,922.108554,922.1086,923.116379,923.1164,ACU+3P,965.1633290000001,977.088113,1046.12057
0,1,0,0,0,2,4,_H2O,3.0,AUU+3P-H2O,923.09257,923.0926,924.100395,924.1004,AUU+3P,966.1473450000001,978.072129,1047.104586
0,2,0,1,0,0,3,,3.0,AAG+2P,923.186151,923.1862,924.193976,924.194,AAG+2P,966.2409260000001,978.16571,1047.198167
0,0,1,0,2,0,4,_H2O,3.0,CSS+3P-H2O,931.035651,931.0357,932.043476,932.0435,CSS+3P,974.0904260000001,986.01521,1055.047667
0,0,0,0,2,1,4,_H2O,3.0,SSU+3P-H2O,932.019667,932.0197,933.027492,933.0275,SSU+3P,975.0744420000001,986.999226,1056.0316830000002
0,0,2,0,1,0,4,,3.0,CCS+3P,932.085043,932.085,933.092868,933.0929,CCS+3P,975.139818,987.0646019999999,1056.097059
0,0,0,2,1,0,3,,3.0,GGS+2P,932.131006,932.131,933.138831,933.1388,GGS+2P,975.185781,987.110565,1056.143022
0,0,1,0,1,1,4,,3.0,CSU+3P,933.069059,933.0691,934.076884,934.0769,CSU+3P,976.123834,988.0486179999999,1057.081075
0,0,0,0,1,2,4,,3.0,SUU+3P,934.053075,934.0531,935.0609,935.0609,SUU+3P,977.10785,989.0326339999999,1058.065091
0,0,2,1,0,0,4,_H2O,3.0,CCG+3P-H2O,937.119453,937.1195,938.127278,938.1273,CCG+3P,980.1742280000001,992.099012,1061.131469
0,0,0,3,0,0,3,_H2O,3.0,GGG+2P-H2O,937.165416,937.1654,938.173241,938.1732,GGG+2P,980.220191,992.1449749999999,1061.177432
0,1,1,0,1,0,4,_H2O,3.0,ACS+3P-H2O,938.085711,938.0857,939.093536,939.0935,ACS+3P,981.140486,993.0652699999999,1062.0977269999998
0,0,1,1,0,1,4,_H2O,3.0,CGU+3P-H2O,938.103469,938.1035,939.111294,939.1113,CGU+3P,981.1582440000001,993.083028,1062.115485
0,1,0,0,1,1,4,_H2O,3.0,ASU+3P-H2O,939.069727,939.0697,940.077552,940.0776,ASU+3P,982.124502,994.0492859999999,1063.081743
0,0,0,1,0,2,4,_H2O,3.0,GUU+3P-H2O,939.087485,939.0875,940.09531,940.0953,GUU+3P,982.1422600000001,994.067044,1063.0995010000001
0,1,2,0,0,0,4,,3.0,ACC+3P,939.135103,939.1351,940.142928,940.1429,ACC+3P,982.189878,994.114662,1063.147119
0,1,0,2,0,0,3,,3.0,AGG+2P,939.181066,939.1811,940.188891,940.1889,AGG+2P,982.235841,994.160625,1063.193082
0,1,1,0,0,1,4,,3.0,ACU+3P,940.119119,940.1191,941.126944,941.1269,ACU+3P,983.173894,995.098678,1064.131135
0,1,0,0,0,2,4,,3.0,AUU+3P,941.103135,941.1031,942.11096,942.111,AUU+3P,984.15791,996.082694,1065.115151
0,2,1,0,0,0,4,_H2O,3.0,AAC+3P-H2O,945.135771,945.1358,946.143596,946.1436,AAC+3P,988.190546,1000.11533,1069.1477869999999
0,2,0,0,0,1,4,_H2O,3.0,AAU+3P-H2O,946.119787,946.1198,947.127612,947.1276,AAU+3P,989.174562,1001.099346,1070.131803
0,0,0,0,3,0,4,_H2O,3.0,SSS+3P-H2O,947.996824,947.9968,949.004649,949.0046,SSS+3P,991.051599,1002.9763829999999,1072.00884
0,0,1,0,2,0,4,,3.0,CSS+3P,949.046216,949.0462,950.054041,950.054,CSS+3P,992.100991,1004.025775,1073.0582319999999
0,0,0,0,2,1,4,,3.0,SSU+3P,950.030232,950.0302,951.038057,951.0381,SSU+3P,993.085007,1005.009791,1074.042248
0,0,1,1,1,0,4,_H2O,3.0,CGS+3P-H2O,954.080626,954.0806,955.088451,955.0885,CGS+3P,997.135401,1009.0601849999999,1078.092642
0,1,0,0,2,0,4,_H2O,3.0,ASS+3P-H2O,955.046884,955.0469,956.054709,956.0547,ASS+3P,998.101659,1010.026443,1079.0589
0,0,0,1,1,1,4,_H2O,3.0,GSU+3P-H2O,955.064642,955.0646,956.072467,956.0725,GSU+3P,998.119417,1010.0442009999999,1079.076658
0,0,2,1,0,0,4,,3.0,CCG+3P,955.130018,955.13,956.137843,956.1378,CCG+3P,998.184793,1010.109577,1079.142034
0,0,0,3,0,0,3,,3.0,GGG+2P,955.175981,955.176,956.183806,956.1838,GGG+2P,998.230756,1010.15554,1079.187997
0,1,1,0,1,0,4,,3.0,ACS+3P,956.096276,956.0963,957.104101,957.1041,ACS+3P,999.151051,1011.075835,1080.108292
0,0,1,1,0,1,4,,3.0,CGU+3P,956.114034,956.114,957.121859,957.1219,CGU+3P,999.168809,1011.0935929999999,1080.1260499999999
0,1,0,0,1,1,4,,3.0,ASU+3P,957.080292,957.0803,958.088117,958.0881,ASU+3P,1000.135067,1012.059851,1081.092308
0,0,0,1,0,2,4,,3.0,GUU+3P,957.09805,957.098,958.105875,958.1059,GUU+3P,1000.152825,1012.0776089999999,1081.110066
0,1,1,1,0,0,4,_H2O,3.0,ACG+3P-H2O,961.130686,961.1307,962.138511,962.1385,ACG+3P,1004.185461,1016.110245,1085.142702
0,2,0,0,1,0,4,_H2O,3.0,AAS+3P-H2O,962.096944,962.0969,963.104769,963.1048,AAS+3P,1005.1517190000001,1017.076503,1086.10896
0,1,0,1,0,1,4,_H2O,3.0,AGU+3P-H2O,962.114702,962.1147,963.122527,963.1225,AGU+3P,1005.169477,1017.094261,1086.126718
0,2,1,0,0,0,4,,3.0,AAC+3P,963.146336,963.1463,964.154161,964.1542,AAC+3P,1006.2011110000001,1018.125895,1087.158352
0,2,0,0,0,1,4,,3.0,AAU+3P,964.130352,964.1304,965.138177,965.1382,AAU+3P,1007.1851270000001,1019.109911,1088.142368
0,0,0,0,3,0,4,,3.0,SSS+3P,966.007389,966.0074,967.015214,967.0152,SSS+3P,1009.062164,1020.986948,1090.019405
0,3,0,0,0,0,4,_H2O,3.0,AAA+3P-H2O,969.147004,969.147,970.154829,970.1548,AAA+3P,1012.201779,1024.126563,1093.15902
0,0,0,1,2,0,4,_H2O,3.0,GSS+3P-H2O,971.041799,971.0418,972.049624,972.0496,GSS+3P,1014.096574,1026.021358,1095.053815
0,0,1,1,1,0,4,,3.0,CGS+3P,972.091191,972.0912,973.099016,973.099,CGS+3P,1015.145966,1027.07075,1096.103207
0,1,0,0,2,0,4,,3.0,ASS+3P,973.057449,973.0574,974.065274,974.0653,ASS+3P,1016.1122240000001,1028.037008,1097.069465
0,0,0,1,1,1,4,,3.0,GSU+3P,973.075207,973.0752,974.083032,974.083,GSU+3P,1016.129982,1028.054766,1097.087223
0,0,3,0,0,0,5,_H2O,3.0,CCC+4P-H2O,977.079638,977.0796,978.087463,978.0875,CCC+4P,1020.134413,1032.059197,1101.0916539999998
0,0,1,2,0,0,4,_H2O,3.0,CGG+3P-H2O,977.125601,977.1256,978.133426,978.1334,CGG+3P,1020.180376,1032.10516,1101.1376169999999
0,0,2,0,0,1,5,_H2O,3.0,CCU+4P-H2O,978.063654,978.0637,979.071479,979.0715,CCU+4P,1021.118429,1033.043213,1102.07567
0,1,0,1,1,0,4,_H2O,3.0,AGS+3P-H2O,978.091859,978.0919,979.099684,979.0997,AGS+3P,1021.1466340000001,1033.071418,1102.103875
0,0,0,2,0,1,4,_H2O,3.0,GGU+3P-H2O,978.109617,978.1096,979.117442,979.1174,GGU+3P,1021.164392,1033.089176,1102.121633
0,0,1,0,0,2,5,_H2O,3.0,CUU+4P-H2O,979.04767,979.0477,980.055495,980.0555,CUU+4P,1022.102445,1034.027229,1103.059686
0,1,1,1,0,0,4,,3.0,ACG+3P,979.141251,979.1413,980.149076,980.1491,ACG+3P,1022.1960260000001,1034.1208100000001,1103.1532670000001
0,0,0,0,0,3,5,_H2O,3.0,UUU+4P-H2O,980.031686,980.0317,981.039511,981.0395,UUU+4P,1023.086461,1035.011245,1104.043702
0,2,0,0,1,0,4,,3.0,AAS+3P,980.107509,980.1075,981.115334,981.1153,AAS+3P,1023.162284,1035.087068,1104.119525
0,1,0,1,0,1,4,,3.0,AGU+3P,980.125267,980.1253,981.133092,981.1331,AGU+3P,1023.1800420000001,1035.104826,1104.137283
0,2,0,1,0,0,4,_H2O,3.0,AAG+3P-H2O,985.141919,985.1419,986.149744,986.1497,AAG+3P,1028.196694,1040.121478,1109.153935
0,3,0,0,0,0,4,,3.0,AAA+3P,987.157569,987.1576,988.165394,988.1654,AAA+3P,1030.212344,1042.137128,1111.169585
0,0,0,1,2,0,4,,3.0,GSS+3P,989.052364,989.0524,990.060189,990.0602,GSS+3P,1032.107139,1044.031923,1113.06438
0,0,2,0,1,0,5,_H2O,3.0,CCS+4P-H2O,994.040811,994.0408,995.048636,995.0486,CCS+4P,1037.095586,1049.02037,1118.052827
0,0,0,2,1,0,4,_H2O,3.0,GGS+3P-H2O,994.086774,994.0868,995.094599,995.0946,GGS+3P,1037.141549,1049.066333,1118.09879
0,0,1,0,1,1,5,_H2O,3.0,CSU+4P-H2O,995.024827,995.0248,996.032652,996.0327,CSU+4P,1038.079602,1050.004386,1119.0368429999999
0,0,3,0,0,0,5,,3.0,CCC+4P,995.090203,995.0902,996.098028,996.098,CCC+4P,1038.144978,1050.069762,1119.1022189999999
0,0,1,2,0,0,4,,3.0,CGG+3P,995.136166,995.1362,996.143991,996.144,CGG+3P,1038.190941,1050.115725,1119.148182
0,0,0,0,1,2,5,_H2O,3.0,SUU+4P-H2O,996.008843,996.0088,997.016668,997.0167,SUU+4P,1039.063618,1050.988402,1120.020859
0,0,2,0,0,1,5,,3.0,CCU+4P,996.074219,996.0742,997.082044,997.082,CCU+4P,1039.128994,1051.053778,1120.086235
0,1,0,1,1,0,4,,3.0,AGS+3P,996.102424,996.1024,997.110249,997.1102,AGS+3P,1039.157199,1051.081983,1120.1144399999998
0,0,0,2,0,1,4,,3.0,GGU+3P,996.120182,996.1202,997.128007,997.128,GGU+3P,1039.174957,1051.099741,1120.132198
0,0,1,0,0,2,5,,3.0,CUU+4P,997.058235,997.0582,998.06606,998.0661,CUU+4P,1040.11301,1052.037794,1121.070251
0,0,0,0,0,3,5,,3.0,UUU+4P,998.042251,998.0423,999.050076,999.0501,UUU+4P,1041.097026,1053.02181,1122.054267
0,1,2,0,0,0,5,_H2O,3.0,ACC+4P-H2O,1001.090871,1001.0909,1002.098696,1002.0987,ACC+4P,1044.145646,1056.07043,1125.102887
0,1,0,2,0,0,4,_H2O,3.0,AGG+3P-H2O,1001.136834,1001.1368,1002.144659,1002.1447,AGG+3P,1044.191609,1056.116393,1125.14885
0,1,1,0,0,1,5,_H2O,3.0,ACU+4P-H2O,1002.074887,1002.0749,1003.082712,1003.0827,ACU+4P,1045.129662,1057.054446,1126.086903
0,1,0,0,0,2,5,_H2O,3.0,AUU+4P-H2O,1003.058903,1003.0589,1004.066728,1004.0667,AUU+4P,1046.113678,1058.038462,1127.070919
0,2,0,1,0,0,4,,3.0,AAG+3P,1003.152484,1003.1525,1004.160309,1004.1603,AAG+3P,1046.207259,1058.132043,1127.1644999999999
0,0,1,0,2,0,5,_H2O,3.0,CSS+4P-H2O,1011.001984,1011.002,1012.009809,1012.0098,CSS+4P,1054.056759,1065.981543,1135.0140000000001
0,0,0,0,2,1,5,_H2O,3.0,SSU+4P-H2O,1011.986,1011.986,1012.993825,1012.9938,SSU+4P,1055.040775,1066.965559,1135.998016
0,0,2,0,1,0,5,,3.0,CCS+4P,1012.051376,1012.0514,1013.059201,1013.0592,CCS+4P,1055.106151,1067.030935,1136.063392
0,0,0,2,1,0,4,,3.0,GGS+3P,1012.097339,1012.0973,1013.105164,1013.1052,GGS+3P,1055.152114,1067.076898,1136.109355
0,0,1,0,1,1,5,,3.0,CSU+4P,1013.035392,1013.0354,1014.043217,1014.0432,CSU+4P,1056.090167,1068.014951,1137.047408
0,0,0,0,1,2,5,,3.0,SUU+4P,1014.019408,1014.0194,1015.027233,1015.0272,SUU+4P,1057.074183,1068.998967,1138.031424
0,0,2,1,0,0,5,_H2O,3.0,CCG+4P-H2O,1017.085786,1017.0858,1018.093611,1018.0936,CCG+4P,1060.140561,1072.065345,1141.097802
0,0,0,3,0,0,4,_H2O,3.0,GGG+3P-H2O,1017.131749,1017.1317,1018.139574,1018.1396,GGG+3P,1060.186524,1072.111308,1141.143765
0,1,1,0,1,0,5,_H2O,3.0,ACS+4P-H2O,1018.052044,1018.052,1019.059869,1019.0599,ACS+4P,1061.106819,1073.0316030000001,1142.0640600000002
0,0,1,1,0,1,5,_H2O,3.0,CGU+4P-H2O,1018.069802,1018.0698,1019.077627,1019.0776,CGU+4P,1061.124577,1073.049361,1142.081818
0,1,0,0,1,1,5,_H2O,3.0,ASU+4P-H2O,1019.03606,1019.0361,1020.043885,1020.0439,ASU+4P,1062.090835,1074.015619,1143.048076
0,0,0,1,0,2,5,_H2O,3.0,GUU+4P-H2O,1019.053818,1019.0538,1020.061643,1020.0616,GUU+4P,1062.108593,1074.033377,1143.065834
0,1,2,0,0,0,5,,3.0,ACC+4P,1019.101436,1019.1014,1020.109261,1020.1093,ACC+4P,1062.156211,1074.080995,1143.113452
0,1,0,2,0,0,4,,3.0,AGG+3P,1019.147399,1019.1474,1020.155224,1020.1552,AGG+3P,1062.202174,1074.126958,1143.159415
0,1,1,0,0,1,5,,3.0,ACU+4P,1020.085452,1020.0855,1021.093277,1021.0933,ACU+4P,1063.1402269999999,1075.065011,1144.097468
0,1,0,0,0,2,5,,3.0,AUU+4P,1021.069468,1021.0695,1022.077293,1022.0773,AUU+4P,1064.124243,1076.049027,1145.081484
0,2,1,0,0,0,5,_H2O,3.0,AAC+4P-H2O,1025.102104,1025.1021,1026.109929,1026.1099,AAC+4P,1068.156879,1080.081663,1149.11412
0,2,0,0,0,1,5,_H2O,3.0,AAU+4P-H2O,1026.08612,1026.0861,1027.0939449999998,1027.0939,AAU+4P,1069.1408949999998,1081.0656789999998,1150.0981359999998
0,0,0,0,3,0,5,_H2O,3.0,SSS+4P-H2O,1027.963157,1027.9632,1028.9709819999998,1028.971,SSS+4P,1071.0179319999997,1082.9427159999998,1151.9751729999998
0,0,1,0,2,0,5,,3.0,CSS+4P,1029.012549,1029.0125,1030.020374,1030.0204,CSS+4P,1072.0673239999999,1083.992108,1153.024565
0,0,0,0,2,1,5,,3.0,SSU+4P,1029.996565,1029.9966,1031.0043899999998,1031.0044,SSU+4P,1073.0513399999998,1084.9761239999998,1154.0085809999998
0,0,1,1,1,0,5,_H2O,3.0,CGS+4P-H2O,1034.046959,1034.047,1035.054784,1035.0548,CGS+4P,1077.1017339999999,1089.026518,1158.058975
0,1,0,0,2,0,5,_H2O,3.0,ASS+4P-H2O,1035.013217,1035.0132,1036.021042,1036.021,ASS+4P,1078.067992,1089.992776,1159.025233
0,0,0,1,1,1,5,_H2O,3.0,GSU+4P-H2O,1035.030975,1035.031,1036.0387999999998,1036.0388,GSU+4P,1078.0857499999997,1090.0105339999998,1159.0429909999998
0,0,2,1,0,0,5,,3.0,CCG+4P,1035.096351,1035.0964,1036.1041759999998,1036.1042,CCG+4P,1078.1511259999997,1090.0759099999998,1159.1083669999998
0,0,0,3,0,0,4,,3.0,GGG+3P,1035.142314,1035.1423,1036.150139,1036.1501,GGG+3P,1078.197089,1090.121873,1159.15433
0,1,1,0,1,0,5,,3.0,ACS+4P,1036.062609,1036.0626,1037.070434,1037.0704,ACS+4P,1079.117384,1091.042168,1160.074625
0,0,1,1,0,1,5,,3.0,CGU+4P,1036.080367,1036.0804,1037.088192,1037.0882,CGU+4P,1079.1351419999999,1091.059926,1160.092383
0,1,0,0,1,1,5,,3.0,ASU+4P,1037.046625,1037.0466,1038.05445,1038.0544,ASU+4P,1080.1014,1092.026184,1161.058641
0,0,0,1,0,2,5,,3.0,GUU+4P,1037.064383,1037.0644,1038.0722079999998,1038.0722,GUU+4P,1080.1191579999997,1092.0439419999998,1161.0763989999998
0,1,1,1,0,0,5,_H2O,3.0,ACG+4P-H2O,1041.097019,1041.097,1042.104844,1042.1048,ACG+4P,1084.1517939999999,1096.076578,1165.109035
0,2,0,0,1,0,5,_H2O,3.0,AAS+4P-H2O,1042.063277,1042.0633,1043.071102,1043.0711,AAS+4P,1085.118052,1097.042836,1166.075293
0,1,0,1,0,1,5,_H2O,3.0,AGU+4P-H2O,1042.081035,1042.081,1043.0888599999998,1043.0889,AGU+4P,1085.1358099999998,1097.0605939999998,1166.0930509999998
0,2,1,0,0,0,5,,3.0,AAC+4P,1043.112669,1043.1127,1044.120494,1044.1205,AAC+4P,1086.167444,1098.092228,1167.124685
0,2,0,0,0,1,5,,3.0,AAU+4P,1044.096685,1044.0967,1045.10451,1045.1045,AAU+4P,1087.1514599999998,1099.0762439999999,1168.1087009999999
0,0,0,0,3,0,5,,3.0,SSS+4P,1045.973722,1045.9737,1046.981547,1046.9815,SSS+4P,1089.028497,1100.953281,1169.985738
0,3,0,0,0,0,5,_H2O,3.0,AAA+4P-H2O,1049.113337,1049.1133,1050.121162,1050.1212,AAA+4P,1092.1681119999998,1104.0928959999999,1173.125353
0,0,0,1,2,0,5,_H2O,3.0,GSS+4P-H2O,1051.008132,1051.0081,1052.0159569999998,1052.016,GSS+4P,1094.0629069999998,1105.9876909999998,1175.0201479999998
0,0,1,1,1,0,5,,3.0,CGS+4P,1052.057524,1052.0575,1053.065349,1053.0653,CGS+4P,1095.112299,1107.037083,1176.06954
0,1,0,0,2,0,5,,3.0,ASS+4P,1053.023782,1053.0238,1054.031607,1054.0316,ASS+4P,1096.0785569999998,1108.0033409999999,1177.0357979999999
0,0,0,1,1,1,5,,3.0,GSU+4P,1053.04154,1053.0415,1054.049365,1054.0494,GSU+4P,1096.096315,1108.021099,1177.053556
0,0,1,2,0,0,5,_H2O,3.0,CGG+4P-H2O,1057.091934,1057.0919,1058.099759,1058.0998,CGG+4P,1100.1467089999999,1112.071493,1181.10395
0,1,0,1,1,0,5,_H2O,3.0,AGS+4P-H2O,1058.058192,1058.0582,1059.066017,1059.066,AGS+4P,1101.112967,1113.037751,1182.070208
0,0,0,2,0,1,5,_H2O,3.0,GGU+4P-H2O,1058.07595,1058.076,1059.0837749999998,1059.0838,GGU+4P,1101.1307249999998,1113.0555089999998,1182.0879659999998
0,1,1,1,0,0,5,,3.0,ACG+4P,1059.107584,1059.1076,1060.115409,1060.1154,ACG+4P,1102.162359,1114.087143,1183.1196
0,2,0,0,1,0,5,,3.0,AAS+4P,1060.073842,1060.0738,1061.081667,1061.0817,AAS+4P,1103.1286169999998,1115.053401,1184.085858
0,1,0,1,0,1,5,,3.0,AGU+4P,1060.0916,1060.0916,1061.099425,1061.0994,AGU+4P,1103.146375,1115.071159,1184.103616
0,2,0,1,0,0,5,_H2O,3.0,AAG+4P-H2O,1065.108252,1065.1083,1066.116077,1066.1161,AAG+4P,1108.1630269999998,1120.0878109999999,1189.120268
0,3,0,0,0,0,5,,3.0,AAA+4P,1067.123902,1067.1239,1068.131727,1068.1317,AAA+4P,1110.1786769999999,1122.103461,1191.135918
0,0,0,1,2,0,5,,3.0,GSS+4P,1069.018697,1069.0187,1070.026522,1070.0265,GSS+4P,1112.073472,1123.998256,1193.030713
0,0,0,2,1,0,5,_H2O,3.0,GGS+4P-H2O,1074.053107,1074.0531,1075.060932,1075.0609,GGS+4P,1117.107882,1129.032666,1198.065123
0,0,1,2,0,0,5,,3.0,CGG+4P,1075.102499,1075.1025,1076.110324,1076.1103,CGG+4P,1118.157274,1130.082058,1199.114515
0,1,0,1,1,0,5,,3.0,AGS+4P,1076.068757,1076.0688,1077.076582,1077.0766,AGS+4P,1119.1235319999998,1131.0483159999999,1200.080773
0,0,0,2,0,1,5,,3.0,GGU+4P,1076.086515,1076.0865,1077.09434,1077.0943,GGU+4P,1119.14129,1131.066074,1200.098531
0,1,0,2,0,0,5,_H2O,3.0,AGG+4P-H2O,1081.103167,1081.1032,1082.110992,1082.111,AGG+4P,1124.1579419999998,1136.0827259999999,1205.115183
0,2,0,1,0,0,5,,3.0,AAG+4P,1083.118817,1083.1188,1084.126642,1084.1266,AAG+4P,1126.1735919999999,1138.098376,1207.130833
0,0,0,2,1,0,5,,3.0,GGS+4P,1092.063672,1092.0637,1093.071497,1093.0715,GGS+4P,1135.1184469999998,1147.0432309999999,1216.075688
0,0,0,3,0,0,5,_H2O,3.0,GGG+4P-H2O,1097.098082,1097.0981,1098.105907,1098.1059,GGG+4P,1140.1528569999998,1152.0776409999999,1221.1100979999999
0,1,0,2,0,0,5,,3.0,AGG+4P,1099.113732,1099.1137,1100.121557,1100.1216,AGG+4P,1142.1685069999999,1154.093291,1223.125748
0,0,0,3,0,0,5,,3.0,GGG+4P,1115.108647,1115.1086,1116.116472,1116.1165,GGG+4P,1158.1634219999999,1170.088206,1239.120663
0,0,4,0,0,0,4,_H2O,4.0,CCCC+3P-H2O,1122.188262,1122.1883,1123.1960869999998,1123.1961,CCCC+3P,1179.2586869999998,1195.158399,1287.2016749999998
0,0,3,0,0,1,4,_H2O,4.0,CCCU+3P-H2O,1123.172278,1123.1723,1124.180103,1124.1801,CCCU+3P,1180.242703,1196.1424149999998,1288.185691
0,0,2,0,0,2,4,_H2O,4.0,CCUU+3P-H2O,1124.156294,1124.1563,1125.1641189999998,1125.1641,CCUU+3P,1181.2267189999998,1197.1264309999997,1289.1697069999998
0,0,1,0,0,3,4,_H2O,4.0,CUUU+3P-H2O,1125.14031,1125.1403,1126.148135,1126.1481,CUUU+3P,1182.2107349999999,1198.110447,1290.153723
0,0,0,0,0,4,4,_H2O,4.0,UUUU+3P-H2O,1126.124326,1126.1243,1127.132151,1127.1322,UUUU+3P,1183.194751,1199.094463,1291.137739
0,0,3,0,1,0,4,_H2O,4.0,CCCS+3P-H2O,1139.149435,1139.1494,1140.15726,1140.1573,CCCS+3P,1196.21986,1212.119572,1304.162848
0,0,2,0,1,1,4,_H2O,4.0,CCSU+3P-H2O,1140.133451,1140.1335,1141.1412759999998,1141.1413,CCSU+3P,1197.2038759999998,1213.103588,1305.1468639999998
0,0,4,0,0,0,4,,4.0,CCCC+3P,1140.198827,1140.1988,1141.2066519999998,1141.2067,CCCC+3P,1197.2692519999998,1213.168964,1305.2122399999998
0,0,1,0,1,2,4,_H2O,4.0,CSUU+3P-H2O,1141.117467,1141.1175,1142.125292,1142.1253,CSUU+3P,1198.187892,1214.0876039999998,1306.13088
0,0,3,0,0,1,4,,4.0,CCCU+3P,1141.182843,1141.1828,1142.190668,1142.1907,CCCU+3P,1198.253268,1214.1529799999998,1306.196256
0,0,0,0,1,3,4,_H2O,4.0,SUUU+3P-H2O,1142.101483,1142.1015,1143.1093079999998,1143.1093,SUUU+3P,1199.1719079999998,1215.0716199999997,1307.1148959999998
0,0,2,0,0,2,4,,4.0,CCUU+3P,1142.166859,1142.1669,1143.1746839999998,1143.1747,CCUU+3P,1199.2372839999998,1215.1369959999997,1307.1802719999998
0,0,1,0,0,3,4,,4.0,CUUU+3P,1143.150875,1143.1509,1144.1587,1144.1587,CUUU+3P,1200.2213,1216.121012,1308.164288
0,0,0,0,0,4,4,,4.0,UUUU+3P,1144.134891,1144.1349,1145.1427159999998,1145.1427,UUUU+3P,1201.2053159999998,1217.105028,1309.1483039999998
0,1,3,0,0,0,4,_H2O,4.0,ACCC+3P-H2O,1146.199495,1146.1995,1147.20732,1147.2073,ACCC+3P,1203.26992,1219.169632,1311.212908
0,1,2,0,0,1,4,_H2O,4.0,ACCU+3P-H2O,1147.183511,1147.1835,1148.191336,1148.1913,ACCU+3P,1204.253936,1220.153648,1312.196924
0,1,1,0,0,2,4,_H2O,4.0,ACUU+3P-H2O,1148.167527,1148.1675,1149.175352,1149.1754,ACUU+3P,1205.237952,1221.1376639999999,1313.18094
0,1,0,0,0,3,4,_H2O,4.0,AUUU+3P-H2O,1149.151543,1149.1515,1150.159368,1150.1594,AUUU+3P,1206.221968,1222.1216800000002,1314.164956
0,0,2,0,2,0,4,_H2O,4.0,CCSS+3P-H2O,1156.110608,1156.1106,1157.118433,1157.1184,CCSS+3P,1213.181033,1229.0807450000002,1321.124021
0,0,1,0,2,1,4,_H2O,4.0,CSSU+3P-H2O,1157.094624,1157.0946,1158.102449,1158.1024,CSSU+3P,1214.165049,1230.064761,1322.108037
0,0,3,0,1,0,4,,4.0,CCCS+3P,1157.16,1157.16,1158.167825,1158.1678,CCCS+3P,1214.230425,1230.130137,1322.173413
0,0,0,0,2,2,4,_H2O,4.0,SSUU+3P-H2O,1158.07864,1158.0786,1159.086465,1159.0865,SSUU+3P,1215.149065,1231.048777,1323.092053
0,0,2,0,1,1,4,,4.0,CCSU+3P,1158.144016,1158.144,1159.151841,1159.1518,CCSU+3P,1215.214441,1231.114153,1323.157429
0,0,1,0,1,2,4,,4.0,CSUU+3P,1159.128032,1159.128,1160.135857,1160.1359,CSUU+3P,1216.198457,1232.0981689999999,1324.141445
0,0,0,0,1,3,4,,4.0,SUUU+3P,1160.112048,1160.112,1161.119873,1161.1199,SUUU+3P,1217.182473,1233.0821850000002,1325.125461
0,0,3,1,0,0,4,_H2O,4.0,CCCG+3P-H2O,1162.19441,1162.1944,1163.202235,1163.2022,CCCG+3P,1219.264835,1235.1645469999999,1327.207823
0,1,2,0,1,0,4,_H2O,4.0,ACCS+3P-H2O,1163.160668,1163.1607,1164.168493,1164.1685,ACCS+3P,1220.2310929999999,1236.1308049999998,1328.174081
0,0,2,1,0,1,4,_H2O,4.0,CCGU+3P-H2O,1163.178426,1163.1784,1164.186251,1164.1863,CCGU+3P,1220.248851,1236.1485630000002,1328.191839
0,1,1,0,1,1,4,_H2O,4.0,ACSU+3P-H2O,1164.144684,1164.1447,1165.152509,1165.1525,ACSU+3P,1221.215109,1237.1148210000001,1329.158097
0,0,1,1,0,2,4,_H2O,4.0,CGUU+3P-H2O,1164.162442,1164.1624,1165.170267,1165.1703,CGUU+3P,1221.232867,1237.132579,1329.175855
0,1,3,0,0,0,4,,4.0,ACCC+3P,1164.21006,1164.2101,1165.217885,1165.2179,ACCC+3P,1221.280485,1237.1801970000001,1329.223473
0,1,0,0,1,2,4,_H2O,4.0,ASUU+3P-H2O,1165.1287,1165.1287,1166.136525,1166.1365,ASUU+3P,1222.1991249999999,1238.098837,1330.1421129999999
0,0,0,1,0,3,4,_H2O,4.0,GUUU+3P-H2O,1165.146458,1165.1465,1166.154283,1166.1543,GUUU+3P,1222.216883,1238.116595,1330.159871
0,1,2,0,0,1,4,,4.0,ACCU+3P,1165.194076,1165.1941,1166.201901,1166.2019,ACCU+3P,1222.2645009999999,1238.164213,1330.207489
0,1,1,0,0,2,4,,4.0,ACUU+3P,1166.178092,1166.1781,1167.185917,1167.1859,ACUU+3P,1223.248517,1239.148229,1331.191505
0,1,0,0,0,3,4,,4.0,AUUU+3P,1167.162108,1167.1621,1168.169933,1168.1699,AUUU+3P,1224.2325329999999,1240.1322449999998,1332.175521
0,2,2,0,0,0,4,_H2O,4.0,AACC+3P-H2O,1170.210728,1170.2107,1171.218553,1171.2186,AACC+3P,1227.281153,1243.1808649999998,1335.224141
0,2,1,0,0,1,4,_H2O,4.0,AACU+3P-H2O,1171.194744,1171.1947,1172.2025689999998,1172.2026,AACU+3P,1228.2651689999998,1244.1648809999997,1336.2081569999998
0,2,0,0,0,2,4,_H2O,4.0,AAUU+3P-H2O,1172.17876,1172.1788,1173.186585,1173.1866,AAUU+3P,1229.249185,1245.148897,1337.192173
0,0,1,0,3,0,4,_H2O,4.0,CSSS+3P-H2O,1173.071781,1173.0718,1174.079606,1174.0796,CSSS+3P,1230.142206,1246.041918,1338.085194
0,0,0,0,3,1,4,_H2O,4.0,SSSU+3P-H2O,1174.055797,1174.0558,1175.063622,1175.0636,SSSU+3P,1231.1262219999999,1247.0259339999998,1339.0692099999999
0,0,2,0,2,0,4,,4.0,CCSS+3P,1174.121173,1174.1212,1175.128998,1175.129,CCSS+3P,1231.1915979999999,1247.0913099999998,1339.134586
0,0,1,0,2,1,4,,4.0,CSSU+3P,1175.105189,1175.1052,1176.113014,1176.113,CSSU+3P,1232.175614,1248.0753260000001,1340.118602
0,0,0,0,2,2,4,,4.0,SSUU+3P,1176.089205,1176.0892,1177.09703,1177.097,SSUU+3P,1233.1596299999999,1249.059342,1341.102618
0,0,2,1,1,0,4,_H2O,4.0,CCGS+3P-H2O,1179.155583,1179.1556,1180.163408,1180.1634,CCGS+3P,1236.2260079999999,1252.12572,1344.1689959999999
0,1,1,0,2,0,4,_H2O,4.0,ACSS+3P-H2O,1180.121841,1180.1218,1181.1296659999998,1181.1297,ACSS+3P,1237.1922659999998,1253.091978,1345.1352539999998
0,0,1,1,1,1,4,_H2O,4.0,CGSU+3P-H2O,1180.139599,1180.1396,1181.147424,1181.1474,CGSU+3P,1237.210024,1253.1097359999999,1345.153012
0,0,3,1,0,0,4,,4.0,CCCG+3P,1180.204975,1180.205,1181.2128,1181.2128,CCCG+3P,1237.2754,1253.175112,1345.218388
0,1,0,0,2,1,4,_H2O,4.0,ASSU+3P-H2O,1181.105857,1181.1059,1182.113682,1182.1137,ASSU+3P,1238.176282,1254.0759939999998,1346.11927
0,0,0,1,1,2,4,_H2O,4.0,GSUU+3P-H2O,1181.123615,1181.1236,1182.13144,1182.1314,GSUU+3P,1238.19404,1254.0937520000002,1346.137028
0,1,2,0,1,0,4,,4.0,ACCS+3P,1181.171233,1181.1712,1182.179058,1182.1791,ACCS+3P,1238.241658,1254.1413699999998,1346.184646
0,0,2,1,0,1,4,,4.0,CCGU+3P,1181.188991,1181.189,1182.196816,1182.1968,CCGU+3P,1238.2594159999999,1254.1591279999998,1346.202404
0,1,1,0,1,1,4,,4.0,ACSU+3P,1182.155249,1182.1552,1183.1630739999998,1183.1631,ACSU+3P,1239.2256739999998,1255.1253859999997,1347.1686619999998
0,0,1,1,0,2,4,,4.0,CGUU+3P,1182.173007,1182.173,1183.180832,1183.1808,CGUU+3P,1239.243432,1255.1431440000001,1347.18642
0,1,0,0,1,2,4,,4.0,ASUU+3P,1183.139265,1183.1393,1184.14709,1184.1471,ASUU+3P,1240.20969,1256.109402,1348.152678
0,0,0,1,0,3,4,,4.0,GUUU+3P,1183.157023,1183.157,1184.164848,1184.1648,GUUU+3P,1240.2274479999999,1256.12716,1348.1704359999999
0,1,2,1,0,0,4,_H2O,4.0,ACCG+3P-H2O,1186.205643,1186.2056,1187.213468,1187.2135,ACCG+3P,1243.276068,1259.17578,1351.219056
0,2,1,0,1,0,4,_H2O,4.0,AACS+3P-H2O,1187.171901,1187.1719,1188.1797259999998,1188.1797,AACS+3P,1244.2423259999998,1260.142038,1352.1853139999998
0,1,1,1,0,1,4,_H2O,4.0,ACGU+3P-H2O,1187.189659,1187.1897,1188.1974839999998,1188.1975,ACGU+3P,1244.2600839999998,1260.159796,1352.2030719999998
0,2,0,0,1,1,4,_H2O,4.0,AASU+3P-H2O,1188.155917,1188.1559,1189.163742,1189.1637,AASU+3P,1245.226342,1261.1260539999998,1353.16933
0,1,0,1,0,2,4,_H2O,4.0,AGUU+3P-H2O,1188.173675,1188.1737,1189.1815,1189.1815,AGUU+3P,1245.2441,1261.1438119999998,1353.187088
0,2,2,0,0,0,4,,4.0,AACC+3P,1188.221293,1188.2213,1189.229118,1189.2291,AACC+3P,1245.291718,1261.1914299999999,1353.234706
0,2,1,0,0,1,4,,4.0,AACU+3P,1189.205309,1189.2053,1190.213134,1190.2131,AACU+3P,1246.275734,1262.1754460000002,1354.218722
0,0,0,0,4,0,4,_H2O,4.0,SSSS+3P-H2O,1190.032954,1190.033,1191.040779,1191.0408,SSSS+3P,1247.103379,1263.003091,1355.046367
0,2,0,0,0,2,4,,4.0,AAUU+3P,1190.189325,1190.1893,1191.19715,1191.1972,AAUU+3P,1247.25975,1263.159462,1355.202738
0,0,1,0,3,0,4,,4.0,CSSS+3P,1191.082346,1191.0823,1192.0901709999998,1192.0902,CSSS+3P,1248.1527709999998,1264.052483,1356.0957589999998
0,0,0,0,3,1,4,,4.0,SSSU+3P,1192.066362,1192.0664,1193.074187,1193.0742,SSSU+3P,1249.136787,1265.0364989999998,1357.079775
0,3,1,0,0,0,4,_H2O,4.0,AAAC+3P-H2O,1194.221961,1194.222,1195.229786,1195.2298,AAAC+3P,1251.292386,1267.192098,1359.235374
0,3,0,0,0,1,4,_H2O,4.0,AAAU+3P-H2O,1195.205977,1195.206,1196.213802,1196.2138,AAAU+3P,1252.276402,1268.1761139999999,1360.21939
0,0,1,1,2,0,4,_H2O,4.0,CGSS+3P-H2O,1196.116756,1196.1168,1197.1245809999998,1197.1246,CGSS+3P,1253.1871809999998,1269.0868929999997,1361.1301689999998
0,1,0,0,3,0,4,_H2O,4.0,ASSS+3P-H2O,1197.083014,1197.083,1198.090839,1198.0908,ASSS+3P,1254.153439,1270.053151,1362.096427
0,0,0,1,2,1,4,_H2O,4.0,GSSU+3P-H2O,1197.100772,1197.1008,1198.108597,1198.1086,GSSU+3P,1254.171197,1270.070909,1362.114185
0,0,2,1,1,0,4,,4.0,CCGS+3P,1197.166148,1197.1661,1198.173973,1198.174,CCGS+3P,1254.236573,1270.136285,1362.179561
0,1,1,0,2,0,4,,4.0,ACSS+3P,1198.132406,1198.1324,1199.140231,1199.1402,ACSS+3P,1255.202831,1271.102543,1363.145819
0,0,1,1,1,1,4,,4.0,CGSU+3P,1198.150164,1198.1502,1199.1579889999998,1199.158,CGSU+3P,1255.2205889999998,1271.120301,1363.1635769999998
0,1,0,0,2,1,4,,4.0,ASSU+3P,1199.116422,1199.1164,1200.124247,1200.1242,ASSU+3P,1256.186847,1272.0865589999999,1364.129835
0,0,0,1,1,2,4,,4.0,GSUU+3P,1199.13418,1199.1342,1200.142005,1200.142,GSUU+3P,1256.204605,1272.1043169999998,1364.147593
0,0,4,0,0,0,5,_H2O,4.0,CCCC+4P-H2O,1202.154595,1202.1546,1203.16242,1203.1624,CCCC+4P,1259.22502,1275.1247320000002,1367.168008
0,0,2,2,0,0,4,_H2O,4.0,CCGG+3P-H2O,1202.200558,1202.2006,1203.208383,1203.2084,CCGG+3P,1259.270983,1275.1706949999998,1367.213971
0,0,3,0,0,1,5,_H2O,4.0,CCCU+4P-H2O,1203.138611,1203.1386,1204.146436,1204.1464,CCCU+4P,1260.209036,1276.108748,1368.152024
0,1,1,1,1,0,4,_H2O,4.0,ACGS+3P-H2O,1203.166816,1203.1668,1204.1746409999998,1204.1746,ACGS+3P,1260.2372409999998,1276.1369529999997,1368.1802289999998
0,0,1,2,0,1,4,_H2O,4.0,CGGU+3P-H2O,1203.184574,1203.1846,1204.192399,1204.1924,CGGU+3P,1260.254999,1276.1547110000001,1368.197987
0,0,2,0,0,2,5,_H2O,4.0,CCUU+4P-H2O,1204.122627,1204.1226,1205.130452,1205.1305,CCUU+4P,1261.193052,1277.092764,1369.13604
0,2,0,0,2,0,4,_H2O,4.0,AASS+3P-H2O,1204.133074,1204.1331,1205.140899,1205.1409,AASS+3P,1261.203499,1277.103211,1369.146487
0,1,0,1,1,1,4,_H2O,4.0,AGSU+3P-H2O,1204.150832,1204.1508,1205.158657,1205.1587,AGSU+3P,1261.221257,1277.120969,1369.164245
0,0,0,2,0,2,4,_H2O,4.0,GGUU+3P-H2O,1204.16859,1204.1686,1205.176415,1205.1764,GGUU+3P,1261.2390149999999,1277.138727,1369.182003
0,1,2,1,0,0,4,,4.0,ACCG+3P,1204.216208,1204.2162,1205.224033,1205.224,ACCG+3P,1261.286633,1277.186345,1369.229621
0,0,1,0,0,3,5,_H2O,4.0,CUUU+4P-H2O,1205.106643,1205.1066,1206.114468,1206.1145,CUUU+4P,1262.177068,1278.0767799999999,1370.120056
0,2,1,0,1,0,4,,4.0,AACS+3P,1205.182466,1205.1825,1206.190291,1206.1903,AACS+3P,1262.2528909999999,1278.152603,1370.1958789999999
0,1,1,1,0,1,4,,4.0,ACGU+3P,1205.200224,1205.2002,1206.2080489999998,1206.208,ACGU+3P,1262.2706489999998,1278.170361,1370.2136369999998
0,0,0,0,0,4,5,_H2O,4.0,UUUU+4P-H2O,1206.090659,1206.0907,1207.098484,1207.0985,UUUU+4P,1263.161084,1279.0607960000002,1371.104072
0,2,0,0,1,1,4,,4.0,AASU+3P,1206.166482,1206.1665,1207.174307,1207.1743,AASU+3P,1263.236907,1279.1366189999999,1371.179895
0,1,0,1,0,2,4,,4.0,AGUU+3P,1206.18424,1206.1842,1207.192065,1207.1921,AGUU+3P,1263.254665,1279.1543769999998,1371.197653
0,0,0,0,4,0,4,,4.0,SSSS+3P,1208.043519,1208.0435,1209.051344,1209.0513,SSSS+3P,1265.113944,1281.013656,1373.056932
0,2,1,1,0,0,4,_H2O,4.0,AACG+3P-H2O,1210.216876,1210.2169,1211.224701,1211.2247,AACG+3P,1267.287301,1283.1870130000002,1375.230289
0,3,0,0,1,0,4,_H2O,4.0,AAAS+3P-H2O,1211.183134,1211.1831,1212.190959,1212.191,AAAS+3P,1268.253559,1284.1532710000001,1376.196547
0,2,0,1,0,1,4,_H2O,4.0,AAGU+3P-H2O,1211.200892,1211.2009,1212.208717,1212.2087,AAGU+3P,1268.271317,1284.171029,1376.214305
0,3,1,0,0,0,4,,4.0,AAAC+3P,1212.232526,1212.2325,1213.240351,1213.2404,AAAC+3P,1269.302951,1285.202663,1377.245939
0,0,0,1,3,0,4,_H2O,4.0,GSSS+3P-H2O,1213.077929,1213.0779,1214.085754,1214.0858,GSSS+3P,1270.148354,1286.0480659999998,1378.091342
0,3,0,0,0,1,4,,4.0,AAAU+3P,1213.216542,1213.2165,1214.2243669999998,1214.2244,AAAU+3P,1270.2869669999998,1286.186679,1378.2299549999998
0,0,1,1,2,0,4,,4.0,CGSS+3P,1214.127321,1214.1273,1215.1351459999998,1215.1351,CGSS+3P,1271.1977459999998,1287.0974579999997,1379.1407339999998
0,1,0,0,3,0,4,,4.0,ASSS+3P,1215.093579,1215.0936,1216.101404,1216.1014,ASSS+3P,1272.164004,1288.063716,1380.106992
0,0,0,1,2,1,4,,4.0,GSSU+3P,1215.111337,1215.1113,1216.119162,1216.1192,GSSU+3P,1272.181762,1288.081474,1380.12475
0,4,0,0,0,0,4,_H2O,4.0,AAAA+3P-H2O,1218.233194,1218.2332,1219.2410189999998,1219.241,AAAA+3P,1275.3036189999998,1291.2033309999997,1383.2466069999998
0,0,3,0,1,0,5,_H2O,4.0,CCCS+4P-H2O,1219.115768,1219.1158,1220.1235929999998,1220.1236,CCCS+4P,1276.1861929999998,1292.085905,1384.1291809999998
0,0,1,2,1,0,4,_H2O,4.0,CGGS+3P-H2O,1219.161731,1219.1617,1220.1695559999998,1220.1696,CGGS+3P,1276.2321559999998,1292.131868,1384.1751439999998
0,0,2,0,1,1,5,_H2O,4.0,CCSU+4P-H2O,1220.099784,1220.0998,1221.107609,1221.1076,CCSU+4P,1277.1702089999999,1293.0699209999998,1385.113197
0,1,0,1,2,0,4,_H2O,4.0,AGSS+3P-H2O,1220.127989,1220.128,1221.135814,1221.1358,AGSS+3P,1277.198414,1293.0981259999999,1385.141402
0,0,0,2,1,1,4,_H2O,4.0,GGSU+3P-H2O,1220.145747,1220.1457,1221.153572,1221.1536,GGSU+3P,1277.216172,1293.1158839999998,1385.15916
0,0,4,0,0,0,5,,4.0,CCCC+4P,1220.16516,1220.1652,1221.172985,1221.173,CCCC+4P,1277.235585,1293.1352969999998,1385.178573
0,0,2,2,0,0,4,,4.0,CCGG+3P,1220.211123,1220.2111,1221.218948,1221.2189,CCGG+3P,1277.281548,1293.1812599999998,1385.224536
0,0,1,0,1,2,5,_H2O,4.0,CSUU+4P-H2O,1221.0838,1221.0838,1222.091625,1222.0916,CSUU+4P,1278.154225,1294.0539370000001,1386.097213
0,0,3,0,0,1,5,,4.0,CCCU+4P,1221.149176,1221.1492,1222.1570009999998,1222.157,CCCU+4P,1278.2196009999998,1294.1193129999997,1386.1625889999998
0,1,1,1,1,0,4,,4.0,ACGS+3P,1221.177381,1221.1774,1222.185206,1222.1852,ACGS+3P,1278.247806,1294.1475180000002,1386.190794
0,0,1,2,0,1,4,,4.0,CGGU+3P,1221.195139,1221.1951,1222.2029639999998,1222.203,CGGU+3P,1278.2655639999998,1294.1652759999997,1386.2085519999998
0,0,0,0,1,3,5,_H2O,4.0,SUUU+4P-H2O,1222.067816,1222.0678,1223.075641,1223.0756,SUUU+4P,1279.1382409999999,1295.037953,1387.081229
0,0,2,0,0,2,5,,4.0,CCUU+4P,1222.133192,1222.1332,1223.141017,1223.141,CCUU+4P,1279.203617,1295.103329,1387.146605
0,2,0,0,2,0,4,,4.0,AASS+3P,1222.143639,1222.1436,1223.1514639999998,1223.1515,AASS+3P,1279.2140639999998,1295.1137759999997,1387.1570519999998
0,1,0,1,1,1,4,,4.0,AGSU+3P,1222.161397,1222.1614,1223.169222,1223.1692,AGSU+3P,1279.231822,1295.131534,1387.17481
0,0,0,2,0,2,4,,4.0,GGUU+3P,1222.179155,1222.1792,1223.18698,1223.187,GGUU+3P,1279.24958,1295.149292,1387.192568
0,0,1,0,0,3,5,,4.0,CUUU+4P,1223.117208,1223.1172,1224.1250329999998,1224.125,CUUU+4P,1280.1876329999998,1296.087345,1388.1306209999998
0,0,0,0,0,4,5,,4.0,UUUU+4P,1224.101224,1224.1012,1225.109049,1225.109,UUUU+4P,1281.171649,1297.0713609999998,1389.114637
0,1,3,0,0,0,5,_H2O,4.0,ACCC+4P-H2O,1226.165828,1226.1658,1227.1736529999998,1227.1737,ACCC+4P,1283.2362529999998,1299.135965,1391.1792409999998
0,1,1,2,0,0,4,_H2O,4.0,ACGG+3P-H2O,1226.211791,1226.2118,1227.219616,1227.2196,ACGG+3P,1283.282216,1299.181928,1391.225204
0,1,2,0,0,1,5,_H2O,4.0,ACCU+4P-H2O,1227.149844,1227.1498,1228.157669,1228.1577,ACCU+4P,1284.220269,1300.1199809999998,1392.163257
0,2,0,1,1,0,4,_H2O,4.0,AAGS+3P-H2O,1227.178049,1227.178,1228.185874,1228.1859,AAGS+3P,1284.248474,1300.148186,1392.191462
0,1,0,2,0,1,4,_H2O,4.0,AGGU+3P-H2O,1227.195807,1227.1958,1228.203632,1228.2036,AGGU+3P,1284.266232,1300.1659439999999,1392.20922
0,1,1,0,0,2,5,_H2O,4.0,ACUU+4P-H2O,1228.13386,1228.1339,1229.1416849999998,1229.1417,ACUU+4P,1285.2042849999998,1301.1039969999997,1393.1472729999998
0,2,1,1,0,0,4,,4.0,AACG+3P,1228.227441,1228.2274,1229.235266,1229.2353,AACG+3P,1285.2978659999999,1301.1975779999998,1393.240854
0,1,0,0,0,3,5,_H2O,4.0,AUUU+4P-H2O,1229.117876,1229.1179,1230.125701,1230.1257,AUUU+4P,1286.188301,1302.088013,1394.131289
0,3,0,0,1,0,4,,4.0,AAAS+3P,1229.193699,1229.1937,1230.2015239999998,1230.2015,AAAS+3P,1286.2641239999998,1302.1638359999997,1394.2071119999998
0,2,0,1,0,1,4,,4.0,AAGU+3P,1229.211457,1229.2115,1230.219282,1230.2193,AAGU+3P,1286.281882,1302.1815940000001,1394.22487
0,0,0,1,3,0,4,,4.0,GSSS+3P,1231.088494,1231.0885,1232.096319,1232.0963,GSSS+3P,1288.158919,1304.0586309999999,1396.101907
0,3,0,1,0,0,4,_H2O,4.0,AAAG+3P-H2O,1234.228109,1234.2281,1235.2359339999998,1235.2359,AAAG+3P,1291.2985339999998,1307.198246,1399.2415219999998
0,0,2,0,2,0,5,_H2O,4.0,CCSS+4P-H2O,1236.076941,1236.0769,1237.084766,1237.0848,CCSS+4P,1293.147366,1309.047078,1401.090354
0,0,0,2,2,0,4,_H2O,4.0,GGSS+3P-H2O,1236.122904,1236.1229,1237.130729,1237.1307,GGSS+3P,1293.193329,1309.093041,1401.136317
0,4,0,0,0,0,4,,4.0,AAAA+3P,1236.243759,1236.2438,1237.251584,1237.2516,AAAA+3P,1293.314184,1309.2138960000002,1401.257172
0,0,1,0,2,1,5,_H2O,4.0,CSSU+4P-H2O,1237.060957,1237.061,1238.0687819999998,1238.0688,CSSU+4P,1294.1313819999998,1310.031094,1402.0743699999998
0,0,3,0,1,0,5,,4.0,CCCS+4P,1237.126333,1237.1263,1238.1341579999998,1238.1342,CCCS+4P,1294.1967579999998,1310.09647,1402.1397459999998
0,0,1,2,1,0,4,,4.0,CGGS+3P,1237.172296,1237.1723,1238.180121,1238.1801,CGGS+3P,1294.242721,1310.142433,1402.185709
0,0,0,0,2,2,5,_H2O,4.0,SSUU+4P-H2O,1238.044973,1238.045,1239.052798,1239.0528,SSUU+4P,1295.115398,1311.0151099999998,1403.058386
0,0,2,0,1,1,5,,4.0,CCSU+4P,1238.110349,1238.1103,1239.118174,1239.1182,CCSU+4P,1295.180774,1311.0804859999998,1403.123762
0,1,0,1,2,0,4,,4.0,AGSS+3P,1238.138554,1238.1386,1239.146379,1239.1464,AGSS+3P,1295.208979,1311.108691,1403.151967
0,0,0,2,1,1,4,,4.0,GGSU+3P,1238.156312,1238.1563,1239.164137,1239.1641,GGSU+3P,1295.226737,1311.1264489999999,1403.169725
0,0,1,0,1,2,5,,4.0,CSUU+4P,1239.094365,1239.0944,1240.1021899999998,1240.1022,CSUU+4P,1296.1647899999998,1312.0645019999997,1404.1077779999998
0,0,0,0,1,3,5,,4.0,SUUU+4P,1240.078381,1240.0784,1241.086206,1241.0862,SUUU+4P,1297.148806,1313.048518,1405.091794
0,0,3,1,0,0,5,_H2O,4.0,CCCG+4P-H2O,1242.160743,1242.1607,1243.1685679999998,1243.1686,CCCG+4P,1299.2311679999998,1315.1308799999997,1407.1741559999998
0,0,1,3,0,0,4,_H2O,4.0,CGGG+3P-H2O,1242.206706,1242.2067,1243.214531,1243.2145,CGGG+3P,1299.277131,1315.1768430000002,1407.220119
0,1,2,0,1,0,5,_H2O,4.0,ACCS+4P-H2O,1243.127001,1243.127,1244.134826,1244.1348,ACCS+4P,1300.197426,1316.097138,1408.140414
0,0,2,1,0,1,5,_H2O,4.0,CCGU+4P-H2O,1243.144759,1243.1448,1244.152584,1244.1526,CCGU+4P,1300.215184,1316.114896,1408.158172
0,1,0,2,1,0,4,_H2O,4.0,AGGS+3P-H2O,1243.172964,1243.173,1244.180789,1244.1808,AGGS+3P,1300.243389,1316.1431010000001,1408.186377
0,0,0,3,0,1,4,_H2O,4.0,GGGU+3P-H2O,1243.190722,1243.1907,1244.198547,1244.1985,GGGU+3P,1300.261147,1316.160859,1408.204135
0,1,1,0,1,1,5,_H2O,4.0,ACSU+4P-H2O,1244.111017,1244.111,1245.118842,1245.1188,ACSU+4P,1301.181442,1317.081154,1409.12443
0,0,1,1,0,2,5,_H2O,4.0,CGUU+4P-H2O,1244.128775,1244.1288,1245.1365999999998,1245.1366,CGUU+4P,1301.1991999999998,1317.098912,1409.1421879999998
0,1,3,0,0,0,5,,4.0,ACCC+4P,1244.176393,1244.1764,1245.184218,1245.1842,ACCC+4P,1301.246818,1317.14653,1409.189806
0,1,1,2,0,0,4,,4.0,ACGG+3P,1244.222356,1244.2224,1245.230181,1245.2302,ACGG+3P,1301.2927809999999,1317.192493,1409.235769
0,1,0,0,1,2,5,_H2O,4.0,ASUU+4P-H2O,1245.095033,1245.095,1246.102858,1246.1029,ASUU+4P,1302.165458,1318.0651699999999,1410.108446
0,0,0,1,0,3,5,_H2O,4.0,GUUU+4P-H2O,1245.112791,1245.1128,1246.120616,1246.1206,GUUU+4P,1302.183216,1318.0829279999998,1410.126204
0,1,2,0,0,1,5,,4.0,ACCU+4P,1245.160409,1245.1604,1246.168234,1246.1682,ACCU+4P,1302.230834,1318.1305459999999,1410.173822
0,2,0,1,1,0,4,,4.0,AAGS+3P,1245.188614,1245.1886,1246.1964389999998,1246.1964,AAGS+3P,1302.2590389999998,1318.158751,1410.2020269999998
0,1,0,2,0,1,4,,4.0,AGGU+3P,1245.206372,1245.2064,1246.214197,1246.2142,AGGU+3P,1302.276797,1318.176509,1410.219785
0,1,1,0,0,2,5,,4.0,ACUU+4P,1246.144425,1246.1444,1247.15225,1247.1522,ACUU+4P,1303.21485,1319.1145620000002,1411.157838
0,1,0,0,0,3,5,,4.0,AUUU+4P,1247.128441,1247.1284,1248.136266,1248.1363,AUUU+4P,1304.198866,1320.098578,1412.141854
0,2,2,0,0,0,5,_H2O,4.0,AACC+4P-H2O,1250.177061,1250.1771,1251.184886,1251.1849,AACC+4P,1307.247486,1323.1471980000001,1415.190474
0,2,0,2,0,0,4,_H2O,4.0,AAGG+3P-H2O,1250.223024,1250.223,1251.2308489999998,1251.2308,AAGG+3P,1307.2934489999998,1323.1931609999997,1415.2364369999998
0,2,1,0,0,1,5,_H2O,4.0,AACU+4P-H2O,1251.161077,1251.1611,1252.168902,1252.1689,AACU+4P,1308.2315019999999,1324.131214,1416.1744899999999
0,2,0,0,0,2,5,_H2O,4.0,AAUU+4P-H2O,1252.145093,1252.1451,1253.152918,1253.1529,AAUU+4P,1309.215518,1325.1152299999999,1417.158506
0,3,0,1,0,0,4,,4.0,AAAG+3P,1252.238674,1252.2387,1253.246499,1253.2465,AAAG+3P,1309.309099,1325.208811,1417.252087
0,0,1,0,3,0,5,_H2O,4.0,CSSS+4P-H2O,1253.038114,1253.0381,1254.045939,1254.0459,CSSS+4P,1310.108539,1326.0082510000002,1418.051527
0,0,0,0,3,1,5,_H2O,4.0,SSSU+4P-H2O,1254.02213,1254.0221,1255.029955,1255.03,SSSU+4P,1311.092555,1326.992267,1419.035543
0,0,2,0,2,0,5,,4.0,CCSS+4P,1254.087506,1254.0875,1255.095331,1255.0953,CCSS+4P,1311.157931,1327.057643,1419.100919
0,0,0,2,2,0,4,,4.0,GGSS+3P,1254.133469,1254.1335,1255.141294,1255.1413,GGSS+3P,1311.203894,1327.1036060000001,1419.146882
0,0,1,0,2,1,5,,4.0,CSSU+4P,1255.071522,1255.0715,1256.079347,1256.0793,CSSU+4P,1312.141947,1328.041659,1420.084935
0,0,0,0,2,2,5,,4.0,SSUU+4P,1256.055538,1256.0555,1257.063363,1257.0634,SSUU+4P,1313.125963,1329.0256749999999,1421.068951
0,0,2,1,1,0,5,_H2O,4.0,CCGS+4P-H2O,1259.121916,1259.1219,1260.129741,1260.1297,CCGS+4P,1316.192341,1332.0920529999999,1424.135329
0,0,0,3,1,0,4,_H2O,4.0,GGGS+3P-H2O,1259.167879,1259.1679,1260.175704,1260.1757,GGGS+3P,1316.238304,1332.1380159999999,1424.181292
0,1,1,0,2,0,5,_H2O,4.0,ACSS+4P-H2O,1260.088174,1260.0882,1261.095999,1261.096,ACSS+4P,1317.1585989999999,1333.0583109999998,1425.1015869999999
0,0,1,1,1,1,5,_H2O,4.0,CGSU+4P-H2O,1260.105932,1260.1059,1261.113757,1261.1138,CGSU+4P,1317.176357,1333.0760690000002,1425.119345
0,0,3,1,0,0,5,,4.0,CCCG+4P,1260.171308,1260.1713,1261.179133,1261.1791,CCCG+4P,1317.241733,1333.1414450000002,1425.184721
0,0,1,3,0,0,4,,4.0,CGGG+3P,1260.217271,1260.2173,1261.225096,1261.2251,CGGG+3P,1317.2876959999999,1333.1874079999998,1425.2306839999999
0,1,0,0,2,1,5,_H2O,4.0,ASSU+4P-H2O,1261.07219,1261.0722,1262.080015,1262.08,ASSU+4P,1318.142615,1334.0423270000001,1426.085603
0,0,0,1,1,2,5,_H2O,4.0,GSUU+4P-H2O,1261.089948,1261.0899,1262.097773,1262.0978,GSUU+4P,1318.160373,1334.060085,1426.103361
0,1,2,0,1,0,5,,4.0,ACCS+4P,1261.137566,1261.1376,1262.145391,1262.1454,ACCS+4P,1318.207991,1334.1077030000001,1426.150979
0,0,2,1,0,1,5,,4.0,CCGU+4P,1261.155324,1261.1553,1262.163149,1262.1631,CCGU+4P,1318.225749,1334.125461,1426.168737
0,1,0,2,1,0,4,,4.0,AGGS+3P,1261.183529,1261.1835,1262.1913539999998,1262.1914,AGGS+3P,1318.2539539999998,1334.1536659999997,1426.1969419999998
0,0,0,3,0,1,4,,4.0,GGGU+3P,1261.201287,1261.2013,1262.209112,1262.2091,GGGU+3P,1318.271712,1334.1714240000001,1426.2147
0,1,1,0,1,1,5,,4.0,ACSU+4P,1262.121582,1262.1216,1263.129407,1263.1294,ACSU+4P,1319.1920069999999,1335.091719,1427.134995
0,0,1,1,0,2,5,,4.0,CGUU+4P,1262.13934,1262.1393,1263.147165,1263.1472,CGUU+4P,1319.209765,1335.109477,1427.152753
0,1,0,0,1,2,5,,4.0,ASUU+4P,1263.105598,1263.1056,1264.113423,1264.1134,ASUU+4P,1320.176023,1336.075735,1428.119011
0,0,0,1,0,3,5,,4.0,GUUU+4P,1263.123356,1263.1234,1264.131181,1264.1312,GUUU+4P,1320.193781,1336.0934929999999,1428.136769
0,1,2,1,0,0,5,_H2O,4.0,ACCG+4P-H2O,1266.171976,1266.172,1267.179801,1267.1798,ACCG+4P,1323.242401,1339.1421129999999,1431.185389
0,1,0,3,0,0,4,_H2O,4.0,AGGG+3P-H2O,1266.217939,1266.2179,1267.2257639999998,1267.2258,AGGG+3P,1323.2883639999998,1339.188076,1431.2313519999998
0,2,1,0,1,0,5,_H2O,4.0,AACS+4P-H2O,1267.138234,1267.1382,1268.146059,1268.1461,AACS+4P,1324.208659,1340.1083709999998,1432.151647
0,1,1,1,0,1,5,_H2O,4.0,ACGU+4P-H2O,1267.155992,1267.156,1268.163817,1268.1638,ACGU+4P,1324.226417,1340.1261290000002,1432.169405
0,2,0,0,1,1,5,_H2O,4.0,AASU+4P-H2O,1268.12225,1268.1222,1269.1300749999998,1269.1301,AASU+4P,1325.1926749999998,1341.0923869999997,1433.1356629999998
0,1,0,1,0,2,5,_H2O,4.0,AGUU+4P-H2O,1268.140008,1268.14,1269.147833,1269.1478,AGUU+4P,1325.210433,1341.110145,1433.153421
0,2,2,0,0,0,5,,4.0,AACC+4P,1268.187626,1268.1876,1269.1954509999998,1269.1955,AACC+4P,1325.2580509999998,1341.1577629999997,1433.2010389999998
0,2,0,2,0,0,4,,4.0,AAGG+3P,1268.233589,1268.2336,1269.2414139999998,1269.2414,AAGG+3P,1325.3040139999998,1341.2037259999997,1433.2470019999998
0,2,1,0,0,1,5,,4.0,AACU+4P,1269.171642,1269.1716,1270.179467,1270.1795,AACU+4P,1326.242067,1342.141779,1434.185055
0,0,0,0,4,0,5,_H2O,4.0,SSSS+4P-H2O,1269.999287,1269.9993,1271.007112,1271.0071,SSSS+4P,1327.069712,1342.969424,1435.0127
0,2,0,0,0,2,5,,4.0,AAUU+4P,1270.155658,1270.1557,1271.1634829999998,1271.1635,AAUU+4P,1327.2260829999998,1343.125795,1435.1690709999998
0,0,1,0,3,0,5,,4.0,CSSS+4P,1271.048679,1271.0487,1272.056504,1272.0565,CSSS+4P,1328.1191039999999,1344.0188159999998,1436.062092
0,0,0,0,3,1,5,,4.0,SSSU+4P,1272.032695,1272.0327,1273.04052,1273.0405,SSSU+4P,1329.10312,1345.0028320000001,1437.046108
0,3,1,0,0,0,5,_H2O,4.0,AAAC+4P-H2O,1274.188294,1274.1883,1275.196119,1275.1961,AAAC+4P,1331.258719,1347.1584309999998,1439.201707
0,3,0,0,0,1,5,_H2O,4.0,AAAU+4P-H2O,1275.17231,1275.1723,1276.1801349999998,1276.1801,AAAU+4P,1332.2427349999998,1348.1424469999997,1440.1857229999998
0,0,1,1,2,0,5,_H2O,4.0,CGSS+4P-H2O,1276.083089,1276.0831,1277.090914,1277.0909,CGSS+4P,1333.153514,1349.053226,1441.096502
0,1,0,0,3,0,5,_H2O,4.0,ASSS+4P-H2O,1277.049347,1277.0493,1278.0571719999998,1278.0572,ASSS+4P,1334.1197719999998,1350.019484,1442.0627599999998
0,0,0,1,2,1,5,_H2O,4.0,GSSU+4P-H2O,1277.067105,1277.0671,1278.07493,1278.0749,GSSU+4P,1334.13753,1350.0372419999999,1442.080518
0,0,2,1,1,0,5,,4.0,CCGS+4P,1277.132481,1277.1325,1278.140306,1278.1403,CCGS+4P,1334.202906,1350.102618,1442.145894
0,0,0,3,1,0,4,,4.0,GGGS+3P,1277.178444,1277.1784,1278.1862689999998,1278.1863,GGGS+3P,1334.2488689999998,1350.148581,1442.1918569999998
0,1,1,0,2,0,5,,4.0,ACSS+4P,1278.098739,1278.0987,1279.106564,1279.1066,ACSS+4P,1335.169164,1351.0688759999998,1443.112152
0,0,1,1,1,1,5,,4.0,CGSU+4P,1278.116497,1278.1165,1279.124322,1279.1243,CGSU+4P,1335.1869219999999,1351.0866339999998,1443.1299099999999
0,1,0,0,2,1,5,,4.0,ASSU+4P,1279.082755,1279.0828,1280.0905799999998,1280.0906,ASSU+4P,1336.1531799999998,1352.0528919999997,1444.0961679999998
0,0,0,1,1,2,5,,4.0,GSUU+4P,1279.100513,1279.1005,1280.108338,1280.1083,GSUU+4P,1336.170938,1352.0706500000001,1444.113926
0,0,4,0,0,0,6,_H2O,4.0,CCCC+5P-H2O,1282.120928,1282.1209,1283.128753,1283.1288,CCCC+5P,1339.191353,1355.091065,1447.134341
0,0,2,2,0,0,5,_H2O,4.0,CCGG+4P-H2O,1282.166891,1282.1669,1283.174716,1283.1747,CCGG+4P,1339.237316,1355.137028,1447.180304
0,0,0,4,0,0,4,_H2O,4.0,GGGG+3P-H2O,1282.212854,1282.2129,1283.220679,1283.2207,GGGG+3P,1339.283279,1355.1829910000001,1447.226267
0,0,3,0,0,1,6,_H2O,4.0,CCCU+5P-H2O,1283.104944,1283.1049,1284.1127689999998,1284.1128,CCCU+5P,1340.1753689999998,1356.075081,1448.1183569999998
0,1,1,1,1,0,5,_H2O,4.0,ACGS+4P-H2O,1283.133149,1283.1331,1284.140974,1284.141,ACGS+4P,1340.203574,1356.103286,1448.146562
0,0,1,2,0,1,5,_H2O,4.0,CGGU+4P-H2O,1283.150907,1283.1509,1284.158732,1284.1587,CGGU+4P,1340.221332,1356.121044,1448.16432
0,0,2,0,0,2,6,_H2O,4.0,CCUU+5P-H2O,1284.08896,1284.089,1285.096785,1285.0968,CCUU+5P,1341.159385,1357.0590969999998,1449.102373
0,2,0,0,2,0,5,_H2O,4.0,AASS+4P-H2O,1284.099407,1284.0994,1285.1072319999998,1285.1072,AASS+4P,1341.1698319999998,1357.069544,1449.1128199999998
0,1,0,1,1,1,5,_H2O,4.0,AGSU+4P-H2O,1284.117165,1284.1172,1285.1249899999998,1285.125,AGSU+4P,1341.1875899999998,1357.087302,1449.1305779999998
0,0,0,2,0,2,5,_H2O,4.0,GGUU+4P-H2O,1284.134923,1284.1349,1285.142748,1285.1427,GGUU+4P,1341.205348,1357.1050599999999,1449.148336
0,1,2,1,0,0,5,,4.0,ACCG+4P,1284.182541,1284.1825,1285.1903659999998,1285.1904,ACCG+4P,1341.2529659999998,1357.152678,1449.1959539999998
0,1,0,3,0,0,4,,4.0,AGGG+3P,1284.228504,1284.2285,1285.2363289999998,1285.2363,AGGG+3P,1341.2989289999998,1357.198641,1449.2419169999998
0,0,1,0,0,3,6,_H2O,4.0,CUUU+5P-H2O,1285.072976,1285.073,1286.0808009999998,1286.0808,CUUU+5P,1342.1434009999998,1358.0431129999997,1450.0863889999998
0,2,1,0,1,0,5,,4.0,AACS+4P,1285.148799,1285.1488,1286.156624,1286.1566,AACS+4P,1342.219224,1358.1189359999998,1450.162212
0,1,1,1,0,1,5,,4.0,ACGU+4P,1285.166557,1285.1666,1286.174382,1286.1744,ACGU+4P,1342.236982,1358.1366939999998,1450.17997
0,0,0,0,0,4,6,_H2O,4.0,UUUU+5P-H2O,1286.056992,1286.057,1287.064817,1287.0648,UUUU+5P,1343.127417,1359.027129,1451.070405
0,2,0,0,1,1,5,,4.0,AASU+4P,1286.132815,1286.1328,1287.1406399999998,1287.1406,AASU+4P,1343.2032399999998,1359.1029519999997,1451.1462279999998
0,1,0,1,0,2,5,,4.0,AGUU+4P,1286.150573,1286.1506,1287.1583979999998,1287.1584,AGUU+4P,1343.2209979999998,1359.1207099999997,1451.1639859999998
0,0,0,0,4,0,5,,4.0,SSSS+4P,1288.009852,1288.0099,1289.0176769999998,1289.0177,SSSS+4P,1345.0802769999998,1360.979989,1453.0232649999998
0,2,1,1,0,0,5,_H2O,4.0,AACG+4P-H2O,1290.183209,1290.1832,1291.191034,1291.191,AACG+4P,1347.253634,1363.153346,1455.196622
0,3,0,0,1,0,5,_H2O,4.0,AAAS+4P-H2O,1291.149467,1291.1495,1292.157292,1292.1573,AAAS+4P,1348.219892,1364.119604,1456.16288
0,2,0,1,0,1,5,_H2O,4.0,AAGU+4P-H2O,1291.167225,1291.1672,1292.1750499999998,1292.175,AAGU+4P,1348.2376499999998,1364.137362,1456.1806379999998
0,3,1,0,0,0,5,,4.0,AAAC+4P,1292.198859,1292.1989,1293.206684,1293.2067,AAAC+4P,1349.269284,1365.1689959999999,1457.212272
0,0,0,1,3,0,5,_H2O,4.0,GSSS+4P-H2O,1293.044262,1293.0443,1294.0520869999998,1294.0521,GSSS+4P,1350.1146869999998,1366.0143989999997,1458.0576749999998
0,3,0,0,0,1,5,,4.0,AAAU+4P,1293.182875,1293.1829,1294.1907,1294.1907,AAAU+4P,1350.2533,1366.1530120000002,1458.196288
0,0,1,1,2,0,5,,4.0,CGSS+4P,1294.093654,1294.0937,1295.101479,1295.1015,CGSS+4P,1351.164079,1367.063791,1459.107067
0,1,0,0,3,0,5,,4.0,ASSS+4P,1295.059912,1295.0599,1296.067737,1296.0677,ASSS+4P,1352.130337,1368.030049,1460.073325
0,0,0,1,2,1,5,,4.0,GSSU+4P,1295.07767,1295.0777,1296.0854949999998,1296.0855,GSSU+4P,1352.1480949999998,1368.047807,1460.0910829999998
0,4,0,0,0,0,5,_H2O,4.0,AAAA+4P-H2O,1298.199527,1298.1995,1299.207352,1299.2074,AAAA+4P,1355.2699519999999,1371.169664,1463.21294
0,0,3,0,1,0,6,_H2O,4.0,CCCS+5P-H2O,1299.082101,1299.0821,1300.089926,1300.0899,CCCS+5P,1356.152526,1372.0522380000002,1464.095514
0,0,1,2,1,0,5,_H2O,4.0,CGGS+4P-H2O,1299.128064,1299.1281,1300.135889,1300.1359,CGGS+4P,1356.1984889999999,1372.0982009999998,1464.141477
0,0,2,0,1,1,6,_H2O,4.0,CCSU+5P-H2O,1300.066117,1300.0661,1301.073942,1301.0739,CCSU+5P,1357.136542,1373.036254,1465.07953
0,1,0,1,2,0,5,_H2O,4.0,AGSS+4P-H2O,1300.094322,1300.0943,1301.1021469999998,1301.1021,AGSS+4P,1357.1647469999998,1373.0644589999997,1465.1077349999998
0,0,0,2,1,1,5,_H2O,4.0,GGSU+4P-H2O,1300.11208,1300.1121,1301.119905,1301.1199,GGSU+4P,1357.182505,1373.0822170000001,1465.125493
0,0,4,0,0,0,6,,4.0,CCCC+5P,1300.131493,1300.1315,1301.139318,1301.1393,CCCC+5P,1357.201918,1373.1016300000001,1465.144906
0,0,2,2,0,0,5,,4.0,CCGG+4P,1300.177456,1300.1775,1301.1852809999998,1301.1853,CCGG+4P,1357.2478809999998,1373.1475929999997,1465.1908689999998
0,0,0,4,0,0,4,,4.0,GGGG+3P,1300.223419,1300.2234,1301.2312439999998,1301.2312,GGGG+3P,1357.2938439999998,1373.1935559999997,1465.2368319999998
0,0,1,0,1,2,6,_H2O,4.0,CSUU+5P-H2O,1301.050133,1301.0501,1302.057958,1302.058,CSUU+5P,1358.120558,1374.02027,1466.063546
0,0,3,0,0,1,6,,4.0,CCCU+5P,1301.115509,1301.1155,1302.123334,1302.1233,CCCU+5P,1358.185934,1374.085646,1466.128922
0,1,1,1,1,0,5,,4.0,ACGS+4P,1301.143714,1301.1437,1302.151539,1302.1515,ACGS+4P,1358.214139,1374.113851,1466.157127
0,0,1,2,0,1,5,,4.0,CGGU+4P,1301.161472,1301.1615,1302.169297,1302.1693,CGGU+4P,1358.231897,1374.131609,1466.174885
0,0,0,0,1,3,6,_H2O,4.0,SUUU+5P-H2O,1302.034149,1302.0341,1303.041974,1303.042,SUUU+5P,1359.104574,1375.0042859999999,1467.047562
0,0,2,0,0,2,6,,4.0,CCUU+5P,1302.099525,1302.0995,1303.10735,1303.1074,CCUU+5P,1359.16995,1375.0696619999999,1467.112938
0,2,0,0,2,0,5,,4.0,AASS+4P,1302.109972,1302.11,1303.117797,1303.1178,AASS+4P,1359.180397,1375.080109,1467.123385
0,1,0,1,1,1,5,,4.0,AGSU+4P,1302.12773,1302.1277,1303.1355549999998,1303.1356,AGSU+4P,1359.1981549999998,1375.097867,1467.1411429999998
0,0,0,2,0,2,5,,4.0,GGUU+4P,1302.145488,1302.1455,1303.1533129999998,1303.1533,GGUU+4P,1359.2159129999998,1375.115625,1467.1589009999998
0,0,1,0,0,3,6,,4.0,CUUU+5P,1303.083541,1303.0835,1304.091366,1304.0914,CUUU+5P,1360.153966,1376.0536780000002,1468.096954
0,0,0,0,0,4,6,,4.0,UUUU+5P,1304.067557,1304.0676,1305.075382,1305.0754,UUUU+5P,1361.137982,1377.037694,1469.08097
0,1,3,0,0,0,6,_H2O,4.0,ACCC+5P-H2O,1306.132161,1306.1322,1307.139986,1307.14,ACCC+5P,1363.2025859999999,1379.1022979999998,1471.145574
0,1,1,2,0,0,5,_H2O,4.0,ACGG+4P-H2O,1306.178124,1306.1781,1307.185949,1307.1859,ACGG+4P,1363.248549,1379.1482609999998,1471.191537
0,1,2,0,0,1,6,_H2O,4.0,ACCU+5P-H2O,1307.116177,1307.1162,1308.124002,1308.124,ACCU+5P,1364.186602,1380.0863140000001,1472.12959
0,2,0,1,1,0,5,_H2O,4.0,AAGS+4P-H2O,1307.144382,1307.1444,1308.152207,1308.1522,AAGS+4P,1364.214807,1380.1145190000002,1472.157795
0,1,0,2,0,1,5,_H2O,4.0,AGGU+4P-H2O,1307.16214,1307.1621,1308.1699649999998,1308.17,AGGU+4P,1364.2325649999998,1380.1322769999997,1472.1755529999998
0,1,1,0,0,2,6,_H2O,4.0,ACUU+5P-H2O,1308.100193,1308.1002,1309.108018,1309.108,ACUU+5P,1365.1706179999999,1381.07033,1473.113606
0,2,1,1,0,0,5,,4.0,AACG+4P,1308.193774,1308.1938,1309.201599,1309.2016,AACG+4P,1365.264199,1381.163911,1473.207187
0,1,0,0,0,3,6,_H2O,4.0,AUUU+5P-H2O,1309.084209,1309.0842,1310.092034,1310.092,AUUU+5P,1366.154634,1382.054346,1474.097622
0,3,0,0,1,0,5,,4.0,AAAS+4P,1309.160032,1309.16,1310.167857,1310.1679,AAAS+4P,1366.230457,1382.130169,1474.173445
0,2,0,1,0,1,5,,4.0,AAGU+4P,1309.17779,1309.1778,1310.185615,1310.1856,AAGU+4P,1366.248215,1382.147927,1474.191203
0,0,0,1,3,0,5,,4.0,GSSS+4P,1311.054827,1311.0548,1312.0626519999998,1312.0627,GSSS+4P,1368.1252519999998,1384.0249639999997,1476.0682399999998
0,3,0,1,0,0,5,_H2O,4.0,AAAG+4P-H2O,1314.194442,1314.1944,1315.202267,1315.2023,AAAG+4P,1371.2648669999999,1387.1645789999998,1479.2078549999999
0,0,2,0,2,0,6,_H2O,4.0,CCSS+5P-H2O,1316.043274,1316.0433,1317.051099,1317.0511,CCSS+5P,1373.113699,1389.013411,1481.056687
0,0,0,2,2,0,5,_H2O,4.0,GGSS+4P-H2O,1316.089237,1316.0892,1317.0970619999998,1317.0971,GGSS+4P,1373.1596619999998,1389.059374,1481.1026499999998
0,4,0,0,0,0,5,,4.0,AAAA+4P,1316.210092,1316.2101,1317.217917,1317.2179,AAAA+4P,1373.280517,1389.180229,1481.223505
0,0,1,0,2,1,6,_H2O,4.0,CSSU+5P-H2O,1317.02729,1317.0273,1318.035115,1318.0351,CSSU+5P,1374.0977149999999,1389.9974269999998,1482.040703
0,0,3,0,1,0,6,,4.0,CCCS+5P,1317.092666,1317.0927,1318.100491,1318.1005,CCCS+5P,1374.163091,1390.0628029999998,1482.106079
0,0,1,2,1,0,5,,4.0,CGGS+4P,1317.138629,1317.1386,1318.146454,1318.1465,CGGS+4P,1374.209054,1390.1087659999998,1482.152042
0,0,0,0,2,2,6,_H2O,4.0,SSUU+5P-H2O,1318.011306,1318.0113,1319.019131,1319.0191,SSUU+5P,1375.081731,1390.9814430000001,1483.024719
0,0,2,0,1,1,6,,4.0,CCSU+5P,1318.076682,1318.0767,1319.0845069999998,1319.0845,CCSU+5P,1375.1471069999998,1391.0468189999997,1483.0900949999998
0,1,0,1,2,0,5,,4.0,AGSS+4P,1318.104887,1318.1049,1319.112712,1319.1127,AGSS+4P,1375.175312,1391.0750240000002,1483.1183
0,0,0,2,1,1,5,,4.0,GGSU+4P,1318.122645,1318.1226,1319.1304699999998,1319.1305,GGSU+4P,1375.1930699999998,1391.0927819999997,1483.1360579999998
0,0,1,0,1,2,6,,4.0,CSUU+5P,1319.060698,1319.0607,1320.068523,1320.0685,CSUU+5P,1376.131123,1392.030835,1484.074111
0,0,0,0,1,3,6,,4.0,SUUU+5P,1320.044714,1320.0447,1321.052539,1321.0525,SUUU+5P,1377.115139,1393.014851,1485.058127
0,0,3,1,0,0,6,_H2O,4.0,CCCG+5P-H2O,1322.127076,1322.1271,1323.134901,1323.1349,CCCG+5P,1379.1975009999999,1395.097213,1487.140489
0,0,1,3,0,0,5,_H2O,4.0,CGGG+4P-H2O,1322.173039,1322.173,1323.180864,1323.1809,CGGG+4P,1379.243464,1395.143176,1487.186452
0,1,2,0,1,0,6,_H2O,4.0,ACCS+5P-H2O,1323.093334,1323.0933,1324.1011589999998,1324.1012,ACCS+5P,1380.1637589999998,1396.063471,1488.1067469999998
0,0,2,1,0,1,6,_H2O,4.0,CCGU+5P-H2O,1323.111092,1323.1111,1324.118917,1324.1189,CCGU+5P,1380.181517,1396.081229,1488.124505
0,1,0,2,1,0,5,_H2O,4.0,AGGS+4P-H2O,1323.139297,1323.1393,1324.147122,1324.1471,AGGS+4P,1380.209722,1396.109434,1488.15271
0,0,0,3,0,1,5,_H2O,4.0,GGGU+4P-H2O,1323.157055,1323.1571,1324.1648799999998,1324.1649,GGGU+4P,1380.2274799999998,1396.127192,1488.1704679999998
0,1,1,0,1,1,6,_H2O,4.0,ACSU+5P-H2O,1324.07735,1324.0774,1325.085175,1325.0852,ACSU+5P,1381.147775,1397.0474869999998,1489.090763
0,0,1,1,0,2,6,_H2O,4.0,CGUU+5P-H2O,1324.095108,1324.0951,1325.102933,1325.1029,CGUU+5P,1381.1655329999999,1397.0652449999998,1489.1085209999999
0,1,3,0,0,0,6,,4.0,ACCC+5P,1324.142726,1324.1427,1325.150551,1325.1506,ACCC+5P,1381.213151,1397.1128629999998,1489.156139
0,1,1,2,0,0,5,,4.0,ACGG+4P,1324.188689,1324.1887,1325.196514,1325.1965,ACGG+4P,1381.259114,1397.1588259999999,1489.202102
0,1,0,0,1,2,6,_H2O,4.0,ASUU+5P-H2O,1325.061366,1325.0614,1326.0691909999998,1326.0692,ASUU+5P,1382.1317909999998,1398.0315029999997,1490.0747789999998
0,0,0,1,0,3,6,_H2O,4.0,GUUU+5P-H2O,1325.079124,1325.0791,1326.086949,1326.0869,GUUU+5P,1382.149549,1398.0492610000001,1490.092537
0,1,2,0,0,1,6,,4.0,ACCU+5P,1325.126742,1325.1267,1326.1345669999998,1326.1346,ACCU+5P,1382.1971669999998,1398.0968789999997,1490.1401549999998
0,2,0,1,1,0,5,,4.0,AAGS+4P,1325.154947,1325.1549,1326.162772,1326.1628,AAGS+4P,1382.2253719999999,1398.1250839999998,1490.16836
0,1,0,2,0,1,5,,4.0,AGGU+4P,1325.172705,1325.1727,1326.18053,1326.1805,AGGU+4P,1382.24313,1398.1428420000002,1490.186118
0,1,1,0,0,2,6,,4.0,ACUU+5P,1326.110758,1326.1108,1327.118583,1327.1186,ACUU+5P,1383.181183,1399.080895,1491.124171
0,1,0,0,0,3,6,,4.0,AUUU+5P,1327.094774,1327.0948,1328.1025989999998,1328.1026,AUUU+5P,1384.1651989999998,1400.064911,1492.1081869999998
0,2,2,0,0,0,6,_H2O,4.0,AACC+5P-H2O,1330.143394,1330.1434,1331.151219,1331.1512,AACC+5P,1387.213819,1403.113531,1495.156807
0,2,0,2,0,0,5,_H2O,4.0,AAGG+4P-H2O,1330.189357,1330.1894,1331.197182,1331.1972,AAGG+4P,1387.259782,1403.159494,1495.20277
0,2,1,0,0,1,6,_H2O,4.0,AACU+5P-H2O,1331.12741,1331.1274,1332.135235,1332.1352,AACU+5P,1388.197835,1404.0975469999998,1496.140823
0,2,0,0,0,2,6,_H2O,4.0,AAUU+5P-H2O,1332.111426,1332.1114,1333.1192509999998,1333.1193,AAUU+5P,1389.1818509999998,1405.0815629999997,1497.1248389999998
0,3,0,1,0,0,5,,4.0,AAAG+4P,1332.205007,1332.205,1333.212832,1333.2128,AAAG+4P,1389.275432,1405.1751439999998,1497.21842
0,0,1,0,3,0,6,_H2O,4.0,CSSS+5P-H2O,1333.004447,1333.0044,1334.012272,1334.0123,CSSS+5P,1390.074872,1405.974584,1498.01786
0,0,0,0,3,1,6,_H2O,4.0,SSSU+5P-H2O,1333.988463,1333.9885,1334.9962879999998,1334.9963,SSSU+5P,1391.0588879999998,1406.9586,1499.0018759999998
0,0,2,0,2,0,6,,4.0,CCSS+5P,1334.053839,1334.0538,1335.0616639999998,1335.0617,CCSS+5P,1391.1242639999998,1407.023976,1499.0672519999998
0,0,0,2,2,0,5,,4.0,GGSS+4P,1334.099802,1334.0998,1335.107627,1335.1076,GGSS+4P,1391.170227,1407.069939,1499.113215
0,0,1,0,2,1,6,,4.0,CSSU+5P,1335.037855,1335.0379,1336.04568,1336.0457,CSSU+5P,1392.10828,1408.0079919999998,1500.051268
0,0,0,0,2,2,6,,4.0,SSUU+5P,1336.021871,1336.0219,1337.0296959999998,1337.0297,SSUU+5P,1393.0922959999998,1408.9920079999997,1501.0352839999998
0,0,2,1,1,0,6,_H2O,4.0,CCGS+5P-H2O,1339.088249,1339.0882,1340.0960739999998,1340.0961,CCGS+5P,1396.1586739999998,1412.0583859999997,1504.1016619999998
0,0,0,3,1,0,5,_H2O,4.0,GGGS+4P-H2O,1339.134212,1339.1342,1340.1420369999998,1340.142,GGGS+4P,1396.2046369999998,1412.1043489999997,1504.1476249999998
0,1,1,0,2,0,6,_H2O,4.0,ACSS+5P-H2O,1340.054507,1340.0545,1341.062332,1341.0623,ACSS+5P,1397.124932,1413.024644,1505.06792
0,0,1,1,1,1,6,_H2O,4.0,CGSU+5P-H2O,1340.072265,1340.0723,1341.08009,1341.0801,CGSU+5P,1397.14269,1413.042402,1505.085678
0,0,3,1,0,0,6,,4.0,CCCG+5P,1340.137641,1340.1376,1341.145466,1341.1455,CCCG+5P,1397.208066,1413.107778,1505.151054
0,0,1,3,0,0,5,,4.0,CGGG+4P,1340.183604,1340.1836,1341.191429,1341.1914,CGGG+4P,1397.254029,1413.153741,1505.197017
0,1,0,0,2,1,6,_H2O,4.0,ASSU+5P-H2O,1341.038523,1341.0385,1342.046348,1342.0463,ASSU+5P,1398.108948,1414.00866,1506.051936
0,0,0,1,1,2,6,_H2O,4.0,GSUU+5P-H2O,1341.056281,1341.0563,1342.0641059999998,1342.0641,GSUU+5P,1398.1267059999998,1414.026418,1506.0696939999998
0,1,2,0,1,0,6,,4.0,ACCS+5P,1341.103899,1341.1039,1342.111724,1342.1117,ACCS+5P,1398.174324,1414.074036,1506.117312
0,0,2,1,0,1,6,,4.0,CCGU+5P,1341.121657,1341.1217,1342.1294819999998,1342.1295,CCGU+5P,1398.1920819999998,1414.091794,1506.1350699999998
0,1,0,2,1,0,5,,4.0,AGGS+4P,1341.149862,1341.1499,1342.157687,1342.1577,AGGS+4P,1398.2202869999999,1414.119999,1506.1632749999999
0,0,0,3,0,1,5,,4.0,GGGU+4P,1341.16762,1341.1676,1342.175445,1342.1754,GGGU+4P,1398.238045,1414.137757,1506.181033
0,1,1,0,1,1,6,,4.0,ACSU+5P,1342.087915,1342.0879,1343.09574,1343.0957,ACSU+5P,1399.15834,1415.0580519999999,1507.101328
0,0,1,1,0,2,6,,4.0,CGUU+5P,1342.105673,1342.1057,1343.113498,1343.1135,CGUU+5P,1399.176098,1415.0758099999998,1507.119086
0,1,0,0,1,2,6,,4.0,ASUU+5P,1343.071931,1343.0719,1344.079756,1344.0798,ASUU+5P,1400.142356,1416.0420680000002,1508.085344
0,0,0,1,0,3,6,,4.0,GUUU+5P,1343.089689,1343.0897,1344.0975139999998,1344.0975,GUUU+5P,1400.1601139999998,1416.0598259999997,1508.1031019999998
0,1,2,1,0,0,6,_H2O,4.0,ACCG+5P-H2O,1346.138309,1346.1383,1347.1461339999998,1347.1461,ACCG+5P,1403.2087339999998,1419.1084459999997,1511.1517219999998
0,1,0,3,0,0,5,_H2O,4.0,AGGG+4P-H2O,1346.184272,1346.1843,1347.192097,1347.1921,AGGG+4P,1403.254697,1419.1544090000002,1511.197685
0,2,1,0,1,0,6,_H2O,4.0,AACS+5P-H2O,1347.104567,1347.1046,1348.112392,1348.1124,AACS+5P,1404.174992,1420.074704,1512.11798
0,1,1,1,0,1,6,_H2O,4.0,ACGU+5P-H2O,1347.122325,1347.1223,1348.13015,1348.1302,ACGU+5P,1404.19275,1420.092462,1512.135738
0,2,0,0,1,1,6,_H2O,4.0,AASU+5P-H2O,1348.088583,1348.0886,1349.096408,1349.0964,AASU+5P,1405.159008,1421.05872,1513.101996
0,1,0,1,0,2,6,_H2O,4.0,AGUU+5P-H2O,1348.106341,1348.1063,1349.1141659999998,1349.1142,AGUU+5P,1405.1767659999998,1421.076478,1513.1197539999998
0,2,2,0,0,0,6,,4.0,AACC+5P,1348.153959,1348.154,1349.161784,1349.1618,AACC+5P,1405.2243839999999,1421.124096,1513.167372
0,2,0,2,0,0,5,,4.0,AAGG+4P,1348.199922,1348.1999,1349.207747,1349.2077,AAGG+4P,1405.270347,1421.170059,1513.213335
0,2,1,0,0,1,6,,4.0,AACU+5P,1349.137975,1349.138,1350.1458,1350.1458,AACU+5P,1406.2084,1422.108112,1514.151388
0,0,0,0,4,0,6,_H2O,4.0,SSSS+5P-H2O,1349.96562,1349.9656,1350.973445,1350.9734,SSSS+5P,1407.036045,1422.9357570000002,1514.979033
0,2,0,0,0,2,6,,4.0,AAUU+5P,1350.121991,1350.122,1351.129816,1351.1298,AAUU+5P,1407.1924159999999,1423.0921279999998,1515.1354039999999
0,0,1,0,3,0,6,,4.0,CSSS+5P,1351.015012,1351.015,1352.022837,1352.0228,CSSS+5P,1408.085437,1423.985149,1516.028425
0,0,0,0,3,1,6,,4.0,SSSU+5P,1351.999028,1351.999,1353.006853,1353.0069,SSSU+5P,1409.069453,1424.969165,1517.012441
0,3,1,0,0,0,6,_H2O,4.0,AAAC+5P-H2O,1354.154627,1354.1546,1355.1624519999998,1355.1625,AAAC+5P,1411.2250519999998,1427.1247639999997,1519.1680399999998
0,3,0,0,0,1,6,_H2O,4.0,AAAU+5P-H2O,1355.138643,1355.1386,1356.146468,1356.1465,AAAU+5P,1412.209068,1428.10878,1520.152056
0,0,1,1,2,0,6,_H2O,4.0,CGSS+5P-H2O,1356.049422,1356.0494,1357.057247,1357.0572,CGSS+5P,1413.119847,1429.0195589999998,1521.062835
0,1,0,0,3,0,6,_H2O,4.0,ASSS+5P-H2O,1357.01568,1357.0157,1358.023505,1358.0235,ASSS+5P,1414.0861049999999,1429.9858169999998,1522.0290929999999
0,0,0,1,2,1,6,_H2O,4.0,GSSU+5P-H2O,1357.033438,1357.0334,1358.0412629999998,1358.0413,GSSU+5P,1414.1038629999998,1430.0035749999997,1522.0468509999998
0,0,2,1,1,0,6,,4.0,CCGS+5P,1357.098814,1357.0988,1358.106639,1358.1066,CCGS+5P,1414.169239,1430.0689510000002,1522.112227
0,0,0,3,1,0,5,,4.0,GGGS+4P,1357.144777,1357.1448,1358.152602,1358.1526,GGGS+4P,1414.2152019999999,1430.1149139999998,1522.1581899999999
0,1,1,0,2,0,6,,4.0,ACSS+5P,1358.065072,1358.0651,1359.072897,1359.0729,ACSS+5P,1415.135497,1431.0352090000001,1523.078485
0,0,1,1,1,1,6,,4.0,CGSU+5P,1358.08283,1358.0828,1359.090655,1359.0907,CGSU+5P,1415.153255,1431.052967,1523.096243
0,1,0,0,2,1,6,,4.0,ASSU+5P,1359.049088,1359.0491,1360.056913,1360.0569,ASSU+5P,1416.1195129999999,1432.019225,1524.0625009999999
0,0,0,1,1,2,6,,4.0,GSUU+5P,1359.066846,1359.0668,1360.074671,1360.0747,GSUU+5P,1416.137271,1432.036983,1524.080259
0,0,2,2,0,0,6,_H2O,4.0,CCGG+5P-H2O,1362.133224,1362.1332,1363.1410489999998,1363.141,CCGG+5P,1419.2036489999998,1435.103361,1527.1466369999998
0,0,0,4,0,0,5,_H2O,4.0,GGGG+4P-H2O,1362.179187,1362.1792,1363.187012,1363.187,GGGG+4P,1419.249612,1435.149324,1527.1926
0,1,1,1,1,0,6,_H2O,4.0,ACGS+5P-H2O,1363.099482,1363.0995,1364.107307,1364.1073,ACGS+5P,1420.169907,1436.0696189999999,1528.112895
0,0,1,2,0,1,6,_H2O,4.0,CGGU+5P-H2O,1363.11724,1363.1172,1364.125065,1364.1251,CGGU+5P,1420.187665,1436.0873769999998,1528.130653
0,2,0,0,2,0,6,_H2O,4.0,AASS+5P-H2O,1364.06574,1364.0657,1365.073565,1365.0736,AASS+5P,1421.136165,1437.0358769999998,1529.079153
0,1,0,1,1,1,6,_H2O,4.0,AGSU+5P-H2O,1364.083498,1364.0835,1365.091323,1365.0913,AGSU+5P,1421.153923,1437.0536350000002,1529.096911
0,0,0,2,0,2,6,_H2O,4.0,GGUU+5P-H2O,1364.101256,1364.1013,1365.1090809999998,1365.1091,GGUU+5P,1421.1716809999998,1437.0713929999997,1529.1146689999998
0,1,2,1,0,0,6,,4.0,ACCG+5P,1364.148874,1364.1489,1365.156699,1365.1567,ACCG+5P,1421.2192989999999,1437.1190109999998,1529.1622869999999
0,1,0,3,0,0,5,,4.0,AGGG+4P,1364.194837,1364.1948,1365.202662,1365.2027,AGGG+4P,1421.265262,1437.1649739999998,1529.20825
0,2,1,0,1,0,6,,4.0,AACS+5P,1365.115132,1365.1151,1366.1229569999998,1366.123,AACS+5P,1422.1855569999998,1438.0852689999997,1530.1285449999998
0,1,1,1,0,1,6,,4.0,ACGU+5P,1365.13289,1365.1329,1366.140715,1366.1407,ACGU+5P,1422.203315,1438.103027,1530.146303
0,2,0,0,1,1,6,,4.0,AASU+5P,1366.099148,1366.0991,1367.106973,1367.107,AASU+5P,1423.169573,1439.069285,1531.112561
0,1,0,1,0,2,6,,4.0,AGUU+5P,1366.116906,1366.1169,1367.124731,1367.1247,AGUU+5P,1423.187331,1439.087043,1531.130319
0,0,0,0,4,0,6,,4.0,SSSS+5P,1367.976185,1367.9762,1368.98401,1368.984,SSSS+5P,1425.0466099999999,1440.9463219999998,1532.989598
0,2,1,1,0,0,6,_H2O,4.0,AACG+5P-H2O,1370.149542,1370.1495,1371.157367,1371.1574,AACG+5P,1427.219967,1443.119679,1535.162955
0,3,0,0,1,0,6,_H2O,4.0,AAAS+5P-H2O,1371.1158,1371.1158,1372.123625,1372.1236,AAAS+5P,1428.186225,1444.0859369999998,1536.129213
0,2,0,1,0,1,6,_H2O,4.0,AAGU+5P-H2O,1371.133558,1371.1336,1372.141383,1372.1414,AAGU+5P,1428.2039829999999,1444.1036949999998,1536.146971
0,3,1,0,0,0,6,,4.0,AAAC+5P,1372.165192,1372.1652,1373.1730169999998,1373.173,AAAC+5P,1429.2356169999998,1445.1353289999997,1537.1786049999998
0,0,0,1,3,0,6,_H2O,4.0,GSSS+5P-H2O,1373.010595,1373.0106,1374.01842,1374.0184,GSSS+5P,1430.08102,1445.980732,1538.024008
0,3,0,0,0,1,6,,4.0,AAAU+5P,1373.149208,1373.1492,1374.157033,1374.157,AAAU+5P,1430.219633,1446.119345,1538.162621
0,0,1,1,2,0,6,,4.0,CGSS+5P,1374.059987,1374.06,1375.067812,1375.0678,CGSS+5P,1431.130412,1447.030124,1539.0734
0,1,0,0,3,0,6,,4.0,ASSS+5P,1375.026245,1375.0262,1376.03407,1376.0341,ASSS+5P,1432.09667,1447.9963819999998,1540.039658
0,0,0,1,2,1,6,,4.0,GSSU+5P,1375.044003,1375.044,1376.051828,1376.0518,GSSU+5P,1432.1144279999999,1448.0141399999998,1540.0574159999999
0,4,0,0,0,0,6,_H2O,4.0,AAAA+5P-H2O,1378.16586,1378.1659,1379.173685,1379.1737,AAAA+5P,1435.236285,1451.1359969999999,1543.179273
0,0,1,2,1,0,6,_H2O,4.0,CGGS+5P-H2O,1379.094397,1379.0944,1380.102222,1380.1022,CGGS+5P,1436.164822,1452.064534,1544.10781
0,1,0,1,2,0,6,_H2O,4.0,AGSS+5P-H2O,1380.060655,1380.0607,1381.06848,1381.0685,AGSS+5P,1437.1310799999999,1453.030792,1545.074068
0,0,0,2,1,1,6,_H2O,4.0,GGSU+5P-H2O,1380.078413,1380.0784,1381.086238,1381.0862,GGSU+5P,1437.148838,1453.04855,1545.091826
0,0,2,2,0,0,6,,4.0,CCGG+5P,1380.143789,1380.1438,1381.151614,1381.1516,CCGG+5P,1437.214214,1453.113926,1545.157202
0,0,0,4,0,0,5,,4.0,GGGG+4P,1380.189752,1380.1898,1381.197577,1381.1976,GGGG+4P,1437.2601769999999,1453.159889,1545.203165
0,1,1,1,1,0,6,,4.0,ACGS+5P,1381.110047,1381.11,1382.1178719999998,1382.1179,ACGS+5P,1438.1804719999998,1454.080184,1546.1234599999998
0,0,1,2,0,1,6,,4.0,CGGU+5P,1381.127805,1381.1278,1382.13563,1382.1356,CGGU+5P,1438.19823,1454.0979419999999,1546.141218
0,2,0,0,2,0,6,,4.0,AASS+5P,1382.076305,1382.0763,1383.08413,1383.0841,AASS+5P,1439.14673,1455.0464419999998,1547.089718
0,1,0,1,1,1,6,,4.0,AGSU+5P,1382.094063,1382.0941,1383.101888,1383.1019,AGSU+5P,1439.164488,1455.0641999999998,1547.107476
0,0,0,2,0,2,6,,4.0,GGUU+5P,1382.111821,1382.1118,1383.119646,1383.1196,GGUU+5P,1439.182246,1455.0819580000002,1547.125234
0,1,1,2,0,0,6,_H2O,4.0,ACGG+5P-H2O,1386.144457,1386.1445,1387.152282,1387.1523,ACGG+5P,1443.214882,1459.1145940000001,1551.15787
0,2,0,1,1,0,6,_H2O,4.0,AAGS+5P-H2O,1387.110715,1387.1107,1388.11854,1388.1185,AAGS+5P,1444.18114,1460.080852,1552.124128
0,1,0,2,0,1,6,_H2O,4.0,AGGU+5P-H2O,1387.128473,1387.1285,1388.136298,1388.1363,AGGU+5P,1444.1988979999999,1460.09861,1552.1418859999999
0,2,1,1,0,0,6,,4.0,AACG+5P,1388.160107,1388.1601,1389.1679319999998,1389.1679,AACG+5P,1445.2305319999998,1461.130244,1553.1735199999998
0,3,0,0,1,0,6,,4.0,AAAS+5P,1389.126365,1389.1264,1390.13419,1390.1342,AAAS+5P,1446.19679,1462.0965019999999,1554.139778
0,2,0,1,0,1,6,,4.0,AAGU+5P,1389.144123,1389.1441,1390.151948,1390.1519,AAGU+5P,1446.214548,1462.1142599999998,1554.157536
0,0,0,1,3,0,6,,4.0,GSSS+5P,1391.02116,1391.0212,1392.028985,1392.029,GSSS+5P,1448.091585,1463.991297,1556.034573
0,3,0,1,0,0,6,_H2O,4.0,AAAG+5P-H2O,1394.160775,1394.1608,1395.1686,1395.1686,AAAG+5P,1451.2312,1467.130912,1559.174188
0,0,0,2,2,0,6,_H2O,4.0,GGSS+5P-H2O,1396.05557,1396.0556,1397.063395,1397.0634,GGSS+5P,1453.1259949999999,1469.0257069999998,1561.068983
0,4,0,0,0,0,6,,4.0,AAAA+5P,1396.176425,1396.1764,1397.18425,1397.1842,AAAA+5P,1453.24685,1469.146562,1561.189838
0,0,1,2,1,0,6,,4.0,CGGS+5P,1397.104962,1397.105,1398.1127869999998,1398.1128,CGGS+5P,1454.1753869999998,1470.0750989999997,1562.1183749999998
0,1,0,1,2,0,6,,4.0,AGSS+5P,1398.07122,1398.0712,1399.079045,1399.079,AGSS+5P,1455.141645,1471.041357,1563.084633
0,0,0,2,1,1,6,,4.0,GGSU+5P,1398.088978,1398.089,1399.096803,1399.0968,GGSU+5P,1455.1594029999999,1471.059115,1563.102391
0,0,1,3,0,0,6,_H2O,4.0,CGGG+5P-H2O,1402.139372,1402.1394,1403.147197,1403.1472,CGGG+5P,1459.209797,1475.109509,1567.152785
0,1,0,2,1,0,6,_H2O,4.0,AGGS+5P-H2O,1403.10563,1403.1056,1404.113455,1404.1135,AGGS+5P,1460.176055,1476.0757669999998,1568.119043
0,0,0,3,0,1,6,_H2O,4.0,GGGU+5P-H2O,1403.123388,1403.1234,1404.131213,1404.1312,GGGU+5P,1460.1938129999999,1476.0935249999998,1568.1368009999999
0,1,1,2,0,0,6,,4.0,ACGG+5P,1404.155022,1404.155,1405.1628469999998,1405.1628,ACGG+5P,1461.2254469999998,1477.1251589999997,1569.1684349999998
0,2,0,1,1,0,6,,4.0,AAGS+5P,1405.12128,1405.1213,1406.129105,1406.1291,AAGS+5P,1462.191705,1478.091417,1570.134693
0,1,0,2,0,1,6,,4.0,AGGU+5P,1405.139038,1405.139,1406.146863,1406.1469,AGGU+5P,1462.209463,1478.109175,1570.152451
0,2,0,2,0,0,6,_H2O,4.0,AAGG+5P-H2O,1410.15569,1410.1557,1411.163515,1411.1635,AAGG+5P,1467.226115,1483.1258269999998,1575.169103
0,3,0,1,0,0,6,,4.0,AAAG+5P,1412.17134,1412.1713,1413.179165,1413.1792,AAAG+5P,1469.241765,1485.1414770000001,1577.184753
0,0,0,2,2,0,6,,4.0,GGSS+5P,1414.066135,1414.0661,1415.07396,1415.074,GGSS+5P,1471.13656,1487.0362719999998,1579.079548
0,0,0,3,1,0,6,_H2O,4.0,GGGS+5P-H2O,1419.100545,1419.1005,1420.10837,1420.1084,GGGS+5P,1476.17097,1492.070682,1584.113958
0,0,1,3,0,0,6,,4.0,CGGG+5P,1420.149937,1420.1499,1421.1577619999998,1421.1578,CGGG+5P,1477.2203619999998,1493.120074,1585.1633499999998
0,1,0,2,1,0,6,,4.0,AGGS+5P,1421.116195,1421.1162,1422.12402,1422.124,AGGS+5P,1478.18662,1494.0863319999999,1586.129608
0,0,0,3,0,1,6,,4.0,GGGU+5P,1421.133953,1421.134,1422.141778,1422.1418,GGGU+5P,1478.204378,1494.1040899999998,1586.147366
0,1,0,3,0,0,6,_H2O,4.0,AGGG+5P-H2O,1426.150605,1426.1506,1427.15843,1427.1584,AGGG+5P,1483.22103,1499.120742,1591.164018
0,2,0,2,0,0,6,,4.0,AAGG+5P,1428.166255,1428.1663,1429.17408,1429.1741,AAGG+5P,1485.23668,1501.136392,1593.179668
0,0,0,3,1,0,6,,4.0,GGGS+5P,1437.11111,1437.1111,1438.118935,1438.1189,GGGS+5P,1494.181535,1510.081247,1602.124523
0,0,0,4,0,0,6,_H2O,4.0,GGGG+5P-H2O,1442.14552,1442.1455,1443.153345,1443.1533,GGGG+5P,1499.215945,1515.1156569999998,1607.158933
0,1,0,3,0,0,6,,4.0,AGGG+5P,1444.16117,1444.1612,1445.168995,1445.169,AGGG+5P,1501.231595,1517.131307,1609.174583
0,0,0,4,0,0,6,,4.0,GGGG+5P,1460.156085,1460.1561,1461.16391,1461.1639,GGGG+5P,1517.22651,1533.1262219999999,1625.169498
0,0,1,0,0,0,1,H2O,1.0,C+H2O,243.08552200000003,243.0855,244.093347,244.0933,C,258.108997,262.083925,285.094744
0,0,0,0,0,1,1,H2O,1.0,U+H2O,244.069538,244.0695,245.077363,245.0774,U,259.093013,263.067941,286.07876
0,0,0,0,1,0,1,H2O,1.0,S+H2O,260.04669499999994,260.0467,261.05452,261.0545,S,275.07017,279.04509800000005,302.055917
0,1,0,0,0,0,1,H2O,1.0,A+H2O,267.096755,267.0968,268.10458,268.1046,A,282.12023,286.09515799999997,309.105977
0,0,0,1,0,0,1,H2O,1.0,G+H2O,283.09167,283.0917,284.099495,284.0995,G,298.115145,302.09007299999996,325.100892
0,0,1,0,0,0,2,H2O,1.0,C+P+H2O,323.051855,323.0519,324.05968,324.0597,C+P,338.07533,342.050258,365.061077
0,0,0,0,0,1,2,H2O,1.0,U+P+H2O,324.035871,324.0359,325.043696,325.0437,U+P,339.059346,343.034274,366.045093
0,0,0,0,1,0,2,H2O,1.0,S+P+H2O,340.013028,340.013,341.02085300000005,341.0209,S+P,355.03650300000004,359.011431,382.02225000000004
0,1,0,0,0,0,2,H2O,1.0,A+P+H2O,347.06308799999994,347.0631,348.070913,348.0709,A+P,362.086563,366.06149100000005,389.07231
0,0,0,1,0,0,2,H2O,1.0,G+P+H2O,363.0580029999999,363.058,364.065828,364.0658,G+P,378.081478,382.05640600000004,405.067225
0,0,1,0,0,0,3,H2O,1.0,C+2P+H2O,403.018188,403.0182,404.026013,404.026,C+2P,418.04166299999997,422.01659099999995,445.02741
0,0,0,0,0,1,3,H2O,1.0,U+2P+H2O,404.002204,404.0022,405.010029,405.01,U+2P,419.02567899999997,423.00060699999995,446.011426
0,0,0,0,1,0,3,H2O,1.0,S+2P+H2O,419.979361,419.9794,420.987186,420.9872,S+2P,435.002836,438.977764,461.988583
0,1,0,0,0,0,3,H2O,1.0,A+2P+H2O,427.029421,427.0294,428.037246,428.0372,A+2P,442.052896,446.027824,469.038643
0,0,0,1,0,0,3,H2O,1.0,G+2P+H2O,443.024336,443.0243,444.032161,444.0322,G+2P,458.04781099999997,462.022739,485.03355799999997
0,0,2,0,0,0,2,H2O,2.0,CC+P+H2O,548.1268120000001,548.1268,549.1346370000001,549.1346,CC+P,577.1659370000001,585.1157930000002,631.1374310000001
0,0,1,0,0,1,2,H2O,2.0,CU+P+H2O,549.1108280000001,549.1108,550.1186530000001,550.1187,CU+P,578.1499530000001,586.099809,632.1214470000001
0,0,0,0,0,2,2,H2O,2.0,UU+P+H2O,550.0948440000001,550.0948,551.1026690000001,551.1027,UU+P,579.1339690000001,587.0838250000002,633.1054630000001
0,0,1,0,1,0,2,H2O,2.0,CS+P+H2O,565.087985,565.088,566.09581,566.0958,CS+P,594.12711,602.0769660000001,648.098604
0,0,0,0,1,1,2,H2O,2.0,SU+P+H2O,566.072001,566.072,567.079826,567.0798,SU+P,595.111126,603.060982,649.08262
0,1,1,0,0,0,2,H2O,2.0,AC+P+H2O,572.138045,572.138,573.1458700000001,573.1459,AC+P,601.17717,609.1270260000001,655.148664
0,1,0,0,0,1,2,H2O,2.0,AU+P+H2O,573.122061,573.1221,574.129886,574.1299,AU+P,602.161186,610.111042,656.13268
0,0,0,0,2,0,2,H2O,2.0,SS+P+H2O,582.049158,582.0492,583.0569830000001,583.057,SS+P,611.088283,619.038139,665.059777
0,0,1,1,0,0,2,H2O,2.0,CG+P+H2O,588.13296,588.133,589.140785,589.1408,CG+P,617.172085,625.1219410000001,671.143579
0,1,0,0,1,0,2,H2O,2.0,AS+P+H2O,589.0992180000001,589.0992,590.1070430000001,590.107,AS+P,618.1383430000001,626.088199,672.1098370000001
0,0,0,1,0,1,2,H2O,2.0,GU+P+H2O,589.116976,589.117,590.124801,590.1248,GU+P,618.156101,626.105957,672.127595
0,2,0,0,0,0,2,H2O,2.0,AA+P+H2O,596.1492780000001,596.1493,597.1571030000001,597.1571,AA+P,625.1884030000001,633.1382590000001,679.1598970000001
0,0,0,1,1,0,2,H2O,2.0,GS+P+H2O,605.094133,605.0941,606.1019580000001,606.102,GS+P,634.1332580000001,642.083114,688.1047520000001
0,1,0,1,0,0,2,H2O,2.0,AG+P+H2O,612.1441930000001,612.1442,613.1520180000001,613.152,AG+P,641.1833180000001,649.133174,695.1548120000001
0,0,2,0,0,0,3,H2O,2.0,CC+2P+H2O,628.093145,628.0931,629.1009700000001,629.101,CC+2P,657.1322700000001,665.082126,711.1037640000001
0,0,0,2,0,0,2,H2O,2.0,GG+P+H2O,628.1391080000001,628.1391,629.1469330000001,629.1469,GG+P,657.1782330000001,665.128089,711.1497270000001
0,0,1,0,0,1,3,H2O,2.0,CU+2P+H2O,629.077161,629.0772,630.0849860000001,630.085,CU+2P,658.1162860000001,666.0661420000001,712.0877800000001
0,0,0,0,0,2,3,H2O,2.0,UU+2P+H2O,630.061177,630.0612,631.0690020000001,631.069,UU+2P,659.100302,667.050158,713.0717960000001
0,0,1,0,1,0,3,H2O,2.0,CS+2P+H2O,645.0543180000001,645.0543,646.0621430000001,646.0621,CS+2P,674.0934430000001,682.0432990000002,728.0649370000001
0,0,0,0,1,1,3,H2O,2.0,SU+2P+H2O,646.0383340000001,646.0383,647.0461590000001,647.0462,SU+2P,675.0774590000001,683.027315,729.0489530000001
0,1,1,0,0,0,3,H2O,2.0,AC+2P+H2O,652.104378,652.1044,653.112203,653.1122,AC+2P,681.143503,689.093359,735.114997
0,1,0,0,0,1,3,H2O,2.0,AU+2P+H2O,653.088394,653.0884,654.096219,654.0962,AU+2P,682.127519,690.0773750000001,736.099013
0,0,0,0,2,0,3,H2O,2.0,SS+2P+H2O,662.015491,662.0155,663.023316,663.0233,SS+2P,691.054616,699.0044720000001,745.02611
0,0,1,1,0,0,3,H2O,2.0,CG+2P+H2O,668.099293,668.0993,669.107118,669.1071,CG+2P,697.138418,705.088274,751.109912
0,1,0,0,1,0,3,H2O,2.0,AS+2P+H2O,669.065551,669.0656,670.073376,670.0734,AS+2P,698.104676,706.0545320000001,752.07617
0,0,0,1,0,1,3,H2O,2.0,GU+2P+H2O,669.083309,669.0833,670.091134,670.0911,GU+2P,698.122434,706.0722900000001,752.093928
0,2,0,0,0,0,3,H2O,2.0,AA+2P+H2O,676.1156110000001,676.1156,677.1234360000001,677.1234,AA+2P,705.1547360000001,713.1045920000001,759.1262300000001
0,0,0,1,1,0,3,H2O,2.0,GS+2P+H2O,685.060466,685.0605,686.068291,686.0683,GS+2P,714.099591,722.0494470000001,768.071085
0,1,0,1,0,0,3,H2O,2.0,AG+2P+H2O,692.110526,692.1105,693.1183510000001,693.1184,AG+2P,721.1496510000001,729.0995070000001,775.1211450000001
0,0,2,0,0,0,4,H2O,2.0,CC+3P+H2O,708.059478,708.0595,709.067303,709.0673,CC+3P,737.098603,745.0484590000001,791.070097
0,0,0,2,0,0,3,H2O,2.0,GG+2P+H2O,708.105441,708.1054,709.1132660000001,709.1133,GG+2P,737.144566,745.0944220000001,791.1160600000001
0,0,1,0,0,1,4,H2O,2.0,CU+3P+H2O,709.043494,709.0435,710.051319,710.0513,CU+3P,738.082619,746.032475,792.054113
0,0,0,0,0,2,4,H2O,2.0,UU+3P+H2O,710.02751,710.0275,711.035335,711.0353,UU+3P,739.066635,747.0164910000001,793.038129
0,0,1,0,1,0,4,H2O,2.0,CS+3P+H2O,725.020651,725.0207,726.0284760000001,726.0285,CS+3P,754.059776,762.009632,808.0312700000001
0,0,0,0,1,1,4,H2O,2.0,SU+3P+H2O,726.004667,726.0047,727.0124920000001,727.0125,SU+3P,755.043792,762.9936480000001,809.0152860000001
0,1,1,0,0,0,4,H2O,2.0,AC+3P+H2O,732.0707110000001,732.0707,733.0785360000001,733.0785,AC+3P,761.1098360000001,769.059692,815.0813300000001
0,1,0,0,0,1,4,H2O,2.0,AU+3P+H2O,733.0547270000001,733.0547,734.0625520000001,734.0626,AU+3P,762.0938520000001,770.0437080000002,816.0653460000001
0,0,0,0,2,0,4,H2O,2.0,SS+3P+H2O,741.981824,741.9818,742.989649,742.9896,SS+3P,771.020949,778.9708049999999,824.992443
0,0,1,1,0,0,4,H2O,2.0,CG+3P+H2O,748.0656260000001,748.0656,749.0734510000001,749.0735,CG+3P,777.1047510000001,785.054607,831.0762450000001
0,1,0,0,1,0,4,H2O,2.0,AS+3P+H2O,749.031884,749.0319,750.039709,750.0397,AS+3P,778.071009,786.020865,832.042503
0,0,0,1,0,1,4,H2O,2.0,GU+3P+H2O,749.049642,749.0496,750.057467,750.0575,GU+3P,778.088767,786.0386229999999,832.060261
0,2,0,0,0,0,4,H2O,2.0,AA+3P+H2O,756.081944,756.0819,757.089769,757.0898,AA+3P,785.121069,793.070925,839.092563
0,0,0,1,1,0,4,H2O,2.0,GS+3P+H2O,765.026799,765.0268,766.034624,766.0346,GS+3P,794.065924,802.01578,848.037418
0,1,0,1,0,0,4,H2O,2.0,AG+3P+H2O,772.076859,772.0769,773.084684,773.0847,AG+3P,801.115984,809.06584,855.087478
0,0,0,2,0,0,4,H2O,2.0,GG+3P+H2O,788.071774,788.0718,789.079599,789.0796,GG+3P,817.110899,825.060755,871.082393
0,0,3,0,0,0,3,H2O,3.0,CCC+2P+H2O,853.1681020000001,853.1681,854.1759270000001,854.1759,CCC+2P,896.2228770000002,908.1476610000001,977.1801180000001
0,0,2,0,0,1,3,H2O,3.0,CCU+2P+H2O,854.152118,854.1521,855.159943,855.1599,CCU+2P,897.206893,909.131677,978.164134
0,0,1,0,0,2,3,H2O,3.0,CUU+2P+H2O,855.1361340000001,855.1361,856.1439590000001,856.144,CUU+2P,898.1909090000001,910.1156930000001,979.1481500000001
0,0,0,0,0,3,3,H2O,3.0,UUU+2P+H2O,856.12015,856.1202,857.127975,857.128,UUU+2P,899.174925,911.099709,980.132166
0,0,2,0,1,0,3,H2O,3.0,CCS+2P+H2O,870.129275,870.1293,871.1371,871.1371,CCS+2P,913.1840500000001,925.108834,994.141291
0,0,1,0,1,1,3,H2O,3.0,CSU+2P+H2O,871.1132910000001,871.1133,872.1211160000001,872.1211,CSU+2P,914.1680660000002,926.0928500000001,995.1253070000001
0,0,0,0,1,2,3,H2O,3.0,SUU+2P+H2O,872.097307,872.0973,873.105132,873.1051,SUU+2P,915.1520820000001,927.076866,996.109323
0,1,2,0,0,0,3,H2O,3.0,ACC+2P+H2O,877.179335,877.1793,878.1871600000001,878.1872,ACC+2P,920.2341100000001,932.158894,1001.191351
0,1,1,0,0,1,3,H2O,3.0,ACU+2P+H2O,878.1633510000001,878.1634,879.1711760000002,879.1712,ACU+2P,921.2181260000002,933.1429100000001,1002.1753670000002
0,1,0,0,0,2,3,H2O,3.0,AUU+2P+H2O,879.147367,879.1474,880.155192,880.1552,AUU+2P,922.2021420000001,934.126926,1003.159383
0,0,1,0,2,0,3,H2O,3.0,CSS+2P+H2O,887.0904480000002,887.0904,888.0982730000002,888.0983,CSS+2P,930.1452230000002,942.0700070000001,1011.1024640000002
0,0,0,0,2,1,3,H2O,3.0,SSU+2P+H2O,888.074464,888.0745,889.0822890000001,889.0823,SSU+2P,931.1292390000001,943.054023,1012.08648
0,0,2,1,0,0,3,H2O,3.0,CCG+2P+H2O,893.17425,893.1742,894.182075,894.1821,CCG+2P,936.2290250000001,948.153809,1017.186266
0,1,1,0,1,0,3,H2O,3.0,ACS+2P+H2O,894.140508,894.1405,895.148333,895.1483,ACS+2P,937.195283,949.120067,1018.152524
0,0,1,1,0,1,3,H2O,3.0,CGU+2P+H2O,894.1582660000001,894.1583,895.1660910000002,895.1661,CGU+2P,937.2130410000002,949.1378250000001,1018.1702820000002
0,1,0,0,1,1,3,H2O,3.0,ASU+2P+H2O,895.1245240000001,895.1245,896.1323490000001,896.1323,ASU+2P,938.1792990000001,950.1040830000001,1019.1365400000001
0,0,0,1,0,2,3,H2O,3.0,GUU+2P+H2O,895.142282,895.1423,896.150107,896.1501,GUU+2P,938.1970570000001,950.121841,1019.154298
0,2,1,0,0,0,3,H2O,3.0,AAC+2P+H2O,901.190568,901.1906,902.198393,902.1984,AAC+2P,944.245343,956.170127,1025.2025840000001
0,2,0,0,0,1,3,H2O,3.0,AAU+2P+H2O,902.174584,902.1746,903.182409,903.1824,AAU+2P,945.229359,957.154143,1026.1866
0,0,0,0,3,0,3,H2O,3.0,SSS+2P+H2O,904.051621,904.0516,905.059446,905.0594,SSS+2P,947.106396,959.03118,1028.063637
0,0,1,1,1,0,3,H2O,3.0,CGS+2P+H2O,910.135423,910.1354,911.143248,911.1432,CGS+2P,953.190198,965.1149819999999,1034.1474389999998
0,1,0,0,2,0,3,H2O,3.0,ASS+2P+H2O,911.101681,911.1017,912.109506,912.1095,ASS+2P,954.156456,966.08124,1035.113697
0,0,0,1,1,1,3,H2O,3.0,GSU+2P+H2O,911.119439,911.1194,912.127264,912.1273,GSU+2P,954.174214,966.0989979999999,1035.131455
0,1,1,1,0,0,3,H2O,3.0,ACG+2P+H2O,917.185483,917.1855,918.193308,918.1933,ACG+2P,960.240258,972.165042,1041.1974989999999
0,2,0,0,1,0,3,H2O,3.0,AAS+2P+H2O,918.151741,918.1517,919.1595660000002,919.1596,AAS+2P,961.2065160000002,973.1313000000001,1042.1637570000003
0,1,0,1,0,1,3,H2O,3.0,AGU+2P+H2O,918.169499,918.1695,919.177324,919.1773,AGU+2P,961.224274,973.149058,1042.181515
0,3,0,0,0,0,3,H2O,3.0,AAA+2P+H2O,925.201801,925.2018,926.209626,926.2096,AAA+2P,968.256576,980.1813599999999,1049.2138169999998
0,0,0,1,2,0,3,H2O,3.0,GSS+2P+H2O,927.096596,927.0966,928.104421,928.1044,GSS+2P,970.151371,982.076155,1051.108612
0,0,3,0,0,0,4,H2O,3.0,CCC+3P+H2O,933.134435,933.1344,934.14226,934.1423,CCC+3P,976.18921,988.1139939999999,1057.146451
0,0,1,2,0,0,3,H2O,3.0,CGG+2P+H2O,933.180398,933.1804,934.188223,934.1882,CGG+2P,976.235173,988.159957,1057.192414
0,0,2,0,0,1,4,H2O,3.0,CCU+3P+H2O,934.118451,934.1185,935.126276,935.1263,CCU+3P,977.173226,989.0980099999999,1058.130467
0,1,0,1,1,0,3,H2O,3.0,AGS+2P+H2O,934.146656,934.1467,935.154481,935.1545,AGS+2P,977.2014310000001,989.126215,1058.158672
0,0,0,2,0,1,3,H2O,3.0,GGU+2P+H2O,934.164414,934.1644,935.172239,935.1722,GGU+2P,977.219189,989.143973,1058.17643
0,0,1,0,0,2,4,H2O,3.0,CUU+3P+H2O,935.102467,935.1025,936.110292,936.1103,CUU+3P,978.157242,990.0820259999999,1059.1144829999998
0,0,0,0,0,3,4,H2O,3.0,UUU+3P+H2O,936.086483,936.0865,937.094308,937.0943,UUU+3P,979.141258,991.0660419999999,1060.098499
0,2,0,1,0,0,3,H2O,3.0,AAG+2P+H2O,941.1967160000002,941.1967,942.2045410000002,942.2045,AAG+2P,984.2514910000002,996.1762750000001,1065.208732
0,0,2,0,1,0,4,H2O,3.0,CCS+3P+H2O,950.095608,950.0956,951.103433,951.1034,CCS+3P,993.150383,1005.075167,1074.107624
0,0,0,2,1,0,3,H2O,3.0,GGS+2P+H2O,950.141571,950.1416,951.149396,951.1494,GGS+2P,993.1963460000001,1005.12113,1074.153587
0,0,1,0,1,1,4,H2O,3.0,CSU+3P+H2O,951.079624,951.0796,952.087449,952.0874,CSU+3P,994.134399,1006.059183,1075.09164
0,0,0,0,1,2,4,H2O,3.0,SUU+3P+H2O,952.06364,952.0636,953.071465,953.0715,SUU+3P,995.118415,1007.043199,1076.075656
0,1,2,0,0,0,4,H2O,3.0,ACC+3P+H2O,957.145668,957.1457,958.153493,958.1535,ACC+3P,1000.2004430000001,1012.125227,1081.157684
0,1,0,2,0,0,3,H2O,3.0,AGG+2P+H2O,957.191631,957.1916,958.1994560000002,958.1995,AGG+2P,1000.2464060000002,1012.1711900000001,1081.2036470000003
0,1,1,0,0,1,4,H2O,3.0,ACU+3P+H2O,958.129684,958.1297,959.137509,959.1375,ACU+3P,1001.1844590000001,1013.109243,1082.1417000000001
0,1,0,0,0,2,4,H2O,3.0,AUU+3P+H2O,959.1137,959.1137,960.121525,960.1215,AUU+3P,1002.1684750000001,1014.093259,1083.125716
0,0,1,0,2,0,4,H2O,3.0,CSS+3P+H2O,967.056781,967.0568,968.064606,968.0646,CSS+3P,1010.1115560000001,1022.03634,1091.068797
0,0,0,0,2,1,4,H2O,3.0,SSU+3P+H2O,968.040797,968.0408,969.048622,969.0486,SSU+3P,1011.0955720000001,1023.020356,1092.052813
0,0,2,1,0,0,4,H2O,3.0,CCG+3P+H2O,973.140583,973.1406,974.148408,974.1484,CCG+3P,1016.195358,1028.120142,1097.152599
0,0,0,3,0,0,3,H2O,3.0,GGG+2P+H2O,973.186546,973.1865,974.1943710000002,974.1944,GGG+2P,1016.2413210000002,1028.1661050000002,1097.198562
0,1,1,0,1,0,4,H2O,3.0,ACS+3P+H2O,974.106841,974.1068,975.114666,975.1147,ACS+3P,1017.1616160000001,1029.0864000000001,1098.118857
0,0,1,1,0,1,4,H2O,3.0,CGU+3P+H2O,974.124599,974.1246,975.132424,975.1324,CGU+3P,1017.179374,1029.104158,1098.136615
0,1,0,0,1,1,4,H2O,3.0,ASU+3P+H2O,975.090857,975.0909,976.0986820000002,976.0987,ASU+3P,1018.1456320000002,1030.0704160000003,1099.1028730000003
0,0,0,1,0,2,4,H2O,3.0,GUU+3P+H2O,975.108615,975.1086,976.11644,976.1164,GUU+3P,1018.16339,1030.088174,1099.120631
0,2,1,0,0,0,4,H2O,3.0,AAC+3P+H2O,981.156901,981.1569,982.164726,982.1647,AAC+3P,1024.211676,1036.13646,1105.168917
0,2,0,0,0,1,4,H2O,3.0,AAU+3P+H2O,982.140917,982.1409,983.148742,983.1487,AAU+3P,1025.195692,1037.120476,1106.1529329999998
0,0,0,0,3,0,4,H2O,3.0,SSS+3P+H2O,984.017954,984.018,985.0257790000002,985.0258,SSS+3P,1027.0727290000002,1038.9975130000003,1108.02997
0,0,1,1,1,0,4,H2O,3.0,CGS+3P+H2O,990.101756,990.1018,991.109581,991.1096,CGS+3P,1033.156531,1045.0813150000001,1114.1137720000002
0,1,0,0,2,0,4,H2O,3.0,ASS+3P+H2O,991.068014,991.068,992.075839,992.0758,ASS+3P,1034.122789,1046.047573,1115.08003
0,0,0,1,1,1,4,H2O,3.0,GSU+3P+H2O,991.085772,991.0858,992.0935970000002,992.0936,GSU+3P,1034.1405470000002,1046.0653310000002,1115.097788
0,1,1,1,0,0,4,H2O,3.0,ACG+3P+H2O,997.151816,997.1518,998.159641,998.1596,ACG+3P,1040.206591,1052.131375,1121.163832
0,2,0,0,1,0,4,H2O,3.0,AAS+3P+H2O,998.118074,998.1181,999.125899,999.1259,AAS+3P,1041.172849,1053.097633,1122.13009
0,1,0,1,0,1,4,H2O,3.0,AGU+3P+H2O,998.135832,998.1358,999.143657,999.1437,AGU+3P,1041.190607,1053.115391,1122.147848
0,3,0,0,0,0,4,H2O,3.0,AAA+3P+H2O,1005.168134,1005.1681,1006.175959,1006.176,AAA+3P,1048.222909,1060.1476930000001,1129.1801500000001
0,0,0,1,2,0,4,H2O,3.0,GSS+3P+H2O,1007.062929,1007.0629,1008.070754,1008.0708,GSS+3P,1050.117704,1062.042488,1131.0749449999998
0,0,3,0,0,0,5,H2O,3.0,CCC+4P+H2O,1013.100768,1013.1008,1014.108593,1014.1086,CCC+4P,1056.155543,1068.0803270000001,1137.112784
0,0,1,2,0,0,4,H2O,3.0,CGG+3P+H2O,1013.146731,1013.1467,1014.154556,1014.1546,CGG+3P,1056.2015059999999,1068.12629,1137.158747
0,0,2,0,0,1,5,H2O,3.0,CCU+4P+H2O,1014.084784,1014.0848,1015.0926090000002,1015.0926,CCU+4P,1057.1395590000002,1069.0643430000002,1138.0968000000003
0,1,0,1,1,0,4,H2O,3.0,AGS+3P+H2O,1014.112989,1014.113,1015.120814,1015.1208,AGS+3P,1057.167764,1069.092548,1138.1250049999999
0,0,0,2,0,1,4,H2O,3.0,GGU+3P+H2O,1014.130747,1014.1307,1015.138572,1015.1386,GGU+3P,1057.185522,1069.110306,1138.1427629999998
0,0,1,0,0,2,5,H2O,3.0,CUU+4P+H2O,1015.0688,1015.0688,1016.076625,1016.0766,CUU+4P,1058.123575,1070.0483590000001,1139.0808160000001
0,0,0,0,0,3,5,H2O,3.0,UUU+4P+H2O,1016.052816,1016.0528,1017.060641,1017.0606,UUU+4P,1059.107591,1071.032375,1140.064832
0,2,0,1,0,0,4,H2O,3.0,AAG+3P+H2O,1021.163049,1021.163,1022.170874,1022.1709,AAG+3P,1064.217824,1076.142608,1145.175065
0,0,2,0,1,0,5,H2O,3.0,CCS+4P+H2O,1030.061941,1030.0619,1031.0697659999998,1031.0698,CCS+4P,1073.1167159999998,1085.0414999999998,1154.0739569999998
0,0,0,2,1,0,4,H2O,3.0,GGS+3P+H2O,1030.107904,1030.1079,1031.115729,1031.1157,GGS+3P,1073.162679,1085.087463,1154.11992
0,0,1,0,1,1,5,H2O,3.0,CSU+4P+H2O,1031.045957,1031.046,1032.053782,1032.0538,CSU+4P,1074.1007319999999,1086.025516,1155.057973
0,0,0,0,1,2,5,H2O,3.0,SUU+4P+H2O,1032.0299730000002,1032.03,1033.037798,1033.0378,SUU+4P,1075.084748,1087.009532,1156.041989
0,1,2,0,0,0,5,H2O,3.0,ACC+4P+H2O,1037.112001,1037.112,1038.119826,1038.1198,ACC+4P,1080.166776,1092.09156,1161.124017
0,1,0,2,0,0,4,H2O,3.0,AGG+3P+H2O,1037.157964,1037.158,1038.165789,1038.1658,AGG+3P,1080.2127389999998,1092.1375229999999,1161.16998
0,1,1,0,0,1,5,H2O,3.0,ACU+4P+H2O,1038.096017,1038.096,1039.103842,1039.1038,ACU+4P,1081.150792,1093.075576,1162.108033
0,1,0,0,0,2,5,H2O,3.0,AUU+4P+H2O,1039.080033,1039.08,1040.087858,1040.0879,AUU+4P,1082.134808,1094.059592,1163.092049
0,0,1,0,2,0,5,H2O,3.0,CSS+4P+H2O,1047.023114,1047.0231,1048.030939,1048.0309,CSS+4P,1090.077889,1102.002673,1171.03513
0,0,0,0,2,1,5,H2O,3.0,SSU+4P+H2O,1048.00713,1048.0071,1049.014955,1049.015,SSU+4P,1091.061905,1102.986689,1172.019146
0,0,2,1,0,0,5,H2O,3.0,CCG+4P+H2O,1053.106916,1053.1069,1054.114741,1054.1147,CCG+4P,1096.161691,1108.086475,1177.118932
0,0,0,3,0,0,4,H2O,3.0,GGG+3P+H2O,1053.152879,1053.1529,1054.160704,1054.1607,GGG+3P,1096.2076539999998,1108.1324379999999,1177.164895
0,1,1,0,1,0,5,H2O,3.0,ACS+4P+H2O,1054.073174,1054.0732,1055.080999,1055.081,ACS+4P,1097.127949,1109.052733,1178.08519
0,0,1,1,0,1,5,H2O,3.0,CGU+4P+H2O,1054.090932,1054.0909,1055.098757,1055.0988,CGU+4P,1097.145707,1109.070491,1178.102948
0,1,0,0,1,1,5,H2O,3.0,ASU+4P+H2O,1055.05719,1055.0572,1056.065015,1056.065,ASU+4P,1098.1119649999998,1110.0367489999999,1179.069206
0,0,0,1,0,2,5,H2O,3.0,GUU+4P+H2O,1055.074948,1055.0749,1056.082773,1056.0828,GUU+4P,1098.129723,1110.054507,1179.086964
0,2,1,0,0,0,5,H2O,3.0,AAC+4P+H2O,1061.123234,1061.1232,1062.131059,1062.1311,AAC+4P,1104.178009,1116.102793,1185.13525
0,2,0,0,0,1,5,H2O,3.0,AAU+4P+H2O,1062.10725,1062.1072,1063.115075,1063.1151,AAU+4P,1105.1620249999999,1117.086809,1186.119266
0,0,0,0,3,0,5,H2O,3.0,SSS+4P+H2O,1063.984287,1063.9843,1064.992112,1064.9921,SSS+4P,1107.0390619999998,1118.9638459999999,1187.996303
0,0,1,1,1,0,5,H2O,3.0,CGS+4P+H2O,1070.068089,1070.0681,1071.075914,1071.0759,CGS+4P,1113.122864,1125.047648,1194.080105
0,1,0,0,2,0,5,H2O,3.0,ASS+4P+H2O,1071.034347,1071.0343,1072.042172,1072.0422,ASS+4P,1114.0891219999999,1126.013906,1195.046363
0,0,0,1,1,1,5,H2O,3.0,GSU+4P+H2O,1071.052105,1071.0521,1072.05993,1072.0599,GSU+4P,1114.1068799999998,1126.0316639999999,1195.064121
0,1,1,1,0,0,5,H2O,3.0,ACG+4P+H2O,1077.118149,1077.1181,1078.125974,1078.126,ACG+4P,1120.172924,1132.097708,1201.130165
0,2,0,0,1,0,5,H2O,3.0,AAS+4P+H2O,1078.084407,1078.0844,1079.092232,1079.0922,AAS+4P,1121.139182,1133.063966,1202.096423
0,1,0,1,0,1,5,H2O,3.0,AGU+4P+H2O,1078.102165,1078.1022,1079.10999,1079.11,AGU+4P,1121.1569399999998,1133.081724,1202.114181
0,3,0,0,0,0,5,H2O,3.0,AAA+4P+H2O,1085.134467,1085.1345,1086.142292,1086.1423,AAA+4P,1128.189242,1140.114026,1209.146483
0,0,0,1,2,0,5,H2O,3.0,GSS+4P+H2O,1087.029262,1087.0293,1088.037087,1088.0371,GSS+4P,1130.0840369999999,1142.008821,1211.041278
0,0,1,2,0,0,5,H2O,3.0,CGG+4P+H2O,1093.113064,1093.1131,1094.120889,1094.1209,CGG+4P,1136.167839,1148.092623,1217.12508
0,1,0,1,1,0,5,H2O,3.0,AGS+4P+H2O,1094.079322,1094.0793,1095.087147,1095.0871,AGS+4P,1137.1340969999999,1149.058881,1218.091338
0,0,0,2,0,1,5,H2O,3.0,GGU+4P+H2O,1094.09708,1094.0971,1095.104905,1095.1049,GGU+4P,1137.1518549999998,1149.076639,1218.109096
0,2,0,1,0,0,5,H2O,3.0,AAG+4P+H2O,1101.129382,1101.1294,1102.137207,1102.1372,AAG+4P,1144.184157,1156.108941,1225.141398
0,0,0,2,1,0,5,H2O,3.0,GGS+4P+H2O,1110.074237,1110.0742,1111.082062,1111.0821,GGS+4P,1153.1290119999999,1165.053796,1234.086253
0,1,0,2,0,0,5,H2O,3.0,AGG+4P+H2O,1117.124297,1117.1243,1118.132122,1118.1321,AGG+4P,1160.179072,1172.103856,1241.136313
0,0,0,3,0,0,5,H2O,3.0,GGG+4P+H2O,1133.119212,1133.1192,1134.127037,1134.127,GGG+4P,1176.173987,1188.098771,1257.131228
0,0,4,0,0,0,4,H2O,4.0,CCCC+3P+H2O,1158.209392,1158.2094,1159.217217,1159.2172,CCCC+3P,1215.2798169999999,1231.179529,1323.2228049999999
0,0,3,0,0,1,4,H2O,4.0,CCCU+3P+H2O,1159.193408,1159.1934,1160.201233,1160.2012,CCCU+3P,1216.263833,1232.1635449999999,1324.206821
0,0,2,0,0,2,4,H2O,4.0,CCUU+3P+H2O,1160.177424,1160.1774,1161.185249,1161.1852,CCUU+3P,1217.247849,1233.1475610000002,1325.190837
0,0,1,0,0,3,4,H2O,4.0,CUUU+3P+H2O,1161.16144,1161.1614,1162.169265,1162.1693,CUUU+3P,1218.231865,1234.131577,1326.174853
0,0,0,0,0,4,4,H2O,4.0,UUUU+3P+H2O,1162.145456,1162.1455,1163.153281,1163.1533,UUUU+3P,1219.215881,1235.115593,1327.158869
0,0,3,0,1,0,4,H2O,4.0,CCCS+3P+H2O,1175.170565,1175.1706,1176.17839,1176.1784,CCCS+3P,1232.24099,1248.1407020000001,1340.183978
0,0,2,0,1,1,4,H2O,4.0,CCSU+3P+H2O,1176.154581,1176.1546,1177.162406,1177.1624,CCSU+3P,1233.225006,1249.124718,1341.167994
0,0,1,0,1,2,4,H2O,4.0,CSUU+3P+H2O,1177.138597,1177.1386,1178.146422,1178.1464,CSUU+3P,1234.209022,1250.108734,1342.15201
0,0,0,0,1,3,4,H2O,4.0,SUUU+3P+H2O,1178.122613,1178.1226,1179.130438,1179.1304,SUUU+3P,1235.193038,1251.0927499999998,1343.136026
0,1,3,0,0,0,4,H2O,4.0,ACCC+3P+H2O,1182.2206250000002,1182.2206,1183.22845,1183.2284,ACCC+3P,1239.29105,1255.1907620000002,1347.234038
0,1,2,0,0,1,4,H2O,4.0,ACCU+3P+H2O,1183.204641,1183.2046,1184.212466,1184.2125,ACCU+3P,1240.275066,1256.174778,1348.218054
0,1,1,0,0,2,4,H2O,4.0,ACUU+3P+H2O,1184.188657,1184.1887,1185.196482,1185.1965,ACUU+3P,1241.259082,1257.158794,1349.20207
0,1,0,0,0,3,4,H2O,4.0,AUUU+3P+H2O,1185.172673,1185.1727,1186.180498,1186.1805,AUUU+3P,1242.243098,1258.1428099999998,1350.186086
0,0,2,0,2,0,4,H2O,4.0,CCSS+3P+H2O,1192.131738,1192.1317,1193.139563,1193.1396,CCSS+3P,1249.202163,1265.1018749999998,1357.145151
0,0,1,0,2,1,4,H2O,4.0,CSSU+3P+H2O,1193.1157540000002,1193.1158,1194.123579,1194.1236,CSSU+3P,1250.186179,1266.0858910000002,1358.129167
0,0,0,0,2,2,4,H2O,4.0,SSUU+3P+H2O,1194.09977,1194.0998,1195.107595,1195.1076,SSUU+3P,1251.170195,1267.069907,1359.113183
0,0,3,1,0,0,4,H2O,4.0,CCCG+3P+H2O,1198.21554,1198.2155,1199.223365,1199.2234,CCCG+3P,1255.285965,1271.185677,1363.228953
0,1,2,0,1,0,4,H2O,4.0,ACCS+3P+H2O,1199.181798,1199.1818,1200.189623,1200.1896,ACCS+3P,1256.252223,1272.1519349999999,1364.195211
0,0,2,1,0,1,4,H2O,4.0,CCGU+3P+H2O,1199.199556,1199.1996,1200.207381,1200.2074,CCGU+3P,1256.269981,1272.1696929999998,1364.212969
0,1,1,0,1,1,4,H2O,4.0,ACSU+3P+H2O,1200.165814,1200.1658,1201.173639,1201.1736,ACSU+3P,1257.236239,1273.1359510000002,1365.179227
0,0,1,1,0,2,4,H2O,4.0,CGUU+3P+H2O,1200.183572,1200.1836,1201.191397,1201.1914,CGUU+3P,1257.253997,1273.1537090000002,1365.196985
0,1,0,0,1,2,4,H2O,4.0,ASUU+3P+H2O,1201.14983,1201.1498,1202.157655,1202.1577,ASUU+3P,1258.220255,1274.119967,1366.163243
0,0,0,1,0,3,4,H2O,4.0,GUUU+3P+H2O,1201.167588,1201.1676,1202.175413,1202.1754,GUUU+3P,1258.238013,1274.137725,1366.181001
0,2,2,0,0,0,4,H2O,4.0,AACC+3P+H2O,1206.231858,1206.2319,1207.239683,1207.2397,AACC+3P,1263.302283,1279.201995,1371.245271
0,2,1,0,0,1,4,H2O,4.0,AACU+3P+H2O,1207.215874,1207.2159,1208.223699,1208.2237,AACU+3P,1264.2862989999999,1280.1860109999998,1372.2292869999999
0,2,0,0,0,2,4,H2O,4.0,AAUU+3P+H2O,1208.19989,1208.1999,1209.207715,1209.2077,AAUU+3P,1265.270315,1281.1700270000001,1373.213303
0,0,1,0,3,0,4,H2O,4.0,CSSS+3P+H2O,1209.092911,1209.0929,1210.100736,1210.1007,CSSS+3P,1266.163336,1282.063048,1374.106324
0,0,0,0,3,1,4,H2O,4.0,SSSU+3P+H2O,1210.076927,1210.0769,1211.084752,1211.0848,SSSU+3P,1267.147352,1283.0470639999999,1375.09034
0,0,2,1,1,0,4,H2O,4.0,CCGS+3P+H2O,1215.176713,1215.1767,1216.184538,1216.1845,CCGS+3P,1272.247138,1288.14685,1380.190126
0,1,1,0,2,0,4,H2O,4.0,ACSS+3P+H2O,1216.142971,1216.143,1217.150796,1217.1508,ACSS+3P,1273.2133959999999,1289.113108,1381.156384
0,0,1,1,1,1,4,H2O,4.0,CGSU+3P+H2O,1216.160729,1216.1607,1217.168554,1217.1686,CGSU+3P,1273.231154,1289.130866,1381.174142
0,1,0,0,2,1,4,H2O,4.0,ASSU+3P+H2O,1217.126987,1217.127,1218.134812,1218.1348,ASSU+3P,1274.197412,1290.097124,1382.1404
0,0,0,1,1,2,4,H2O,4.0,GSUU+3P+H2O,1217.144745,1217.1447,1218.15257,1218.1526,GSUU+3P,1274.21517,1290.1148819999999,1382.158158
0,1,2,1,0,0,4,H2O,4.0,ACCG+3P+H2O,1222.226773,1222.2268,1223.234598,1223.2346,ACCG+3P,1279.297198,1295.1969100000001,1387.240186
0,2,1,0,1,0,4,H2O,4.0,AACS+3P+H2O,1223.193031,1223.193,1224.200856,1224.2009,AACS+3P,1280.263456,1296.163168,1388.206444
0,1,1,1,0,1,4,H2O,4.0,ACGU+3P+H2O,1223.210789,1223.2108,1224.218614,1224.2186,ACGU+3P,1280.2812139999999,1296.180926,1388.2242019999999
0,2,0,0,1,1,4,H2O,4.0,AASU+3P+H2O,1224.177047,1224.177,1225.184872,1225.1849,AASU+3P,1281.247472,1297.147184,1389.19046
0,1,0,1,0,2,4,H2O,4.0,AGUU+3P+H2O,1224.194805,1224.1948,1225.20263,1225.2026,AGUU+3P,1281.26523,1297.1649419999999,1389.208218
0,0,0,0,4,0,4,H2O,4.0,SSSS+3P+H2O,1226.054084,1226.0541,1227.061909,1227.0619,SSSS+3P,1283.124509,1299.0242210000001,1391.067497
0,3,1,0,0,0,4,H2O,4.0,AAAC+3P+H2O,1230.243091,1230.2431,1231.250916,1231.2509,AAAC+3P,1287.313516,1303.213228,1395.256504
0,3,0,0,0,1,4,H2O,4.0,AAAU+3P+H2O,1231.227107,1231.2271,1232.2349319999998,1232.2349,AAAU+3P,1288.2975319999998,1304.197244,1396.2405199999998
0,0,1,1,2,0,4,H2O,4.0,CGSS+3P+H2O,1232.137886,1232.1379,1233.145711,1233.1457,CGSS+3P,1289.2083109999999,1305.1080229999998,1397.1512989999999
0,1,0,0,3,0,4,H2O,4.0,ASSS+3P+H2O,1233.104144,1233.1041,1234.111969,1234.112,ASSS+3P,1290.174569,1306.0742810000002,1398.117557
0,0,0,1,2,1,4,H2O,4.0,GSSU+3P+H2O,1233.121902,1233.1219,1234.129727,1234.1297,GSSU+3P,1290.192327,1306.092039,1398.135315
0,0,4,0,0,0,5,H2O,4.0,CCCC+4P+H2O,1238.175725,1238.1757,1239.18355,1239.1836,CCCC+4P,1295.24615,1311.1458619999999,1403.189138
0,0,2,2,0,0,4,H2O,4.0,CCGG+3P+H2O,1238.221688,1238.2217,1239.229513,1239.2295,CCGG+3P,1295.292113,1311.1918249999999,1403.235101
0,0,3,0,0,1,5,H2O,4.0,CCCU+4P+H2O,1239.159741,1239.1597,1240.167566,1240.1676,CCCU+4P,1296.230166,1312.1298780000002,1404.173154
0,1,1,1,1,0,4,H2O,4.0,ACGS+3P+H2O,1239.187946,1239.1879,1240.195771,1240.1958,ACGS+3P,1296.258371,1312.1580829999998,1404.201359
0,0,1,2,0,1,4,H2O,4.0,CGGU+3P+H2O,1239.205704,1239.2057,1240.213529,1240.2135,CGGU+3P,1296.276129,1312.1758410000002,1404.219117
0,0,2,0,0,2,5,H2O,4.0,CCUU+4P+H2O,1240.143757,1240.1438,1241.151582,1241.1516,CCUU+4P,1297.214182,1313.113894,1405.15717
0,2,0,0,2,0,4,H2O,4.0,AASS+3P+H2O,1240.154204,1240.1542,1241.1620289999998,1241.162,AASS+3P,1297.2246289999998,1313.1243409999997,1405.1676169999998
0,1,0,1,1,1,4,H2O,4.0,AGSU+3P+H2O,1240.171962,1240.172,1241.179787,1241.1798,AGSU+3P,1297.242387,1313.1420990000001,1405.185375
0,0,0,2,0,2,4,H2O,4.0,GGUU+3P+H2O,1240.18972,1240.1897,1241.197545,1241.1975,GGUU+3P,1297.260145,1313.159857,1405.203133
0,0,1,0,0,3,5,H2O,4.0,CUUU+4P+H2O,1241.127773,1241.1278,1242.1355979999998,1242.1356,CUUU+4P,1298.1981979999998,1314.09791,1406.1411859999998
0,0,0,0,0,4,5,H2O,4.0,UUUU+4P+H2O,1242.111789,1242.1118,1243.119614,1243.1196,UUUU+4P,1299.182214,1315.0819259999998,1407.125202
0,2,1,1,0,0,4,H2O,4.0,AACG+3P+H2O,1246.238006,1246.238,1247.245831,1247.2458,AACG+3P,1303.308431,1319.2081429999998,1411.251419
0,3,0,0,1,0,4,H2O,4.0,AAAS+3P+H2O,1247.204264,1247.2043,1248.212089,1248.2121,AAAS+3P,1304.274689,1320.1744010000002,1412.217677
0,2,0,1,0,1,4,H2O,4.0,AAGU+3P+H2O,1247.2220220000002,1247.222,1248.229847,1248.2298,AAGU+3P,1304.292447,1320.1921590000002,1412.235435
0,0,0,1,3,0,4,H2O,4.0,GSSS+3P+H2O,1249.099059,1249.0991,1250.106884,1250.1069,GSSS+3P,1306.169484,1322.069196,1414.112472
0,4,0,0,0,0,4,H2O,4.0,AAAA+3P+H2O,1254.254324,1254.2543,1255.262149,1255.2621,AAAA+3P,1311.3247489999999,1327.2244609999998,1419.267737
0,0,3,0,1,0,5,H2O,4.0,CCCS+4P+H2O,1255.136898,1255.1369,1256.144723,1256.1447,CCCS+4P,1312.207323,1328.107035,1420.150311
0,0,1,2,1,0,4,H2O,4.0,CGGS+3P+H2O,1255.182861,1255.1829,1256.190686,1256.1907,CGGS+3P,1312.253286,1328.152998,1420.196274
0,0,2,0,1,1,5,H2O,4.0,CCSU+4P+H2O,1256.120914,1256.1209,1257.128739,1257.1287,CCSU+4P,1313.191339,1329.0910509999999,1421.134327
0,1,0,1,2,0,4,H2O,4.0,AGSS+3P+H2O,1256.1491190000002,1256.1491,1257.156944,1257.1569,AGSS+3P,1313.219544,1329.119256,1421.162532
0,0,0,2,1,1,4,H2O,4.0,GGSU+3P+H2O,1256.166877,1256.1669,1257.174702,1257.1747,GGSU+3P,1313.237302,1329.137014,1421.18029
0,0,1,0,1,2,5,H2O,4.0,CSUU+4P+H2O,1257.10493,1257.1049,1258.112755,1258.1128,CSUU+4P,1314.175355,1330.0750670000002,1422.118343
0,0,0,0,1,3,5,H2O,4.0,SUUU+4P+H2O,1258.088946,1258.0889,1259.096771,1259.0968,SUUU+4P,1315.159371,1331.059083,1423.102359
0,1,3,0,0,0,5,H2O,4.0,ACCC+4P+H2O,1262.186958,1262.187,1263.194783,1263.1948,ACCC+4P,1319.257383,1335.157095,1427.200371
0,1,1,2,0,0,4,H2O,4.0,ACGG+3P+H2O,1262.232921,1262.2329,1263.240746,1263.2407,ACGG+3P,1319.303346,1335.203058,1427.246334
0,1,2,0,0,1,5,H2O,4.0,ACCU+4P+H2O,1263.170974,1263.171,1264.178799,1264.1788,ACCU+4P,1320.241399,1336.141111,1428.184387
0,2,0,1,1,0,4,H2O,4.0,AAGS+3P+H2O,1263.199179,1263.1992,1264.207004,1264.207,AAGS+3P,1320.269604,1336.169316,1428.212592
0,1,0,2,0,1,4,H2O,4.0,AGGU+3P+H2O,1263.216937,1263.2169,1264.224762,1264.2248,AGGU+3P,1320.287362,1336.187074,1428.23035
0,1,1,0,0,2,5,H2O,4.0,ACUU+4P+H2O,1264.15499,1264.155,1265.162815,1265.1628,ACUU+4P,1321.2254149999999,1337.1251269999998,1429.168403
0,1,0,0,0,3,5,H2O,4.0,AUUU+4P+H2O,1265.139006,1265.139,1266.146831,1266.1468,AUUU+4P,1322.209431,1338.1091430000001,1430.152419
0,3,0,1,0,0,4,H2O,4.0,AAAG+3P+H2O,1270.249239,1270.2492,1271.257064,1271.2571,AAAG+3P,1327.3196639999999,1343.219376,1435.262652
0,0,2,0,2,0,5,H2O,4.0,CCSS+4P+H2O,1272.098071,1272.0981,1273.105896,1273.1059,CCSS+4P,1329.168496,1345.0682080000001,1437.111484
0,0,0,2,2,0,4,H2O,4.0,GGSS+3P+H2O,1272.144034,1272.144,1273.151859,1273.1519,GGSS+3P,1329.214459,1345.1141710000002,1437.157447
0,0,1,0,2,1,5,H2O,4.0,CSSU+4P+H2O,1273.082087,1273.0821,1274.089912,1274.0899,CSSU+4P,1330.152512,1346.052224,1438.0955
0,0,0,0,2,2,5,H2O,4.0,SSUU+4P+H2O,1274.066103,1274.0661,1275.073928,1275.0739,SSUU+4P,1331.136528,1347.03624,1439.079516
0,0,3,1,0,0,5,H2O,4.0,CCCG+4P+H2O,1278.181873,1278.1819,1279.189698,1279.1897,CCCG+4P,1335.2522979999999,1351.1520099999998,1443.195286
0,0,1,3,0,0,4,H2O,4.0,CGGG+3P+H2O,1278.227836,1278.2278,1279.235661,1279.2357,CGGG+3P,1335.298261,1351.1979729999998,1443.241249
0,1,2,0,1,0,5,H2O,4.0,ACCS+4P+H2O,1279.148131,1279.1481,1280.155956,1280.156,ACCS+4P,1336.218556,1352.1182680000002,1444.161544
0,0,2,1,0,1,5,H2O,4.0,CCGU+4P+H2O,1279.165889,1279.1659,1280.173714,1280.1737,CCGU+4P,1336.236314,1352.1360260000001,1444.179302
0,1,0,2,1,0,4,H2O,4.0,AGGS+3P+H2O,1279.194094,1279.1941,1280.201919,1280.2019,AGGS+3P,1336.264519,1352.1642310000002,1444.207507
0,0,0,3,0,1,4,H2O,4.0,GGGU+3P+H2O,1279.211852,1279.2119,1280.219677,1280.2197,GGGU+3P,1336.282277,1352.1819890000002,1444.225265
0,1,1,0,1,1,5,H2O,4.0,ACSU+4P+H2O,1280.132147,1280.1321,1281.139972,1281.14,ACSU+4P,1337.202572,1353.102284,1445.14556
0,0,1,1,0,2,5,H2O,4.0,CGUU+4P+H2O,1280.149905,1280.1499,1281.15773,1281.1577,CGUU+4P,1337.2203299999999,1353.120042,1445.163318
0,1,0,0,1,2,5,H2O,4.0,ASUU+4P+H2O,1281.116163,1281.1162,1282.123988,1282.124,ASUU+4P,1338.186588,1354.0863,1446.129576
0,0,0,1,0,3,5,H2O,4.0,GUUU+4P+H2O,1281.133921,1281.1339,1282.141746,1282.1417,GUUU+4P,1338.204346,1354.104058,1446.147334
0,2,2,0,0,0,5,H2O,4.0,AACC+4P+H2O,1286.198191,1286.1982,1287.206016,1287.206,AACC+4P,1343.268616,1359.1683280000002,1451.211604
0,2,0,2,0,0,4,H2O,4.0,AAGG+3P+H2O,1286.244154,1286.2442,1287.251979,1287.252,AAGG+3P,1343.3145789999999,1359.2142909999998,1451.2575669999999
0,2,1,0,0,1,5,H2O,4.0,AACU+4P+H2O,1287.182207,1287.1822,1288.190032,1288.19,AACU+4P,1344.252632,1360.152344,1452.19562
0,2,0,0,0,2,5,H2O,4.0,AAUU+4P+H2O,1288.166223,1288.1662,1289.174048,1289.174,AAUU+4P,1345.236648,1361.13636,1453.179636
0,0,1,0,3,0,5,H2O,4.0,CSSS+4P+H2O,1289.059244,1289.0592,1290.067069,1290.0671,CSSS+4P,1346.129669,1362.0293809999998,1454.072657
0,0,0,0,3,1,5,H2O,4.0,SSSU+4P+H2O,1290.04326,1290.0433,1291.051085,1291.0511,SSSU+4P,1347.113685,1363.0133970000002,1455.056673
0,0,2,1,1,0,5,H2O,4.0,CCGS+4P+H2O,1295.143046,1295.143,1296.150871,1296.1509,CCGS+4P,1352.213471,1368.113183,1460.156459
0,0,0,3,1,0,4,H2O,4.0,GGGS+3P+H2O,1295.189009,1295.189,1296.196834,1296.1968,GGGS+3P,1352.259434,1368.159146,1460.202422
0,1,1,0,2,0,5,H2O,4.0,ACSS+4P+H2O,1296.109304,1296.1093,1297.117129,1297.1171,ACSS+4P,1353.179729,1369.0794409999999,1461.122717
0,0,1,1,1,1,5,H2O,4.0,CGSU+4P+H2O,1296.127062,1296.1271,1297.134887,1297.1349,CGSU+4P,1353.197487,1369.0971989999998,1461.140475
0,1,0,0,2,1,5,H2O,4.0,ASSU+4P+H2O,1297.09332,1297.0933,1298.101145,1298.1011,ASSU+4P,1354.163745,1370.0634570000002,1462.106733
0,0,0,1,1,2,5,H2O,4.0,GSUU+4P+H2O,1297.111078,1297.1111,1298.118903,1298.1189,GSUU+4P,1354.181503,1370.0812150000002,1462.124491
0,1,2,1,0,0,5,H2O,4.0,ACCG+4P+H2O,1302.193106,1302.1931,1303.200931,1303.2009,ACCG+4P,1359.263531,1375.163243,1467.206519
0,1,0,3,0,0,4,H2O,4.0,AGGG+3P+H2O,1302.239069,1302.2391,1303.246894,1303.2469,AGGG+3P,1359.309494,1375.209206,1467.252482
0,2,1,0,1,0,5,H2O,4.0,AACS+4P+H2O,1303.159364,1303.1594,1304.167189,1304.1672,AACS+4P,1360.229789,1376.129501,1468.172777
0,1,1,1,0,1,5,H2O,4.0,ACGU+4P+H2O,1303.177122,1303.1771,1304.184947,1304.1849,ACGU+4P,1360.247547,1376.1472589999998,1468.190535
0,2,0,0,1,1,5,H2O,4.0,AASU+4P+H2O,1304.14338,1304.1434,1305.151205,1305.1512,AASU+4P,1361.2138049999999,1377.1135169999998,1469.1567929999999
0,1,0,1,0,2,5,H2O,4.0,AGUU+4P+H2O,1304.161138,1304.1611,1305.1689629999998,1305.169,AGUU+4P,1361.2315629999998,1377.1312749999997,1469.1745509999998
0,0,0,0,4,0,5,H2O,4.0,SSSS+4P+H2O,1306.020417,1306.0204,1307.028242,1307.0282,SSSS+4P,1363.090842,1378.990554,1471.03383
0,3,1,0,0,0,5,H2O,4.0,AAAC+4P+H2O,1310.209424,1310.2094,1311.217249,1311.2172,AAAC+4P,1367.279849,1383.179561,1475.222837
0,3,0,0,0,1,5,H2O,4.0,AAAU+4P+H2O,1311.19344,1311.1934,1312.201265,1312.2013,AAAU+4P,1368.263865,1384.1635769999998,1476.206853
0,0,1,1,2,0,5,H2O,4.0,CGSS+4P+H2O,1312.104219,1312.1042,1313.112044,1313.112,CGSS+4P,1369.174644,1385.074356,1477.117632
0,1,0,0,3,0,5,H2O,4.0,ASSS+4P+H2O,1313.070477,1313.0705,1314.078302,1314.0783,ASSS+4P,1370.1409019999999,1386.040614,1478.0838899999999
0,0,0,1,2,1,5,H2O,4.0,GSSU+4P+H2O,1313.088235,1313.0882,1314.09606,1314.0961,GSSU+4P,1370.15866,1386.058372,1478.101648
0,0,4,0,0,0,6,H2O,4.0,CCCC+5P+H2O,1318.142058,1318.1421,1319.149883,1319.1499,CCCC+5P,1375.212483,1391.1121950000002,1483.155471
0,0,2,2,0,0,5,H2O,4.0,CCGG+4P+H2O,1318.188021,1318.188,1319.1958459999998,1319.1958,CCGG+4P,1375.2584459999998,1391.1581579999997,1483.2014339999998
0,0,0,4,0,0,4,H2O,4.0,GGGG+3P+H2O,1318.233984,1318.234,1319.241809,1319.2418,GGGG+3P,1375.304409,1391.2041210000002,1483.247397
0,0,3,0,0,1,6,H2O,4.0,CCCU+5P+H2O,1319.126074,1319.1261,1320.133899,1320.1339,CCCU+5P,1376.196499,1392.096211,1484.139487
0,1,1,1,1,0,5,H2O,4.0,ACGS+4P+H2O,1319.154279,1319.1543,1320.162104,1320.1621,ACGS+4P,1376.224704,1392.124416,1484.167692
0,0,1,2,0,1,5,H2O,4.0,CGGU+4P+H2O,1319.172037,1319.172,1320.179862,1320.1799,CGGU+4P,1376.242462,1392.142174,1484.18545
0,0,2,0,0,2,6,H2O,4.0,CCUU+5P+H2O,1320.11009,1320.1101,1321.117915,1321.1179,CCUU+5P,1377.180515,1393.080227,1485.123503
0,2,0,0,2,0,5,H2O,4.0,AASS+4P+H2O,1320.120537,1320.1205,1321.128362,1321.1284,AASS+4P,1377.190962,1393.090674,1485.13395
0,1,0,1,1,1,5,H2O,4.0,AGSU+4P+H2O,1320.138295,1320.1383,1321.14612,1321.1461,AGSU+4P,1377.20872,1393.108432,1485.151708
0,0,0,2,0,2,5,H2O,4.0,GGUU+4P+H2O,1320.156053,1320.1561,1321.1638779999998,1321.1639,GGUU+4P,1377.2264779999998,1393.12619,1485.1694659999998
0,0,1,0,0,3,6,H2O,4.0,CUUU+5P+H2O,1321.094106,1321.0941,1322.101931,1322.1019,CUUU+5P,1378.164531,1394.0642429999998,1486.107519
0,0,0,0,0,4,6,H2O,4.0,UUUU+5P+H2O,1322.078122,1322.0781,1323.085947,1323.0859,UUUU+5P,1379.148547,1395.0482590000001,1487.091535
0,2,1,1,0,0,5,H2O,4.0,AACG+4P+H2O,1326.204339,1326.2043,1327.212164,1327.2122,AACG+4P,1383.274764,1399.1744760000001,1491.217752
0,3,0,0,1,0,5,H2O,4.0,AAAS+4P+H2O,1327.170597,1327.1706,1328.178422,1328.1784,AAAS+4P,1384.241022,1400.140734,1492.18401
0,2,0,1,0,1,5,H2O,4.0,AAGU+4P+H2O,1327.188355,1327.1884,1328.19618,1328.1962,AAGU+4P,1384.25878,1400.158492,1492.201768
0,0,0,1,3,0,5,H2O,4.0,GSSS+4P+H2O,1329.065392,1329.0654,1330.073217,1330.0732,GSSS+4P,1386.135817,1402.0355290000002,1494.078805
0,4,0,0,0,0,5,H2O,4.0,AAAA+4P+H2O,1334.220657,1334.2207,1335.228482,1335.2285,AAAA+4P,1391.291082,1407.190794,1499.23407
0,0,3,0,1,0,6,H2O,4.0,CCCS+5P+H2O,1335.103231,1335.1032,1336.111056,1336.1111,CCCS+5P,1392.173656,1408.0733679999998,1500.116644
0,0,1,2,1,0,5,H2O,4.0,CGGS+4P+H2O,1335.149194,1335.1492,1336.157019,1336.157,CGGS+4P,1392.219619,1408.1193309999999,1500.162607
0,0,2,0,1,1,6,H2O,4.0,CCSU+5P+H2O,1336.087247,1336.0872,1337.0950719999998,1337.0951,CCSU+5P,1393.1576719999998,1409.0573839999997,1501.1006599999998
0,1,0,1,2,0,5,H2O,4.0,AGSS+4P+H2O,1336.115452,1336.1155,1337.123277,1337.1233,AGSS+4P,1393.185877,1409.0855889999998,1501.128865
0,0,0,2,1,1,5,H2O,4.0,GGSU+4P+H2O,1336.13321,1336.1332,1337.141035,1337.141,GGSU+4P,1393.203635,1409.1033470000002,1501.146623
0,0,1,0,1,2,6,H2O,4.0,CSUU+5P+H2O,1337.071263,1337.0713,1338.079088,1338.0791,CSUU+5P,1394.141688,1410.0414,1502.084676
0,0,0,0,1,3,6,H2O,4.0,SUUU+5P+H2O,1338.0552790000002,1338.0553,1339.063104,1339.0631,SUUU+5P,1395.125704,1411.025416,1503.068692
0,1,3,0,0,0,6,H2O,4.0,ACCC+5P+H2O,1342.153291,1342.1533,1343.161116,1343.1611,ACCC+5P,1399.223716,1415.1234279999999,1507.166704
0,1,1,2,0,0,5,H2O,4.0,ACGG+4P+H2O,1342.199254,1342.1993,1343.207079,1343.2071,ACGG+4P,1399.269679,1415.169391,1507.212667
0,1,2,0,0,1,6,H2O,4.0,ACCU+5P+H2O,1343.137307,1343.1373,1344.145132,1344.1451,ACCU+5P,1400.207732,1416.1074440000002,1508.15072
0,2,0,1,1,0,5,H2O,4.0,AAGS+4P+H2O,1343.165512,1343.1655,1344.173337,1344.1733,AAGS+4P,1400.235937,1416.1356489999998,1508.178925
0,1,0,2,0,1,5,H2O,4.0,AGGU+4P+H2O,1343.18327,1343.1833,1344.191095,1344.1911,AGGU+4P,1400.2536949999999,1416.1534069999998,1508.196683
0,1,1,0,0,2,6,H2O,4.0,ACUU+5P+H2O,1344.121323,1344.1213,1345.129148,1345.1291,ACUU+5P,1401.191748,1417.09146,1509.134736
0,1,0,0,0,3,6,H2O,4.0,AUUU+5P+H2O,1345.105339,1345.1053,1346.113164,1346.1132,AUUU+5P,1402.175764,1418.075476,1510.118752
0,3,0,1,0,0,5,H2O,4.0,AAAG+4P+H2O,1350.215572,1350.2156,1351.223397,1351.2234,AAAG+4P,1407.285997,1423.1857089999999,1515.228985
0,0,2,0,2,0,6,H2O,4.0,CCSS+5P+H2O,1352.064404,1352.0644,1353.072229,1353.0722,CCSS+5P,1409.134829,1425.034541,1517.077817
0,0,0,2,2,0,5,H2O,4.0,GGSS+4P+H2O,1352.110367,1352.1104,1353.118192,1353.1182,GGSS+4P,1409.1807919999999,1425.080504,1517.12378
0,0,1,0,2,1,6,H2O,4.0,CSSU+5P+H2O,1353.04842,1353.0484,1354.056245,1354.0562,CSSU+5P,1410.118845,1426.0185569999999,1518.061833
0,0,0,0,2,2,6,H2O,4.0,SSUU+5P+H2O,1354.032436,1354.0324,1355.040261,1355.0403,SSUU+5P,1411.102861,1427.0025730000002,1519.045849
0,0,3,1,0,0,6,H2O,4.0,CCCG+5P+H2O,1358.148206,1358.1482,1359.156031,1359.156,CCCG+5P,1415.218631,1431.118343,1523.161619
0,0,1,3,0,0,5,H2O,4.0,CGGG+4P+H2O,1358.194169,1358.1942,1359.201994,1359.202,CGGG+4P,1415.264594,1431.1643060000001,1523.207582
0,1,2,0,1,0,6,H2O,4.0,ACCS+5P+H2O,1359.114464,1359.1145,1360.122289,1360.1223,ACCS+5P,1416.1848889999999,1432.084601,1524.127877
0,0,2,1,0,1,6,H2O,4.0,CCGU+5P+H2O,1359.132222,1359.1322,1360.140047,1360.14,CCGU+5P,1416.202647,1432.102359,1524.145635
0,1,0,2,1,0,5,H2O,4.0,AGGS+4P+H2O,1359.160427,1359.1604,1360.168252,1360.1683,AGGS+4P,1416.230852,1432.130564,1524.17384
0,0,0,3,0,1,5,H2O,4.0,GGGU+4P+H2O,1359.178185,1359.1782,1360.18601,1360.186,GGGU+4P,1416.2486099999999,1432.148322,1524.1915979999999
0,1,1,0,1,1,6,H2O,4.0,ACSU+5P+H2O,1360.09848,1360.0985,1361.106305,1361.1063,ACSU+5P,1417.168905,1433.068617,1525.111893
0,0,1,1,0,2,6,H2O,4.0,CGUU+5P+H2O,1360.116238,1360.1162,1361.124063,1361.1241,CGUU+5P,1417.186663,1433.0863749999999,1525.129651
0,1,0,0,1,2,6,H2O,4.0,ASUU+5P+H2O,1361.082496,1361.0825,1362.090321,1362.0903,ASUU+5P,1418.1529209999999,1434.0526329999998,1526.095909
0,0,0,1,0,3,6,H2O,4.0,GUUU+5P+H2O,1361.100254,1361.1003,1362.108079,1362.1081,GUUU+5P,1418.170679,1434.0703910000002,1526.113667
0,2,2,0,0,0,6,H2O,4.0,AACC+5P+H2O,1366.164524,1366.1645,1367.172349,1367.1723,AACC+5P,1423.234949,1439.134661,1531.177937
0,2,0,2,0,0,5,H2O,4.0,AAGG+4P+H2O,1366.210487,1366.2105,1367.218312,1367.2183,AAGG+4P,1423.280912,1439.180624,1531.2239
0,2,1,0,0,1,6,H2O,4.0,AACU+5P+H2O,1367.14854,1367.1485,1368.156365,1368.1564,AACU+5P,1424.218965,1440.118677,1532.161953
0,2,0,0,0,2,6,H2O,4.0,AAUU+5P+H2O,1368.132556,1368.1326,1369.140381,1369.1404,AAUU+5P,1425.202981,1441.1026929999998,1533.145969
0,0,1,0,3,0,6,H2O,4.0,CSSS+5P+H2O,1369.025577,1369.0256,1370.033402,1370.0334,CSSS+5P,1426.096002,1441.9957140000001,1534.03899
0,0,0,0,3,1,6,H2O,4.0,SSSU+5P+H2O,1370.009593,1370.0096,1371.017418,1371.0174,SSSU+5P,1427.0800179999999,1442.97973,1535.023006
0,0,2,1,1,0,6,H2O,4.0,CCGS+5P+H2O,1375.109379,1375.1094,1376.117204,1376.1172,CCGS+5P,1432.1798039999999,1448.0795159999998,1540.122792
0,0,0,3,1,0,5,H2O,4.0,GGGS+4P+H2O,1375.155342,1375.1553,1376.163167,1376.1632,GGGS+4P,1432.225767,1448.1254789999998,1540.168755
0,1,1,0,2,0,6,H2O,4.0,ACSS+5P+H2O,1376.075637,1376.0756,1377.083462,1377.0835,ACSS+5P,1433.146062,1449.0457740000002,1541.08905
0,0,1,1,1,1,6,H2O,4.0,CGSU+5P+H2O,1376.093395,1376.0934,1377.10122,1377.1012,CGSU+5P,1433.16382,1449.0635320000001,1541.106808
0,1,0,0,2,1,6,H2O,4.0,ASSU+5P+H2O,1377.059653,1377.0597,1378.067478,1378.0675,ASSU+5P,1434.130078,1450.02979,1542.073066
0,0,0,1,1,2,6,H2O,4.0,GSUU+5P+H2O,1377.077411,1377.0774,1378.085236,1378.0852,GSUU+5P,1434.1478359999999,1450.047548,1542.0908239999999
0,1,2,1,0,0,6,H2O,4.0,ACCG+5P+H2O,1382.159439,1382.1594,1383.167264,1383.1673,ACCG+5P,1439.229864,1455.1295759999998,1547.172852
0,1,0,3,0,0,5,H2O,4.0,AGGG+4P+H2O,1382.205402,1382.2054,1383.213227,1383.2132,AGGG+4P,1439.275827,1455.1755389999998,1547.218815
0,2,1,0,1,0,6,H2O,4.0,AACS+5P+H2O,1383.125697,1383.1257,1384.133522,1384.1335,AACS+5P,1440.196122,1456.0958340000002,1548.13911
0,1,1,1,0,1,6,H2O,4.0,ACGU+5P+H2O,1383.143455,1383.1435,1384.15128,1384.1513,ACGU+5P,1440.21388,1456.1135920000002,1548.156868
0,2,0,0,1,1,6,H2O,4.0,AASU+5P+H2O,1384.109713,1384.1097,1385.117538,1385.1175,AASU+5P,1441.180138,1457.07985,1549.123126
0,1,0,1,0,2,6,H2O,4.0,AGUU+5P+H2O,1384.127471,1384.1275,1385.135296,1385.1353,AGUU+5P,1441.197896,1457.097608,1549.140884
0,0,0,0,4,0,6,H2O,4.0,SSSS+5P+H2O,1385.98675,1385.9868,1386.994575,1386.9946,SSSS+5P,1443.057175,1458.9568869999998,1551.000163
0,3,1,0,0,0,6,H2O,4.0,AAAC+5P+H2O,1390.175757,1390.1758,1391.183582,1391.1836,AAAC+5P,1447.2461819999999,1463.1458939999998,1555.1891699999999
0,3,0,0,0,1,6,H2O,4.0,AAAU+5P+H2O,1391.159773,1391.1598,1392.167598,1392.1676,AAAU+5P,1448.230198,1464.12991,1556.173186
0,0,1,1,2,0,6,H2O,4.0,CGSS+5P+H2O,1392.070552,1392.0706,1393.078377,1393.0784,CGSS+5P,1449.140977,1465.040689,1557.083965
0,1,0,0,3,0,6,H2O,4.0,ASSS+5P+H2O,1393.03681,1393.0368,1394.044635,1394.0446,ASSS+5P,1450.107235,1466.0069469999999,1558.050223
0,0,0,1,2,1,6,H2O,4.0,GSSU+5P+H2O,1393.054568,1393.0546,1394.062393,1394.0624,GSSU+5P,1450.124993,1466.0247049999998,1558.067981
0,0,2,2,0,0,6,H2O,4.0,CCGG+5P+H2O,1398.154354,1398.1544,1399.162179,1399.1622,CCGG+5P,1455.224779,1471.124491,1563.167767
0,0,0,4,0,0,5,H2O,4.0,GGGG+4P+H2O,1398.200317,1398.2003,1399.208142,1399.2081,GGGG+4P,1455.270742,1471.170454,1563.21373
0,1,1,1,1,0,6,H2O,4.0,ACGS+5P+H2O,1399.120612,1399.1206,1400.1284369999998,1400.1284,ACGS+5P,1456.1910369999998,1472.090749,1564.1340249999998
0,0,1,2,0,1,6,H2O,4.0,CGGU+5P+H2O,1399.13837,1399.1384,1400.146195,1400.1462,CGGU+5P,1456.208795,1472.108507,1564.151783
0,2,0,0,2,0,6,H2O,4.0,AASS+5P+H2O,1400.08687,1400.0869,1401.094695,1401.0947,AASS+5P,1457.157295,1473.0570069999999,1565.100283
0,1,0,1,1,1,6,H2O,4.0,AGSU+5P+H2O,1400.104628,1400.1046,1401.112453,1401.1125,AGSU+5P,1457.175053,1473.0747649999998,1565.118041
0,0,0,2,0,2,6,H2O,4.0,GGUU+5P+H2O,1400.122386,1400.1224,1401.130211,1401.1302,GGUU+5P,1457.192811,1473.0925229999998,1565.135799
0,2,1,1,0,0,6,H2O,4.0,AACG+5P+H2O,1406.170672,1406.1707,1407.178497,1407.1785,AACG+5P,1463.241097,1479.140809,1571.184085
0,3,0,0,1,0,6,H2O,4.0,AAAS+5P+H2O,1407.13693,1407.1369,1408.144755,1408.1448,AAAS+5P,1464.207355,1480.107067,1572.150343
0,2,0,1,0,1,6,H2O,4.0,AAGU+5P+H2O,1407.154688,1407.1547,1408.162513,1408.1625,AAGU+5P,1464.225113,1480.1248249999999,1572.168101
0,0,0,1,3,0,6,H2O,4.0,GSSS+5P+H2O,1409.031725,1409.0317,1410.03955,1410.0396,GSSS+5P,1466.10215,1482.001862,1574.045138
0,4,0,0,0,0,6,H2O,4.0,AAAA+5P+H2O,1414.1869900000002,1414.187,1415.194815,1415.1948,AAAA+5P,1471.257415,1487.157127,1579.200403
0,0,1,2,1,0,6,H2O,4.0,CGGS+5P+H2O,1415.115527,1415.1155,1416.1233519999998,1416.1234,CGGS+5P,1472.1859519999998,1488.0856639999997,1580.1289399999998
0,1,0,1,2,0,6,H2O,4.0,AGSS+5P+H2O,1416.081785,1416.0818,1417.08961,1417.0896,AGSS+5P,1473.15221,1489.051922,1581.095198
0,0,0,2,1,1,6,H2O,4.0,GGSU+5P+H2O,1416.099543,1416.0995,1417.107368,1417.1074,GGSU+5P,1473.169968,1489.06968,1581.112956
0,1,1,2,0,0,6,H2O,4.0,ACGG+5P+H2O,1422.165587,1422.1656,1423.173412,1423.1734,ACGG+5P,1479.236012,1495.1357240000002,1587.179
0,2,0,1,1,0,6,H2O,4.0,AAGS+5P+H2O,1423.131845,1423.1318,1424.13967,1424.1397,AAGS+5P,1480.20227,1496.1019820000001,1588.145258
0,1,0,2,0,1,6,H2O,4.0,AGGU+5P+H2O,1423.149603,1423.1496,1424.157428,1424.1574,AGGU+5P,1480.220028,1496.11974,1588.163016
0,3,0,1,0,0,6,H2O,4.0,AAAG+5P+H2O,1430.181905,1430.1819,1431.18973,1431.1897,AAAG+5P,1487.25233,1503.1520420000002,1595.195318
0,0,0,2,2,0,6,H2O,4.0,GGSS+5P+H2O,1432.0767,1432.0767,1433.084525,1433.0845,GGSS+5P,1489.147125,1505.0468369999999,1597.090113
0,0,1,3,0,0,6,H2O,4.0,CGGG+5P+H2O,1438.160502,1438.1605,1439.168327,1439.1683,CGGG+5P,1495.230927,1511.130639,1603.173915
0,1,0,2,1,0,6,H2O,4.0,AGGS+5P+H2O,1439.12676,1439.1268,1440.134585,1440.1346,AGGS+5P,1496.197185,1512.096897,1604.140173
0,0,0,3,0,1,6,H2O,4.0,GGGU+5P+H2O,1439.144518,1439.1445,1440.152343,1440.1523,GGGU+5P,1496.214943,1512.1146549999999,1604.157931
0,2,0,2,0,0,6,H2O,4.0,AAGG+5P+H2O,1446.17682,1446.1768,1447.184645,1447.1846,AAGG+5P,1503.247245,1519.146957,1611.190233
0,0,0,3,1,0,6,H2O,4.0,GGGS+5P+H2O,1455.121675,1455.1217,1456.1295,1456.1295,GGGS+5P,1512.1921,1528.0918120000001,1620.135088
0,1,0,3,0,0,6,H2O,4.0,AGGG+5P+H2O,1462.171735,1462.1717,1463.17956,1463.1796,AGGG+5P,1519.24216,1535.1418720000001,1627.185148
0,0,0,4,0,0,6,H2O,4.0,GGGG+5P+H2O,1478.16665,1478.1667,1479.174475,1479.1745,GGGG+5P,1535.237075,1551.136787,1643.180063
